,GroundTruth,GroundTruth_DB,FairDEN_v1_min_pts_11_wo_cat,FairDEN_v2_min_pts_11_wo_cat,FairDEN_v1_min_pts_13_wo_cat,FairDEN_v2_min_pts_13_wo_cat,FairDEN_v1_min_pts_15_wo_cat,FairDEN_v2_min_pts_15_wo_cat,FairDEN_v1_min_pts_10_wo_cat,FairDEN_v2_min_pts_10_wo_cat
0,0,0,0,0,0,1,1,0,1,0
1,0,0,0,0,0,1,1,0,1,0
2,0,0,1,1,1,0,0,1,0,1
3,1,0,0,0,1,0,1,0,1,0
4,1,0,0,0,0,1,1,0,1,0
5,0,0,1,1,1,0,0,1,0,1
6,0,0,0,0,0,1,1,0,1,0
7,0,0,0,0,0,1,1,0,1,0
8,0,0,0,0,0,1,1,0,1,0
9,1,0,1,1,1,0,0,1,0,1
10,0,0,0,0,0,1,1,0,1,0
11,0,0,0,0,0,1,1,0,1,0
12,0,0,0,0,0,1,1,0,1,0
13,1,0,0,0,0,1,1,0,1,0
14,0,0,1,1,1,0,0,1,0,1
15,0,0,1,1,1,0,0,1,0,1
16,0,0,0,0,0,1,1,0,1,0
17,0,0,0,0,0,1,1,0,1,0
18,0,0,0,0,0,1,1,0,1,0
19,1,0,0,0,0,1,1,0,1,0
20,0,0,0,0,0,1,1,0,1,0
21,0,0,1,1,1,0,0,1,0,1
22,0,0,1,1,1,0,0,1,0,1
23,0,0,0,0,0,1,1,0,1,0
24,1,0,0,0,0,1,1,0,1,0
25,0,-1,1,1,1,0,0,1,0,1
26,0,0,1,1,1,0,0,1,0,1
27,0,0,0,0,0,1,1,0,1,0
28,1,0,0,0,0,1,1,0,1,0
29,1,0,0,0,0,1,1,0,1,0
30,1,0,0,0,0,1,1,0,1,0
31,1,0,0,0,0,1,1,0,1,0
32,0,0,0,0,0,1,1,0,1,0
33,0,0,1,1,0,1,0,1,0,1
34,1,0,1,1,1,0,0,1,0,1
35,1,0,1,1,1,0,0,1,0,1
36,0,0,1,1,1,0,0,1,0,1
37,1,-1,1,1,1,0,0,1,0,1
38,0,0,1,1,1,0,0,1,0,1
39,0,0,1,1,1,0,1,0,0,1
40,0,0,1,1,1,0,0,1,0,1
41,1,0,0,0,0,1,1,0,1,0
42,0,0,0,0,0,1,1,0,1,0
43,0,0,0,0,0,1,1,0,1,0
44,0,0,0,0,0,1,1,0,1,0
45,1,0,1,1,1,0,0,1,0,1
46,0,0,1,1,1,0,1,0,0,1
47,0,0,1,1,1,0,0,1,0,1
48,0,0,1,1,1,0,0,1,0,1
49,0,0,1,1,1,0,0,1,0,1
50,0,0,0,0,0,1,1,0,1,0
51,0,0,0,0,0,1,1,0,1,0
52,1,0,1,1,1,0,0,1,0,1
53,0,0,0,0,0,1,1,0,1,0
54,1,0,0,0,0,1,1,0,1,0
55,0,0,0,0,0,1,1,0,1,0
56,1,0,0,0,0,1,1,0,1,0
57,0,0,1,1,1,0,0,1,0,1
58,1,0,0,0,0,1,1,0,1,0
59,1,0,0,0,0,1,1,0,1,0
60,0,0,0,0,0,1,1,0,1,0
61,0,0,0,0,0,1,1,0,1,0
62,0,0,0,0,0,1,1,0,1,0
63,0,0,0,0,0,1,1,0,1,0
64,1,0,0,0,0,1,1,0,1,0
65,0,0,1,1,1,0,0,1,0,1
66,0,0,1,0,1,0,0,1,0,1
67,0,0,1,1,1,0,0,1,0,1
68,1,0,1,1,1,0,0,1,0,1
69,0,0,0,0,0,1,0,1,1,0
70,0,0,0,0,0,1,1,0,1,0
71,1,0,1,1,1,0,0,1,0,1
72,0,0,1,1,1,0,0,1,0,1
73,0,0,1,1,1,0,0,1,0,1
74,0,0,0,0,0,1,1,0,1,0
75,0,0,0,0,0,1,1,0,1,0
76,1,0,0,0,0,1,1,0,1,0
77,0,0,1,1,1,0,0,1,0,1
78,0,0,0,0,0,1,1,0,1,0
79,0,0,0,0,0,1,1,0,1,0
80,1,0,0,0,0,1,1,0,1,0
81,0,0,0,0,0,1,1,0,1,0
82,0,0,0,0,0,1,1,0,1,0
83,0,0,1,1,1,0,0,1,0,1
84,0,0,0,0,0,1,1,0,1,0
85,0,0,0,0,0,1,1,0,1,0
86,0,0,1,1,1,0,0,1,0,1
87,0,0,0,0,0,1,1,0,1,0
88,0,0,0,0,0,1,1,0,1,0
89,0,0,1,1,1,0,0,1,0,1
90,0,0,0,0,1,0,0,1,0,1
91,0,0,0,0,0,1,1,0,1,0
92,0,0,0,0,0,1,1,0,1,0
93,0,0,0,0,0,1,1,0,1,0
94,0,0,1,1,1,0,0,1,0,1
95,0,0,0,0,0,1,1,0,1,0
96,0,0,0,0,0,1,1,0,1,0
97,0,0,1,1,1,0,0,1,0,1
98,0,0,1,1,1,0,0,1,0,1
99,0,0,0,0,0,1,1,0,1,0
100,0,0,0,0,0,1,1,0,1,0
101,0,0,0,0,0,1,1,0,1,0
102,0,0,1,1,1,0,1,0,0,1
103,0,0,1,1,1,0,0,1,0,1
104,0,0,1,1,1,0,0,1,0,1
105,0,0,0,0,0,1,1,0,1,0
106,0,0,0,0,0,1,1,0,1,0
107,0,0,1,1,1,0,0,1,0,1
108,0,0,0,0,0,1,1,0,1,0
109,0,0,0,0,0,1,1,0,1,0
110,0,0,0,0,0,1,1,0,1,0
111,0,0,0,0,0,1,1,0,1,0
112,0,0,0,0,0,1,1,0,1,0
113,0,0,0,0,0,1,1,0,1,0
114,0,0,0,0,0,1,1,0,1,0
115,0,0,0,0,0,1,1,0,1,0
116,0,0,0,0,0,1,1,0,1,0
117,0,0,0,0,0,1,1,0,1,0
118,0,0,0,0,0,1,1,0,1,0
119,0,0,1,1,1,0,0,1,0,1
120,1,0,0,0,0,1,1,0,1,0
121,0,0,0,0,0,1,1,0,1,0
122,0,0,1,1,1,0,0,1,0,1
123,1,0,1,1,1,0,0,1,0,1
124,1,0,0,0,0,1,1,0,1,0
125,0,0,0,0,0,1,1,0,1,0
126,0,0,0,0,0,1,1,0,1,0
127,0,0,0,0,0,1,1,0,1,0
128,1,0,0,0,0,1,1,0,1,0
129,0,-1,1,1,1,0,0,1,0,1
130,0,0,0,0,0,1,1,0,1,0
131,0,0,0,0,0,1,1,0,1,0
132,0,0,1,1,1,0,0,1,0,1
133,0,0,1,1,1,0,0,1,0,1
134,0,0,0,0,0,1,1,0,1,0
135,0,0,0,0,0,1,1,0,1,0
136,1,0,0,0,0,1,1,0,1,0
137,0,0,1,1,1,0,0,1,0,1
138,1,0,1,1,1,0,0,1,0,1
139,0,0,0,0,0,1,1,0,1,0
140,0,0,0,0,0,1,1,0,1,0
141,0,0,0,0,0,1,1,0,1,0
142,0,0,1,1,1,0,0,1,0,1
143,0,0,0,0,0,1,1,0,1,0
144,0,-1,1,1,1,0,0,1,0,1
145,0,0,0,0,0,1,1,0,1,0
146,0,0,1,1,1,0,0,1,0,1
147,0,0,0,0,0,1,1,0,1,0
148,0,0,1,1,1,0,0,1,0,1
149,0,0,0,0,0,1,1,0,1,0
150,0,0,1,1,1,0,0,1,0,1
151,0,0,0,0,0,1,1,0,1,0
152,1,0,0,0,0,1,1,0,1,0
153,0,0,0,0,0,1,1,0,1,0
154,0,0,1,1,1,0,0,1,0,1
155,0,0,0,0,0,1,1,0,1,0
156,1,0,0,0,0,1,1,0,1,0
157,0,0,0,0,0,1,1,0,1,0
158,1,0,0,0,0,1,1,0,1,0
159,1,0,0,0,0,1,1,0,1,0
160,0,0,0,0,0,1,1,0,1,0
161,0,0,0,0,0,1,1,0,1,0
162,0,0,0,0,0,1,1,0,1,0
163,0,0,0,0,0,1,1,0,1,0
164,0,0,1,1,1,0,0,1,0,1
165,0,0,1,1,1,0,0,1,0,1
166,1,0,0,0,0,1,1,0,1,0
167,0,0,0,0,0,1,1,0,1,0
168,0,0,0,0,0,1,1,0,1,0
169,0,0,0,0,0,1,1,0,1,0
170,0,0,0,0,0,1,1,0,1,0
171,0,0,0,0,0,1,1,0,1,0
172,1,0,1,0,0,1,1,0,0,1
173,0,0,0,0,0,1,1,0,1,0
174,0,0,0,0,0,1,1,0,1,0
175,0,0,1,1,1,0,0,1,0,1
176,0,0,0,0,0,1,1,0,1,0
177,0,0,1,1,1,0,0,1,0,1
178,0,0,0,0,0,1,1,0,1,0
179,0,0,0,0,0,1,1,0,1,0
180,0,0,1,1,1,0,0,1,0,1
181,0,0,0,0,0,1,1,0,1,0
182,0,0,0,0,0,1,1,0,1,0
183,0,0,0,0,1,1,0,1,1,0
184,1,0,1,1,1,0,0,1,0,1
185,0,0,0,0,0,1,1,0,1,0
186,0,0,1,1,1,0,0,1,0,1
187,0,0,0,0,0,1,1,0,1,0
188,1,0,0,0,0,1,1,0,1,0
189,0,0,0,0,0,1,1,0,1,0
190,0,0,0,0,0,1,1,0,1,0
191,0,0,1,1,1,0,0,1,0,1
192,0,0,1,1,1,0,0,1,0,1
193,0,0,0,0,0,1,1,0,1,0
194,0,0,0,0,0,1,1,0,1,0
195,0,0,0,0,0,1,1,0,1,0
196,0,0,1,1,1,0,1,1,0,1
197,0,0,1,1,1,0,0,1,0,1
198,0,0,0,0,0,1,1,0,1,0
199,0,0,0,0,0,1,1,0,1,0
200,1,0,1,1,1,0,0,1,0,1
201,0,0,0,0,0,1,1,0,1,0
202,0,0,1,0,0,1,1,0,0,1
203,1,0,0,0,0,1,1,0,1,0
204,0,0,0,0,0,1,1,0,1,0
205,0,0,0,0,0,1,1,0,1,0
206,0,0,0,0,0,1,1,0,1,0
207,0,0,0,0,0,1,1,0,1,0
208,1,0,0,0,0,1,1,0,1,0
209,1,0,1,1,1,0,0,1,0,1
210,1,0,1,1,1,0,0,1,0,1
211,0,0,0,0,0,1,1,0,1,0
212,1,0,0,0,0,1,1,0,1,0
213,0,0,0,0,0,1,1,0,1,0
214,0,0,0,0,0,1,1,0,1,0
215,0,0,0,0,0,1,1,0,1,0
216,0,0,0,0,0,1,1,0,1,0
217,0,0,0,0,0,1,1,0,1,0
218,0,0,0,0,0,1,1,0,1,0
219,0,0,1,1,1,0,0,1,0,1
220,1,0,0,0,0,1,1,0,1,0
221,0,0,0,0,0,1,1,0,1,0
222,1,0,0,0,0,1,1,0,1,0
223,0,0,0,0,0,1,1,0,1,0
224,0,0,0,0,0,1,1,0,1,0
225,1,0,1,1,1,0,0,1,0,1
226,0,0,0,0,0,1,1,0,1,0
227,1,0,0,0,0,1,1,0,1,0
228,0,0,1,1,1,0,0,1,0,1
229,0,0,0,0,0,1,1,0,1,0
230,0,0,0,0,0,1,1,0,1,0
231,1,0,1,1,1,0,0,1,0,1
232,1,-1,1,1,1,0,0,1,0,1
233,0,0,0,0,0,1,1,0,1,0
234,0,0,0,0,0,1,1,0,1,0
235,0,0,0,0,0,1,1,0,1,0
236,0,0,0,0,0,1,1,0,1,0
237,0,0,1,1,1,0,0,1,0,1
238,1,-1,1,1,1,0,0,1,0,1
239,0,0,1,1,1,0,0,1,0,1
240,0,-1,1,1,1,0,0,1,0,1
241,0,0,1,1,1,0,0,1,0,1
242,0,0,1,1,1,0,0,1,0,1
243,0,0,0,0,0,1,1,0,1,0
244,0,0,1,1,1,0,0,1,0,1
245,0,0,0,0,0,1,1,0,1,0
246,0,0,0,0,0,1,1,0,1,0
247,0,0,0,0,0,1,1,0,1,0
248,0,0,0,0,0,1,1,0,1,0
249,0,0,1,1,1,0,0,1,0,1
250,0,0,0,0,0,1,1,0,1,0
251,1,0,1,1,1,0,0,1,0,1
252,0,0,1,1,1,0,0,1,0,1
253,1,-1,1,1,1,0,0,1,0,1
254,1,0,1,1,1,0,0,1,0,1
255,0,0,0,0,0,1,1,0,1,0
256,0,0,0,0,1,0,0,1,1,0
257,0,0,0,0,0,1,1,0,1,0
258,0,0,0,0,0,1,1,0,1,0
259,0,0,0,0,0,1,1,0,1,0
260,1,0,1,1,1,0,0,1,0,1
261,0,0,0,0,0,1,1,0,1,0
262,0,0,1,1,1,0,0,1,0,1
263,0,0,1,1,1,0,0,1,0,1
264,1,0,0,0,0,1,1,0,1,0
265,0,-1,1,1,1,0,0,1,0,1
266,0,0,0,0,0,1,1,0,1,0
267,1,0,0,0,0,1,1,0,1,0
268,0,0,1,1,1,0,0,1,0,1
269,0,0,0,0,0,1,1,0,1,0
270,1,0,0,0,0,1,1,0,1,0
271,0,0,0,0,0,1,1,0,1,0
272,0,0,0,0,0,1,1,0,1,0
273,0,0,0,0,0,1,1,0,1,0
274,0,0,0,0,0,1,1,0,1,0
275,1,0,0,0,0,1,1,0,1,0
276,0,0,1,1,1,0,0,1,0,1
277,0,0,1,1,1,0,0,1,0,1
278,0,0,1,1,1,0,0,1,0,1
279,0,0,0,0,0,1,1,0,1,0
280,0,0,0,0,0,1,1,0,1,0
281,0,0,0,0,0,1,1,0,1,0
282,0,0,1,1,1,0,0,1,0,1
283,0,0,0,0,0,1,1,0,1,0
284,0,0,0,0,0,1,1,0,1,0
285,0,0,0,0,0,1,1,0,1,0
286,0,0,0,0,0,1,1,0,1,0
287,0,-1,1,1,1,0,0,1,0,1
288,0,0,1,1,1,0,0,1,0,1
289,0,0,0,0,0,1,1,0,1,0
290,1,0,0,0,1,0,0,1,1,0
291,1,0,1,1,1,0,0,1,0,1
292,0,0,0,0,0,1,1,0,1,0
293,0,0,1,1,1,0,0,1,0,1
294,0,0,1,1,1,0,0,1,0,1
295,0,0,0,0,0,1,1,0,1,0
296,0,0,1,1,1,0,0,1,0,1
297,1,0,0,0,0,1,1,0,1,0
298,0,0,1,1,1,0,0,1,0,1
299,0,0,0,0,0,1,1,0,1,0
300,0,0,1,1,1,0,0,1,0,1
301,0,0,1,1,1,0,0,1,0,1
302,0,0,1,1,1,0,0,1,0,1
303,0,0,0,0,0,1,1,0,1,0
304,0,0,0,0,0,1,1,0,1,0
305,1,0,1,1,1,0,0,1,0,1
306,1,0,1,1,1,0,0,1,0,1
307,0,0,0,0,0,1,1,0,1,0
308,0,0,0,0,0,1,1,0,1,0
309,0,0,1,1,1,0,0,1,0,1
310,0,0,1,1,0,1,1,0,0,1
311,0,0,0,0,0,1,1,0,1,0
312,1,0,1,0,0,1,1,0,0,1
313,1,-1,1,1,1,0,0,1,0,1
314,0,0,0,0,0,1,1,0,1,0
315,0,0,1,0,1,0,1,0,0,1
316,1,0,1,1,1,0,0,1,0,1
317,0,0,0,0,0,1,1,0,1,0
318,0,0,0,0,0,1,1,0,1,0
319,0,0,0,0,0,1,1,0,1,0
320,0,0,1,1,1,0,0,1,0,1
321,0,0,1,1,1,0,0,1,0,1
322,0,0,0,0,0,1,1,0,1,0
323,0,0,1,1,1,0,0,1,0,1
324,0,0,0,0,0,1,1,0,1,0
325,0,0,0,0,0,1,1,0,1,0
326,0,0,0,0,0,1,1,0,1,0
327,0,0,0,0,0,1,1,0,1,0
328,0,0,1,1,0,1,1,0,0,1
329,0,0,0,0,0,1,1,0,1,0
330,0,0,1,1,1,0,0,1,0,1
331,1,0,1,1,1,0,0,1,0,1
332,1,0,0,0,0,1,1,0,1,0
333,1,0,0,0,0,1,1,0,1,0
334,0,0,0,0,0,1,1,0,1,0
335,0,0,0,0,0,1,1,0,1,0
336,0,0,0,0,0,1,1,0,1,0
337,0,0,1,1,1,0,0,1,0,1
338,0,0,1,1,1,0,0,1,0,1
339,0,0,1,1,1,0,0,1,0,1
340,0,0,1,1,1,0,0,1,0,1
341,0,0,0,0,0,1,1,0,1,0
342,0,0,1,1,0,1,1,0,0,1
343,0,0,0,0,0,1,1,0,1,0
344,0,0,0,0,0,1,1,0,1,0
345,0,0,0,0,0,1,1,0,1,0
346,0,0,0,0,0,1,1,0,1,0
347,0,0,0,0,0,1,1,0,1,0
348,0,0,1,1,1,0,0,1,0,1
349,1,0,1,1,1,0,0,1,0,1
350,0,0,0,0,0,1,1,0,1,0
351,0,0,0,0,0,1,1,0,1,0
352,0,0,1,1,1,0,0,1,0,1
353,0,0,1,1,0,1,1,0,0,1
354,0,0,0,0,0,1,1,0,1,0
355,0,0,1,1,1,0,0,1,0,1
356,0,0,1,1,1,0,0,1,0,1
357,0,0,0,0,0,1,1,0,1,0
358,0,0,0,0,0,1,1,0,1,0
359,0,0,1,1,1,0,0,1,0,1
360,0,0,1,1,1,0,0,1,0,1
361,1,0,0,0,0,1,1,0,1,0
362,0,0,0,0,0,1,1,0,1,0
363,1,0,1,1,1,0,0,1,0,1
364,1,0,0,0,0,1,1,0,1,0
365,1,0,1,1,1,0,0,1,0,1
366,1,0,0,0,0,1,1,0,1,0
367,1,0,1,1,1,0,0,1,0,1
368,0,0,0,0,0,1,1,0,1,0
369,0,0,1,1,1,0,0,1,0,1
370,1,0,1,1,1,0,0,1,0,1
371,0,0,0,0,0,1,1,0,1,0
372,0,0,1,1,1,0,0,1,0,1
373,0,0,1,1,1,0,0,1,0,1
374,0,0,0,0,0,1,1,0,1,0
375,0,0,1,1,1,0,0,1,0,1
376,0,0,0,0,0,1,1,0,1,0
377,0,0,0,0,0,1,1,0,1,0
378,0,0,0,0,0,1,1,0,1,0
379,0,0,0,0,0,1,1,0,1,0
380,0,0,0,0,0,1,1,0,1,0
381,0,0,0,0,0,1,1,0,1,0
382,0,0,0,0,0,1,1,0,1,0
383,0,0,0,0,0,1,1,0,1,0
384,0,0,0,0,0,1,1,0,1,0
385,0,0,0,0,0,1,1,0,1,0
386,0,0,1,1,1,0,0,1,0,1
387,0,0,0,0,0,1,1,0,1,0
388,1,0,1,1,1,0,0,1,0,1
389,1,0,0,0,0,1,1,0,1,0
390,0,-1,1,1,1,0,0,1,0,1
391,0,0,0,0,0,1,1,0,1,0
392,1,0,1,0,1,0,0,1,0,1
393,0,0,0,0,0,1,1,0,1,0
394,1,0,0,0,0,1,1,0,1,0
395,0,0,0,0,0,1,1,0,1,0
396,0,0,1,1,1,0,0,1,0,1
397,0,0,0,0,0,1,1,0,1,0
398,0,0,0,0,0,1,1,0,1,0
399,0,0,0,0,0,1,1,0,1,0
400,1,0,1,1,1,0,0,1,0,1
401,1,0,1,1,1,0,0,1,0,1
402,0,0,0,0,0,1,1,0,1,0
403,0,0,0,0,0,1,1,0,1,0
404,0,0,0,0,0,1,1,0,1,0
405,1,0,1,1,1,0,0,1,0,1
406,0,0,0,0,0,1,1,0,1,0
407,1,0,1,1,1,0,0,1,0,1
408,1,0,1,1,1,0,0,1,0,1
409,0,0,0,0,0,1,1,0,1,0
410,0,0,0,0,0,1,1,0,1,0
411,0,0,0,0,0,1,1,0,1,0
412,1,0,1,1,1,0,0,1,0,1
413,0,0,0,0,0,1,1,0,1,0
414,0,0,1,1,1,0,0,1,0,1
415,0,0,0,0,0,1,1,0,1,0
416,1,-1,1,1,1,0,0,1,0,1
417,0,0,0,0,0,1,1,0,1,0
418,1,0,0,0,0,1,1,0,1,0
419,1,0,0,0,0,1,1,0,1,0
420,0,0,0,0,0,1,1,0,1,0
421,0,0,1,1,1,0,0,1,0,1
422,0,0,1,1,1,0,0,1,0,1
423,0,0,0,0,0,1,1,0,1,0
424,0,0,1,1,1,0,0,1,0,1
425,0,0,1,1,1,0,0,1,0,1
426,0,0,0,0,0,1,1,0,1,0
427,1,0,0,0,0,1,1,0,1,0
428,1,0,1,1,1,0,0,1,0,1
429,1,0,0,0,0,1,1,0,1,0
430,0,0,0,0,0,1,1,0,1,0
431,1,0,0,0,0,1,1,0,1,0
432,1,0,1,1,1,0,0,1,0,1
433,1,-1,1,1,1,0,0,1,0,1
434,1,0,1,1,1,0,0,1,0,1
435,1,0,1,1,1,0,0,1,0,1
436,0,0,0,0,0,1,1,0,1,0
437,0,0,0,0,0,1,1,0,1,0
438,0,0,0,0,0,1,1,0,1,0
439,0,0,0,0,1,0,0,1,1,0
440,0,0,0,0,0,1,1,0,1,0
441,0,0,0,0,0,1,1,0,1,0
442,0,0,1,1,1,0,0,1,0,1
443,0,0,1,1,1,0,0,1,0,1
444,1,-1,1,1,1,0,0,1,0,1
445,1,0,1,1,1,0,0,1,0,1
446,0,0,0,0,0,1,1,0,1,0
447,1,0,1,1,1,0,0,1,0,1
448,0,0,1,1,1,0,0,1,0,1
449,1,0,0,0,0,1,1,0,1,0
450,0,0,0,0,0,1,1,0,1,0
451,1,0,1,1,1,0,0,1,0,1
452,0,0,0,0,0,1,1,0,1,0
453,1,0,1,1,1,0,0,1,0,1
454,0,0,0,0,0,1,1,0,1,0
455,0,0,0,0,0,1,1,0,1,0
456,0,0,0,0,0,1,1,0,1,0
457,0,0,1,1,1,0,0,1,0,1
458,0,0,1,1,0,1,1,1,1,1
459,0,0,0,0,0,1,1,0,1,0
460,0,0,0,0,0,1,1,0,1,0
461,1,0,1,0,0,1,1,0,1,0
462,0,0,0,0,0,1,1,0,1,0
463,0,0,1,1,1,0,0,1,0,1
464,0,0,0,0,0,1,1,0,1,0
465,0,0,0,0,0,1,1,0,1,0
466,0,0,0,0,0,1,1,0,1,0
467,0,0,0,0,0,1,1,0,1,0
468,0,0,0,0,0,1,1,0,1,0
469,0,0,0,0,0,1,1,0,1,0
470,0,0,0,0,0,1,1,0,1,0
471,0,0,0,0,0,1,1,0,1,0
472,0,0,0,0,0,1,1,0,1,0
473,0,0,1,1,1,0,0,1,0,1
474,0,0,0,0,0,1,1,0,1,0
475,0,0,0,0,0,1,1,0,1,0
476,1,0,0,0,0,1,1,0,1,0
477,0,0,0,0,0,1,1,0,1,0
478,1,0,0,0,0,1,1,0,1,0
479,0,0,0,0,0,1,1,0,1,0
480,0,1,1,1,1,0,0,1,0,1
481,0,0,1,1,1,0,0,1,0,1
482,0,0,1,1,1,0,0,1,0,1
483,0,0,1,1,1,0,0,1,0,1
484,0,0,0,0,0,1,1,0,1,0
485,0,0,1,1,1,0,0,1,0,1
486,0,0,1,1,1,0,0,1,0,1
487,1,-1,1,1,1,0,0,1,0,1
488,0,0,0,0,0,1,1,0,1,0
489,0,0,0,0,0,1,1,0,1,0
490,1,0,0,0,0,1,1,0,1,0
491,0,0,0,0,0,1,1,0,1,0
492,0,0,0,0,0,1,1,0,1,0
493,0,0,1,1,1,0,0,1,0,1
494,0,0,1,1,1,0,0,1,0,1
495,0,0,0,0,0,1,1,0,1,0
496,0,0,1,1,1,0,1,0,0,1
497,1,0,0,0,0,1,1,0,1,0
498,0,0,0,0,0,1,1,0,1,0
499,0,0,0,0,0,1,1,0,1,0
500,0,0,0,0,0,1,1,0,1,0
501,1,0,1,1,1,0,0,1,0,1
502,0,0,0,0,0,1,1,0,1,0
503,0,0,0,0,0,1,1,0,1,0
504,0,0,0,0,0,1,1,0,1,0
505,0,0,1,1,1,0,0,1,0,1
506,0,0,0,0,0,1,1,0,1,0
507,1,0,0,0,0,1,1,0,1,0
508,1,0,1,1,1,0,0,1,0,1
509,0,0,0,0,0,1,1,0,1,0
510,0,0,0,0,0,1,1,0,1,0
511,0,0,0,0,0,1,1,0,1,0
512,0,0,0,0,0,1,1,0,1,0
513,0,0,1,0,0,1,1,0,0,1
514,1,0,0,0,0,1,1,0,1,0
515,0,0,0,0,0,1,1,0,1,0
516,0,0,0,0,0,1,1,0,1,0
517,0,0,0,0,0,1,1,0,1,0
518,0,0,0,0,0,1,1,0,1,0
519,0,0,1,1,1,0,0,1,0,1
520,0,0,0,0,0,1,1,0,1,0
521,0,0,0,0,1,0,1,0,1,0
522,0,0,0,0,0,1,1,0,1,0
523,0,0,1,1,1,0,0,1,0,1
524,0,0,0,0,0,1,1,0,1,0
525,0,0,1,1,1,0,0,1,0,1
526,0,0,1,0,0,1,1,0,0,1
527,0,0,0,0,0,1,1,0,1,0
528,0,0,0,0,0,1,1,0,1,0
529,0,0,0,0,0,1,1,0,1,0
530,1,0,0,0,0,1,1,0,1,0
531,0,0,0,0,0,1,1,0,1,0
532,1,0,0,0,0,1,1,0,1,0
533,0,0,0,0,0,1,1,0,1,0
534,0,0,0,0,0,1,1,0,1,0
535,0,0,0,0,0,1,1,0,1,0
536,0,0,0,0,0,1,1,0,1,0
537,0,0,1,1,1,0,0,1,0,1
538,0,0,0,0,0,1,1,0,1,0
539,0,0,0,0,0,1,1,0,1,0
540,0,0,0,0,0,1,1,0,1,0
541,1,0,0,0,0,1,1,0,1,0
542,0,0,1,1,1,0,0,1,1,0
543,0,0,0,0,0,1,1,0,1,0
544,0,0,0,0,0,1,1,0,1,0
545,0,0,0,0,0,1,1,0,1,0
546,0,0,0,0,0,1,1,0,1,0
547,1,0,1,1,1,0,0,1,0,1
548,0,0,0,0,0,1,1,0,1,0
549,0,0,0,0,0,1,1,0,1,0
550,0,0,0,0,0,1,1,0,1,0
551,1,0,1,1,1,0,0,1,0,1
552,0,0,0,0,0,1,1,0,1,0
553,0,0,0,0,0,1,1,0,1,0
554,1,0,0,0,0,1,1,0,1,0
555,0,0,1,1,1,0,0,1,0,1
556,0,0,0,0,0,1,1,0,1,0
557,0,0,0,0,0,1,1,0,1,0
558,0,0,1,1,1,0,0,1,0,1
559,0,0,0,0,0,1,1,0,1,0
560,0,0,0,0,0,1,1,0,1,0
561,0,0,0,0,0,1,1,0,1,0
562,0,0,1,1,1,0,0,1,0,1
563,0,0,1,1,1,0,0,1,0,1
564,0,0,0,0,0,1,1,0,1,0
565,0,0,0,0,0,1,1,0,1,0
566,0,0,0,0,0,1,1,0,1,0
567,0,0,0,0,0,1,1,0,1,0
568,0,0,1,1,1,0,0,1,0,1
569,0,0,0,0,0,1,1,0,1,0
570,0,0,0,0,0,1,1,0,1,0
571,0,0,0,0,0,1,1,0,1,0
572,0,0,1,1,1,0,0,1,0,1
573,1,0,0,0,0,1,1,0,1,0
574,1,0,0,0,0,1,1,0,1,0
575,0,0,0,0,0,1,1,0,1,0
576,0,0,0,0,0,1,1,0,1,0
577,0,0,0,0,0,1,1,0,1,0
578,0,0,0,0,0,1,1,0,1,0
579,0,0,0,0,0,1,1,0,1,0
580,0,0,0,0,0,1,1,0,1,0
581,0,0,0,0,0,1,1,0,1,0
582,1,-1,1,1,1,0,0,1,0,1
583,0,0,1,1,1,0,0,1,0,1
584,0,0,0,0,1,0,0,1,1,0
585,0,0,0,0,0,1,1,0,1,0
586,0,0,0,0,0,1,1,0,1,0
587,0,0,0,0,0,1,1,0,1,0
588,1,0,1,1,1,0,0,1,0,1
589,0,0,1,1,1,0,0,1,0,1
590,0,0,0,0,0,1,1,0,1,0
591,0,0,0,0,0,1,1,0,1,0
592,1,0,1,1,1,0,0,1,0,1
593,1,0,0,0,0,1,1,0,1,0
594,0,0,0,0,0,1,1,0,1,0
595,0,0,1,1,1,0,0,1,0,1
596,0,0,0,0,0,1,1,0,1,0
597,0,0,1,1,1,0,0,1,0,1
598,1,0,0,0,0,1,1,0,1,0
599,1,-1,1,1,1,0,0,1,0,1
600,0,0,0,0,0,1,1,0,1,0
601,0,0,0,0,0,1,1,0,1,0
602,0,0,0,0,0,1,1,0,1,0
603,0,0,0,0,0,1,1,0,1,0
604,1,0,0,0,0,1,1,0,1,0
605,1,0,0,0,0,1,1,0,1,0
606,0,0,0,0,0,1,1,0,1,0
607,0,0,0,0,0,1,1,0,1,0
608,1,0,1,1,1,0,0,1,0,1
609,0,0,0,0,0,1,1,0,1,0
610,0,0,1,1,1,0,0,1,0,1
611,1,0,0,0,0,1,1,0,1,0
612,0,0,0,0,0,1,1,0,1,0
613,0,0,1,1,1,0,0,1,0,1
614,0,0,0,0,0,1,1,0,1,0
615,1,0,0,0,0,1,1,0,1,0
616,1,0,1,1,1,0,0,1,0,1
617,0,0,0,0,0,1,1,0,1,0
618,0,0,1,1,1,0,0,1,0,1
619,0,0,0,0,0,1,1,0,1,0
620,0,0,0,0,0,1,1,0,1,0
621,0,0,1,1,1,0,0,1,0,1
622,1,0,0,0,0,1,1,0,1,0
623,0,0,0,0,0,1,1,0,1,0
624,1,0,0,0,0,1,1,0,1,0
625,0,0,0,0,0,1,1,0,1,0
626,0,0,1,1,1,0,0,1,0,1
627,0,0,1,1,1,0,0,1,0,1
628,1,0,1,1,1,0,0,1,0,1
629,0,0,0,0,0,1,1,0,1,0
630,0,0,1,1,1,0,0,1,0,1
631,0,0,1,1,1,0,0,1,0,1
632,1,0,0,0,0,1,1,0,1,0
633,0,0,0,0,0,1,1,0,1,0
634,0,0,0,0,0,1,1,0,1,0
635,1,0,0,0,0,1,1,0,1,0
636,0,0,0,0,0,1,1,0,1,0
637,1,0,1,1,1,0,0,1,0,1
638,0,0,0,0,0,1,1,0,1,0
639,1,0,1,1,1,0,0,1,0,1
640,0,0,0,0,0,1,1,0,1,0
641,1,0,1,1,1,0,0,1,0,1
642,0,0,1,1,1,0,0,1,0,1
643,1,0,0,0,0,1,1,0,1,0
644,0,0,0,0,0,1,1,0,1,0
645,0,0,0,0,0,1,1,0,1,0
646,1,0,1,1,1,0,0,1,0,1
647,0,0,0,0,0,1,1,0,1,0
648,0,0,0,0,0,1,1,0,1,0
649,0,0,1,1,1,0,1,0,0,1
650,0,0,1,1,1,0,1,0,0,1
651,0,0,0,0,1,0,0,1,1,0
652,0,0,1,1,1,0,0,1,0,1
653,1,0,0,0,0,1,1,0,1,0
654,0,0,1,1,1,0,0,1,0,1
655,1,0,1,0,1,0,0,1,1,0
656,0,0,0,0,0,1,1,0,1,0
657,0,0,1,1,1,0,0,1,0,1
658,1,0,1,1,1,0,0,1,0,1
659,0,0,1,1,1,0,0,1,0,1
660,0,0,0,0,0,1,1,0,1,0
661,0,0,0,0,0,1,1,0,1,0
662,0,0,1,1,1,0,0,1,0,1
663,0,0,0,0,0,1,1,0,1,0
664,0,0,0,0,0,1,1,0,1,0
665,0,0,1,1,1,0,0,1,0,1
666,0,0,1,1,1,0,0,1,0,1
667,0,0,1,1,1,0,0,1,0,1
668,0,0,0,0,0,1,1,0,1,0
669,1,0,0,0,0,1,1,0,1,0
670,0,-1,1,1,1,0,0,1,0,1
671,0,0,0,0,0,1,1,0,1,0
672,1,0,1,1,1,0,0,1,0,1
673,0,0,0,0,0,1,1,0,1,0
674,0,0,0,0,0,1,1,0,1,0
675,0,0,0,0,0,1,1,0,1,0
676,0,0,1,1,1,0,0,1,1,0
677,0,0,1,1,1,0,0,1,0,1
678,0,0,1,0,1,0,0,1,1,0
679,0,0,0,0,0,1,1,0,1,0
680,0,0,1,1,0,1,1,0,0,1
681,1,0,1,1,1,0,0,1,0,1
682,0,0,0,0,0,1,1,0,1,0
683,0,0,0,0,0,1,1,0,1,0
684,1,0,0,0,0,1,1,0,1,0
685,0,0,0,0,0,1,1,0,1,0
686,0,0,0,0,0,1,1,0,1,0
687,0,0,0,0,0,1,1,0,1,0
688,0,0,0,0,0,1,1,0,1,0
689,0,0,1,1,1,0,1,0,0,1
690,0,0,0,0,0,1,1,0,1,0
691,0,0,0,0,1,0,1,0,1,0
692,0,0,0,0,0,1,1,0,1,0
693,0,0,0,0,0,1,1,0,1,0
694,0,0,0,0,0,1,1,0,1,0
695,0,0,0,0,0,1,1,0,1,0
696,0,0,0,0,0,1,1,0,1,0
697,1,0,0,0,0,1,1,0,1,0
698,0,0,0,0,0,1,1,0,1,0
699,0,0,0,0,0,1,1,0,1,0
700,1,-1,1,1,1,0,0,1,0,1
701,0,0,0,0,0,1,1,0,1,0
702,0,0,0,0,0,1,1,0,1,0
703,0,0,1,0,0,1,1,0,1,0
704,0,0,1,1,1,0,0,1,0,1
705,0,0,1,1,1,0,0,1,0,1
706,0,0,0,0,0,1,1,0,1,0
707,1,0,1,1,1,0,0,1,0,1
708,0,0,0,0,0,1,1,0,1,0
709,0,0,1,0,1,1,0,0,0,0
710,0,0,1,0,1,0,0,1,1,0
711,1,0,0,0,0,1,1,0,1,0
712,1,0,0,0,0,1,1,0,1,0
713,1,0,1,1,1,0,0,1,0,1
714,0,0,0,0,0,1,1,0,1,0
715,1,0,1,1,1,0,0,1,0,1
716,0,0,1,1,1,0,0,1,0,1
717,1,0,0,0,0,1,1,0,1,0
718,0,0,0,0,0,1,1,0,1,0
719,0,0,0,0,0,1,1,0,1,0
720,0,0,0,0,0,1,1,0,1,0
721,0,0,0,0,0,1,1,0,1,0
722,0,0,1,1,0,1,0,1,0,0
723,0,0,0,0,0,1,1,0,1,0
724,0,0,0,0,0,1,1,0,1,0
725,1,0,0,0,0,1,1,0,1,0
726,0,0,0,0,0,1,1,0,1,0
727,0,0,0,0,0,1,1,0,1,0
728,0,0,0,0,0,1,1,0,1,0
729,1,0,0,0,0,1,1,0,1,0
730,0,0,0,0,0,1,1,0,1,0
731,0,0,0,0,0,1,1,0,1,0
732,0,0,0,0,0,1,1,0,1,0
733,0,0,0,0,0,1,1,0,1,0
734,0,0,0,0,0,1,1,0,1,0
735,0,0,1,1,0,1,1,0,0,1
736,0,-1,1,1,1,0,0,1,0,1
737,1,0,0,0,0,1,1,0,1,0
738,0,0,0,0,0,1,1,0,1,0
739,0,0,1,1,1,0,1,0,0,1
740,0,0,0,0,0,1,1,0,1,0
741,1,0,1,1,1,0,0,1,0,1
742,0,0,0,0,0,1,1,0,1,0
743,0,0,0,0,1,0,1,0,1,0
744,0,0,0,0,0,1,1,0,1,0
745,0,0,0,0,0,1,1,0,1,0
746,0,0,0,0,0,1,1,0,1,0
747,0,0,0,0,0,1,1,0,1,0
748,1,0,0,0,0,1,1,0,1,0
749,1,0,0,0,0,1,1,0,1,0
750,0,0,0,0,0,1,1,0,1,0
751,0,0,0,0,0,1,1,0,1,0
752,0,0,0,0,0,1,1,0,1,0
753,1,0,0,0,0,1,1,0,1,0
754,0,0,0,0,0,1,1,0,1,0
755,1,0,0,0,0,1,1,0,1,0
756,0,0,1,1,1,0,0,1,0,1
757,0,0,0,0,0,1,1,0,1,0
758,0,0,0,0,0,1,1,0,1,0
759,0,0,0,0,0,1,1,0,1,0
760,0,0,0,0,0,1,1,0,1,0
761,1,0,0,0,0,1,1,0,1,0
762,0,0,0,0,0,1,1,0,1,0
763,0,0,0,0,0,1,1,0,1,0
764,0,0,1,1,1,0,0,1,0,1
765,0,0,0,0,0,1,1,0,1,0
766,0,0,0,0,0,1,1,0,1,0
767,0,0,1,1,1,0,0,1,0,1
768,0,0,0,0,0,1,1,0,1,0
769,0,0,0,0,0,1,1,0,1,0
770,1,0,0,0,0,1,1,0,1,0
771,0,0,1,1,1,0,0,1,0,1
772,1,0,0,0,0,1,1,0,1,0
773,1,0,0,0,0,1,1,0,1,0
774,0,0,0,0,0,1,1,0,1,0
775,1,0,0,0,0,1,1,0,1,0
776,0,0,0,0,0,1,1,0,1,0
777,0,0,0,0,0,1,1,0,1,0
778,0,0,1,1,1,0,0,1,0,1
779,0,0,0,0,0,1,1,0,1,0
780,0,0,0,0,0,1,1,0,1,0
781,1,0,1,1,1,0,0,1,0,1
782,0,0,0,0,0,1,1,0,1,0
783,1,0,0,0,0,1,1,0,1,0
784,1,0,0,0,0,1,1,0,1,0
785,0,0,0,0,0,1,1,0,1,0
786,1,0,0,0,0,1,1,0,1,0
787,0,0,0,0,0,1,1,0,1,0
788,1,0,0,0,0,1,1,0,1,0
789,0,0,1,1,1,0,0,1,0,1
790,0,0,0,0,0,1,1,0,1,0
791,1,0,1,1,1,0,0,1,0,1
792,1,0,0,0,0,1,1,0,1,0
793,0,0,0,0,0,1,1,0,1,0
794,0,0,1,1,1,0,0,1,0,1
795,0,0,0,0,0,1,1,0,1,0
796,0,0,0,0,0,1,1,0,1,0
797,0,0,1,1,1,0,0,1,0,1
798,0,0,1,1,1,0,0,1,0,1
799,1,0,1,1,1,0,0,1,0,1
800,1,0,1,1,1,0,0,1,0,1
801,0,0,1,1,1,0,1,0,0,1
802,0,0,0,0,0,1,1,0,1,0
803,0,0,0,1,0,1,1,0,1,0
804,1,0,1,1,1,0,0,1,0,1
805,0,0,1,0,1,0,0,1,1,0
806,0,0,0,0,0,1,1,0,1,0
807,0,0,0,0,0,1,1,0,1,0
808,0,0,0,0,0,1,1,0,1,0
809,0,0,0,0,0,1,1,0,1,0
810,0,-1,1,1,1,0,0,1,0,1
811,1,0,0,0,0,1,1,0,1,0
812,1,0,1,1,1,0,0,1,0,1
813,0,0,0,0,0,1,1,0,1,0
814,0,0,0,0,0,1,1,0,1,0
815,1,0,0,0,0,1,1,0,1,0
816,0,0,0,0,0,1,1,0,1,0
817,0,0,0,0,0,1,1,0,1,0
818,0,0,1,1,1,0,0,1,0,1
819,1,0,1,1,1,0,0,1,0,1
820,0,0,0,0,0,1,1,0,1,0
821,0,0,0,0,0,1,1,0,1,0
822,1,0,0,0,0,1,1,0,1,0
823,0,0,1,1,1,0,0,1,0,1
824,0,0,0,0,0,1,1,0,1,0
825,1,-1,1,1,1,0,0,1,0,1
826,1,0,0,0,0,1,1,0,1,0
827,0,0,0,0,0,1,1,0,1,0
828,0,0,0,0,0,1,1,0,1,0
829,0,0,0,0,0,1,1,0,1,0
830,0,0,0,0,1,0,0,1,1,0
831,1,0,0,0,0,1,1,0,1,0
832,0,0,0,0,0,1,1,0,1,0
833,0,0,0,0,0,1,1,0,1,0
834,0,0,0,0,0,1,1,0,1,0
835,0,0,0,0,0,1,1,0,1,0
836,0,0,1,1,1,0,0,1,0,1
837,0,0,1,1,1,0,0,1,0,1
838,0,0,0,0,0,1,1,0,1,0
839,1,0,1,1,1,0,0,1,0,1
840,0,0,0,0,0,1,1,0,1,0
841,1,0,1,1,1,0,0,1,0,1
842,0,0,0,0,0,1,1,0,1,0
843,0,0,0,0,0,1,1,0,1,0
844,0,0,0,0,0,1,1,0,1,0
845,0,0,0,0,0,1,1,0,1,0
846,0,0,0,0,0,1,1,0,1,0
847,0,0,0,0,0,1,1,0,1,0
848,0,0,0,0,0,1,1,0,1,0
849,0,0,1,1,1,0,0,1,0,1
850,0,0,0,0,0,1,1,0,1,0
851,0,0,0,0,0,1,1,0,1,0
852,1,0,1,1,1,0,0,1,0,1
853,0,0,0,0,0,1,1,0,1,0
854,0,0,0,0,0,1,1,0,1,0
855,1,0,0,0,0,1,1,0,1,0
856,0,0,0,0,0,1,1,0,1,0
857,0,0,1,1,1,0,0,1,0,1
858,0,0,0,0,0,1,1,0,1,0
859,0,0,0,0,0,1,1,0,1,0
860,0,0,0,0,0,1,1,0,1,0
861,1,0,1,1,1,0,0,1,0,1
862,0,0,0,0,0,1,1,0,1,0
863,1,0,0,0,0,1,1,0,1,0
864,0,0,0,0,0,1,1,0,1,0
865,1,0,0,0,0,1,1,0,1,0
866,0,0,0,0,0,1,1,0,1,0
867,0,0,0,0,0,1,1,0,1,0
868,1,0,1,0,1,0,0,1,1,0
869,0,0,0,0,0,1,1,0,1,0
870,1,0,1,1,1,0,0,0,0,1
871,0,0,0,0,0,1,1,0,1,0
872,0,0,1,1,1,0,0,1,0,1
873,1,0,0,0,0,1,1,0,1,0
874,0,0,0,0,0,1,1,0,1,0
875,0,0,1,1,1,0,0,1,0,1
876,1,0,1,1,1,0,0,1,0,1
877,1,0,0,0,0,1,1,0,1,0
878,0,0,0,0,0,1,1,0,1,0
879,0,0,0,0,1,1,0,1,1,0
880,0,0,1,1,1,0,0,1,0,1
881,0,0,0,0,0,1,1,0,1,0
882,1,0,0,0,0,1,1,0,1,0
883,1,0,0,0,0,1,1,0,1,0
884,0,-1,1,1,1,0,0,1,0,1
885,0,0,0,0,0,1,1,0,1,0
886,0,0,0,0,0,1,1,0,1,0
887,1,0,0,0,0,1,1,0,1,0
888,0,0,1,1,1,0,1,1,0,1
889,0,0,0,0,0,1,1,0,1,0
890,0,0,0,0,0,1,1,0,1,0
891,1,0,0,0,0,1,1,0,1,0
892,0,0,0,0,0,1,1,0,1,0
893,1,0,0,0,0,1,1,0,1,0
894,1,0,0,0,0,1,1,0,1,0
895,1,0,1,1,1,0,0,1,0,1
896,0,0,0,0,0,1,1,0,1,0
897,1,0,0,0,0,1,1,0,1,0
898,0,0,0,0,0,1,1,0,1,0
899,1,0,0,0,0,1,1,0,1,0
900,0,0,1,1,1,0,0,1,0,1
901,0,0,0,0,0,1,1,0,1,0
902,0,0,0,0,0,1,1,0,1,0
903,1,0,1,1,1,0,0,1,0,1
904,0,0,0,0,0,1,1,0,1,0
905,0,0,0,0,0,1,1,0,1,0
906,1,-1,1,1,1,0,0,1,0,1
907,0,0,0,0,0,1,1,0,1,0
908,0,0,1,1,1,0,0,1,0,1
909,0,0,0,0,0,1,1,0,1,0
910,1,0,0,0,0,1,1,0,1,0
911,0,0,0,0,0,1,1,0,1,0
912,0,0,0,0,0,1,1,0,1,0
913,0,0,1,1,1,0,0,1,0,1
914,0,0,0,0,0,1,1,0,1,0
915,0,0,0,0,0,1,1,0,1,0
916,0,0,0,0,0,1,1,0,1,0
917,0,0,0,0,0,1,1,0,1,0
918,0,0,0,0,0,1,1,0,1,0
919,1,-1,1,1,1,0,0,1,0,1
920,1,0,0,0,0,1,1,0,1,0
921,0,0,0,0,0,1,1,0,1,0
922,0,0,0,0,0,1,1,0,1,0
923,0,0,0,0,0,1,1,0,1,0
924,0,0,0,0,0,1,1,0,1,0
925,1,0,0,0,0,1,1,0,1,0
926,0,-1,1,1,1,0,0,1,0,1
927,0,0,0,0,0,1,1,0,1,0
928,0,0,0,0,0,1,1,0,1,0
929,0,0,1,1,1,0,0,1,0,1
930,0,0,0,0,0,1,1,0,1,0
931,1,0,0,0,0,1,1,0,1,0
932,1,0,0,0,0,1,1,0,1,0
933,0,0,0,0,0,1,1,0,1,0
934,0,0,1,1,1,0,0,1,1,0
935,1,0,0,0,0,1,1,0,1,0
936,0,0,1,1,1,0,0,1,0,1
937,1,0,0,0,0,1,1,0,1,0
938,0,0,0,0,0,1,1,0,1,0
939,0,0,1,1,1,1,0,1,0,1
940,0,0,1,1,1,0,0,1,1,1
941,0,0,0,0,0,1,1,0,1,0
942,1,0,0,0,0,1,1,0,1,0
943,0,0,1,1,1,0,0,1,0,1
944,0,0,1,1,1,0,0,1,0,1
945,0,0,1,1,1,0,0,1,0,1
946,0,0,1,1,1,0,0,1,0,1
947,1,0,1,1,1,0,0,1,0,1
948,0,0,0,0,0,1,1,0,1,0
949,0,0,0,0,0,1,1,0,1,0
950,1,0,0,0,0,1,1,0,1,0
951,0,0,0,0,0,1,1,0,1,0
952,0,0,0,0,0,1,1,0,1,0
953,0,0,0,0,0,1,1,0,0,1
954,0,0,0,0,0,1,1,0,1,0
955,0,0,0,0,0,1,1,0,1,0
956,0,0,0,0,0,1,1,0,1,0
957,0,0,0,0,0,1,1,0,1,0
958,0,0,0,0,0,1,1,0,1,0
959,0,0,0,0,0,1,1,0,1,0
960,1,0,1,1,0,1,1,0,0,1
961,0,0,0,0,0,1,1,0,1,0
962,0,0,0,0,0,1,1,0,1,0
963,0,0,0,0,0,1,1,0,1,0
964,1,0,0,0,0,1,1,0,1,0
965,0,0,0,0,0,1,1,0,1,0
966,0,0,0,0,0,1,1,0,1,0
967,0,0,1,1,1,0,0,1,0,1
968,0,0,1,1,1,0,0,1,0,1
969,0,0,1,1,1,0,0,1,0,1
970,0,0,1,1,1,0,0,1,0,1
971,1,0,0,0,0,1,1,0,1,0
972,0,0,0,0,0,1,1,0,1,0
973,0,0,0,0,0,1,1,0,1,0
974,1,0,1,1,1,0,0,1,0,1
975,0,-1,1,1,1,0,0,1,0,1
976,0,0,0,0,0,1,1,0,1,0
977,0,0,1,1,1,0,0,1,0,1
978,0,0,0,0,0,1,1,0,1,0
979,0,0,1,1,0,1,1,0,0,1
980,0,0,0,0,0,1,1,0,1,0
981,1,0,0,0,0,1,1,0,1,0
982,1,0,0,0,0,1,1,0,1,0
983,0,0,0,0,0,1,1,0,1,0
984,0,0,0,0,0,1,1,0,1,0
985,0,0,0,0,0,1,1,0,1,0
986,0,0,0,0,0,1,1,0,1,0
987,0,0,1,1,1,0,0,1,0,1
988,1,0,0,0,0,1,1,0,1,0
989,0,0,1,1,1,0,0,1,0,1
990,0,0,0,0,0,1,1,0,1,0
991,0,0,1,1,1,0,1,1,1,0
992,0,0,0,0,0,1,1,0,1,0
993,0,0,1,0,0,1,1,0,0,1
994,0,0,1,1,1,0,0,1,0,1
995,0,0,0,0,0,1,1,0,1,0
996,0,0,0,0,0,1,1,0,1,0
997,0,0,0,0,0,1,1,0,1,0
998,0,0,0,0,0,1,1,0,1,0
999,0,0,0,0,0,1,1,0,1,0
1000,0,0,1,1,1,0,1,0,0,1
1001,0,0,0,0,0,1,1,0,1,0
1002,0,0,0,0,0,1,1,0,1,0
1003,0,0,1,1,1,0,0,1,1,0
1004,0,0,0,0,0,1,1,0,1,0
1005,0,0,1,1,1,0,0,1,0,1
1006,0,0,0,0,0,1,1,0,1,0
1007,0,0,0,0,0,1,1,0,1,0
1008,0,0,1,1,1,0,0,1,0,1
1009,1,0,0,0,0,1,1,0,1,0
1010,0,0,0,0,0,1,1,0,1,0
1011,1,0,0,0,0,1,1,0,1,0
1012,0,0,1,1,1,0,0,1,0,1
1013,1,0,0,0,0,1,1,0,1,0
1014,0,0,0,0,0,1,1,0,1,0
1015,0,0,1,1,1,0,0,1,0,1
1016,1,0,1,1,1,0,0,1,0,1
1017,0,0,0,0,0,1,1,0,1,0
1018,0,0,1,1,1,0,0,1,0,1
1019,0,0,0,0,0,1,1,0,1,0
1020,0,0,0,0,0,1,1,0,1,0
1021,0,0,0,0,0,1,1,0,1,0
1022,0,0,0,0,0,1,1,0,1,0
1023,1,0,1,1,1,0,0,1,0,1
1024,1,0,0,0,0,1,1,0,1,0
1025,1,0,1,1,1,0,0,1,0,1
1026,1,0,0,0,0,1,1,0,1,0
1027,1,0,0,0,0,1,1,0,0,1
1028,1,0,1,1,1,0,0,1,0,1
1029,0,0,1,1,0,1,1,0,0,1
1030,0,0,1,1,1,0,0,1,0,1
1031,1,1,1,1,1,0,0,1,0,1
1032,0,0,0,0,0,1,1,0,1,0
1033,0,0,0,0,0,1,1,0,1,0
1034,0,0,1,1,1,0,0,1,0,1
1035,1,0,1,1,1,0,0,1,0,1
1036,0,0,0,0,0,1,1,0,1,0
1037,0,0,1,1,1,0,0,1,0,1
1038,0,0,0,0,0,1,1,0,1,0
1039,0,0,0,0,0,1,1,0,1,0
1040,0,0,0,0,0,1,1,0,1,0
1041,0,0,0,0,0,1,1,0,1,0
1042,1,0,0,0,0,1,1,0,1,0
1043,0,0,0,0,0,1,1,0,1,0
1044,1,0,1,1,1,0,0,1,0,1
1045,0,0,0,0,1,0,1,0,1,0
1046,0,0,1,1,1,0,0,1,0,1
1047,0,0,0,0,0,1,1,0,1,0
1048,1,0,0,0,0,1,1,0,1,0
1049,0,0,0,0,0,1,1,0,1,0
1050,0,0,0,0,0,1,1,0,1,0
1051,0,0,0,0,0,1,1,0,1,0
1052,0,0,1,1,1,0,0,1,0,1
1053,0,0,1,1,1,0,0,1,0,1
1054,0,0,0,0,0,1,1,0,1,0
1055,0,0,0,0,0,1,1,0,1,0
1056,0,0,1,1,1,0,0,1,0,1
1057,0,0,0,0,0,1,1,0,1,0
1058,0,0,1,1,1,0,0,1,0,1
1059,0,0,0,0,0,1,1,0,1,0
1060,0,0,0,0,0,1,1,0,1,0
1061,0,0,1,1,1,0,0,1,0,1
1062,0,0,1,1,1,0,0,1,0,1
1063,0,0,1,1,1,0,0,1,0,1
1064,0,0,0,0,0,1,1,0,1,0
1065,0,0,0,0,0,1,1,0,1,0
1066,0,0,0,0,0,1,1,0,1,0
1067,0,0,0,0,0,1,1,0,1,0
1068,0,0,0,0,0,1,1,0,1,0
1069,0,0,0,0,0,1,1,0,1,0
1070,0,0,1,1,1,0,0,1,0,1
1071,0,0,1,1,1,0,0,1,0,1
1072,1,0,0,0,0,1,1,0,1,0
1073,0,0,1,1,1,0,0,1,0,1
1074,1,0,0,0,0,1,1,0,1,0
1075,1,0,0,0,0,1,1,0,1,0
1076,0,0,0,0,0,1,1,0,1,0
1077,0,0,0,0,0,1,1,0,1,0
1078,0,0,1,1,1,0,0,1,0,1
1079,1,0,1,1,1,0,0,1,0,1
1080,0,0,0,0,0,1,1,0,1,0
1081,0,0,0,0,0,1,1,0,1,0
1082,0,0,0,0,0,1,1,0,1,0
1083,1,0,1,1,1,0,0,1,0,1
1084,0,0,0,0,0,1,1,0,1,0
1085,1,-1,1,1,1,0,0,1,0,1
1086,1,0,0,0,0,1,1,0,1,0
1087,0,0,0,0,0,1,1,0,1,0
1088,0,0,0,0,0,1,1,0,1,0
1089,0,0,0,0,0,1,1,0,1,0
1090,0,0,0,0,0,1,1,0,1,0
1091,1,0,0,0,1,1,0,1,1,0
1092,0,0,1,1,1,0,0,1,0,1
1093,0,0,0,0,0,1,1,0,1,0
1094,1,0,0,0,0,1,1,0,1,0
1095,0,0,1,1,1,0,0,1,0,1
1096,1,0,1,1,1,0,0,1,0,1
1097,1,0,1,1,1,0,0,1,0,1
1098,1,0,0,0,0,1,1,0,1,0
1099,0,0,0,0,0,1,1,0,1,0
1100,1,-1,1,1,1,0,0,1,0,1
1101,0,0,1,1,1,0,0,1,0,1
1102,0,0,1,1,1,0,0,1,0,1
1103,0,0,0,0,0,1,1,0,1,0
1104,0,0,1,1,1,0,0,1,0,0
1105,0,0,0,0,0,1,1,0,1,0
1106,0,0,1,1,1,0,0,1,0,1
1107,0,0,0,0,0,1,1,0,1,0
1108,1,0,1,1,1,0,0,1,0,1
1109,0,0,1,1,1,0,0,1,0,1
1110,0,0,0,0,0,1,1,0,1,0
1111,0,0,0,0,0,1,1,0,1,0
1112,0,0,1,1,1,0,0,1,0,1
1113,0,0,0,0,0,1,1,0,1,0
1114,0,0,0,0,0,1,1,0,1,0
1115,0,0,0,0,0,1,1,0,1,0
1116,0,0,0,0,0,1,1,0,1,0
1117,0,0,1,1,1,0,0,1,0,1
1118,0,0,0,0,0,1,1,0,1,0
1119,0,0,0,0,0,1,1,0,1,0
1120,0,0,1,1,0,1,0,1,0,1
1121,0,0,0,0,0,1,1,0,1,0
1122,0,0,0,0,1,0,0,1,1,0
1123,0,-1,1,1,1,0,0,1,0,1
1124,0,0,0,0,0,1,1,0,1,0
1125,1,0,0,0,0,1,1,0,1,0
1126,0,0,0,0,0,0,1,0,1,0
1127,1,0,0,0,0,1,1,0,1,0
1128,0,0,0,0,0,1,1,0,1,0
1129,1,0,0,0,0,1,1,0,1,0
1130,1,0,0,0,0,1,1,0,1,0
1131,0,0,0,0,1,1,1,0,1,0
1132,1,0,0,0,0,1,1,0,1,0
1133,0,0,0,0,0,1,1,0,1,0
1134,1,0,1,1,1,0,0,1,0,1
1135,0,0,0,0,0,1,1,0,1,0
1136,1,0,0,0,0,1,1,0,1,0
1137,1,0,0,0,0,1,1,0,1,0
1138,0,0,0,0,0,1,1,0,1,0
1139,0,0,0,0,0,1,1,0,1,0
1140,0,0,1,1,1,0,0,1,0,1
1141,0,0,0,0,0,1,1,0,1,0
1142,1,0,1,0,0,1,0,0,0,1
1143,0,-1,1,1,1,0,0,1,0,1
1144,0,0,0,0,0,1,1,0,1,0
1145,0,0,1,1,1,0,0,1,0,1
1146,0,0,0,0,0,1,1,0,1,0
1147,0,0,0,0,0,1,1,0,1,0
1148,0,0,0,0,0,1,1,0,1,0
1149,1,0,0,0,0,1,1,0,1,0
1150,0,0,0,0,0,1,1,0,1,0
1151,0,0,0,0,0,1,1,0,1,0
1152,0,0,1,1,1,0,0,1,0,1
1153,0,0,0,0,0,1,1,0,1,0
1154,0,0,0,0,0,1,1,0,1,0
1155,1,0,0,0,0,1,1,0,1,0
1156,0,0,1,1,1,0,0,1,0,1
1157,0,1,1,1,1,0,0,1,0,1
1158,0,0,0,0,0,1,1,0,1,0
1159,0,0,0,0,0,1,1,0,1,0
1160,0,0,0,0,0,1,1,0,1,0
1161,1,0,0,0,0,1,1,0,1,0
1162,0,0,1,1,1,0,0,1,0,1
1163,0,0,0,0,0,1,1,0,1,0
1164,0,0,0,0,0,1,1,0,1,0
1165,0,0,0,0,0,1,1,0,1,0
1166,0,0,1,1,1,0,0,1,0,1
1167,0,0,1,1,1,0,0,1,0,1
1168,1,0,0,0,0,1,1,0,1,0
1169,1,0,0,0,0,1,1,0,1,0
1170,0,0,0,0,0,1,1,0,1,0
1171,0,0,0,0,0,1,1,0,1,0
1172,1,0,0,0,0,1,1,0,1,0
1173,1,0,1,1,1,0,0,1,0,1
1174,0,0,1,1,1,0,0,1,0,1
1175,0,0,0,0,0,1,1,0,1,0
1176,0,0,1,1,1,0,0,1,0,1
1177,0,0,0,0,0,1,1,0,1,0
1178,0,0,0,0,0,1,1,0,1,0
1179,0,0,1,1,1,0,0,1,0,1
1180,0,0,0,0,0,1,1,0,1,0
1181,1,0,0,0,0,1,1,0,1,0
1182,1,0,1,1,1,0,0,1,0,1
1183,0,0,1,1,1,0,0,1,0,1
1184,1,0,0,0,0,1,1,0,1,0
1185,0,0,0,0,0,1,1,0,1,0
1186,0,0,1,1,1,0,0,1,0,1
1187,0,0,0,0,0,1,1,0,1,0
1188,0,0,0,0,0,1,1,0,1,0
1189,0,0,1,1,1,0,0,1,0,1
1190,1,0,0,0,0,1,1,0,1,0
1191,0,0,0,0,0,1,1,0,1,0
1192,0,0,0,0,0,1,1,0,1,0
1193,0,0,0,0,0,1,1,0,1,0
1194,0,0,1,1,1,0,0,1,0,1
1195,0,0,0,0,0,1,1,0,1,0
1196,0,0,0,0,0,1,1,0,1,0
1197,0,0,0,0,0,1,1,0,1,0
1198,0,0,0,0,0,1,1,0,1,0
1199,0,0,0,0,0,1,1,0,1,0
1200,1,0,0,0,0,1,1,0,1,0
1201,0,0,0,0,0,1,1,0,1,0
1202,1,0,0,0,1,0,1,0,1,0
1203,1,0,1,1,1,0,0,1,0,1
1204,0,0,0,0,0,1,1,0,1,0
1205,0,0,1,1,1,0,0,1,0,1
1206,1,0,0,0,0,1,1,0,1,0
1207,1,0,0,0,0,1,1,0,1,0
1208,0,0,0,0,0,1,1,0,1,0
1209,1,0,1,1,1,0,0,1,0,1
1210,0,0,0,0,0,1,1,0,1,0
1211,0,0,1,1,1,0,0,1,0,1
1212,1,0,0,0,0,1,1,0,1,0
1213,1,0,0,0,0,1,1,0,1,0
1214,0,0,0,0,0,1,1,0,1,0
1215,1,0,1,1,1,0,0,1,0,1
1216,0,0,0,0,0,1,1,0,1,0
1217,0,0,1,1,1,0,0,1,0,1
1218,0,0,0,0,0,1,1,0,1,0
1219,0,0,0,0,0,1,1,0,1,0
1220,0,0,1,1,1,0,1,0,0,1
1221,1,0,1,1,1,0,0,1,0,1
1222,0,0,0,0,0,1,1,0,1,0
1223,0,0,1,1,1,0,0,1,0,1
1224,0,0,1,1,1,0,0,1,0,1
1225,1,0,1,1,1,0,0,1,0,1
1226,0,0,1,1,1,0,0,1,0,1
1227,0,0,0,0,0,1,1,0,1,0
1228,1,0,1,1,1,0,0,1,0,1
1229,0,0,1,1,1,0,0,1,0,1
1230,1,0,0,0,0,1,1,0,1,0
1231,1,0,0,0,0,1,1,0,1,0
1232,1,0,1,0,1,0,0,1,0,1
1233,0,0,0,0,0,1,1,0,1,0
1234,0,0,1,1,1,0,0,1,0,1
1235,0,0,0,0,0,1,1,0,1,0
1236,1,0,1,1,1,0,0,1,1,0
1237,0,0,0,0,0,1,1,0,1,0
1238,0,0,0,0,0,1,1,0,1,0
1239,0,0,0,0,0,1,1,0,1,0
1240,0,0,1,1,1,0,0,1,0,1
1241,1,0,1,1,1,0,0,1,0,1
1242,0,0,1,1,1,0,0,1,0,1
1243,0,0,1,1,1,0,0,1,0,1
1244,0,0,1,1,1,0,0,1,0,1
1245,0,0,0,0,0,1,1,0,1,0
1246,0,0,1,1,1,0,0,1,0,1
1247,0,0,0,0,0,1,1,0,1,0
1248,0,0,0,0,0,1,1,0,1,0
1249,0,0,0,0,0,1,1,0,1,0
1250,1,0,1,1,1,0,0,1,0,1
1251,0,0,0,0,1,0,0,1,1,0
1252,0,0,0,0,0,1,1,0,1,0
1253,1,0,1,1,1,0,0,1,0,1
1254,0,0,0,0,0,1,1,0,1,0
1255,0,0,0,0,0,1,1,0,1,0
1256,0,0,0,0,0,1,1,0,1,0
1257,0,0,0,0,1,0,0,1,1,0
1258,0,0,0,0,0,1,1,0,1,0
1259,0,0,0,0,0,1,1,0,1,0
1260,1,0,0,0,0,1,1,0,1,0
1261,1,0,0,0,0,1,1,0,1,0
1262,0,0,1,1,1,0,0,1,0,1
1263,0,0,1,1,1,0,0,1,0,1
1264,1,0,1,1,1,0,0,1,0,1
1265,1,0,0,0,0,1,1,0,1,0
1266,0,0,0,0,0,1,1,0,1,0
1267,1,0,0,0,0,1,1,0,1,0
1268,1,0,1,1,1,0,0,1,0,1
1269,0,1,1,1,1,0,0,1,0,1
1270,1,0,1,1,1,0,0,1,0,1
1271,0,0,0,0,0,1,1,0,1,0
1272,1,0,0,0,0,1,1,0,1,0
1273,0,0,1,1,1,0,0,1,0,1
1274,0,0,0,0,0,1,1,0,1,0
1275,1,0,0,0,0,1,1,0,1,0
1276,1,0,0,0,0,1,1,0,1,0
1277,1,0,0,0,0,1,1,0,1,0
1278,0,0,1,1,1,0,0,1,0,1
1279,0,0,0,0,0,1,1,0,1,0
1280,0,0,1,1,1,0,0,1,0,1
1281,0,0,0,0,0,1,1,0,1,0
1282,0,0,0,0,0,1,1,0,0,1
1283,1,0,0,0,0,1,1,0,1,0
1284,0,0,0,0,0,1,1,0,1,0
1285,1,0,0,0,0,1,1,0,1,0
1286,0,0,1,1,1,0,0,1,0,1
1287,0,0,0,0,0,1,1,0,1,0
1288,1,0,1,1,1,0,0,1,0,1
1289,1,0,0,0,0,1,1,0,1,0
1290,0,0,0,0,0,1,1,0,1,0
1291,0,0,0,0,0,1,1,0,1,0
1292,1,0,0,0,0,1,1,0,1,0
1293,0,0,0,0,0,1,1,0,1,0
1294,0,0,1,1,1,0,0,1,0,1
1295,1,0,0,0,0,1,1,0,1,0
1296,0,0,0,0,0,1,1,0,1,0
1297,0,0,0,0,0,1,1,0,1,0
1298,0,0,0,0,0,1,1,0,1,0
1299,0,0,0,0,0,1,1,0,1,0
1300,0,0,0,0,0,1,1,0,1,0
1301,1,0,0,0,0,1,1,0,1,0
1302,0,0,0,0,0,1,1,0,1,0
1303,0,0,0,0,0,1,1,0,1,0
1304,0,0,1,1,1,0,0,1,0,1
1305,1,0,1,1,1,0,0,1,0,1
1306,0,0,0,0,0,1,1,0,1,0
1307,0,0,1,1,1,0,0,1,0,1
1308,0,0,0,0,0,1,1,0,1,0
1309,0,0,1,1,1,0,0,1,0,1
1310,0,0,0,0,0,1,1,0,1,0
1311,0,0,1,0,0,1,1,0,0,1
1312,1,0,0,0,0,1,1,0,1,0
1313,0,0,0,0,0,1,1,0,1,0
1314,1,0,1,1,1,0,0,1,0,1
1315,0,0,0,0,0,1,1,1,1,0
1316,1,-1,1,1,1,0,0,1,0,1
1317,0,0,0,0,1,1,0,1,1,0
1318,1,0,1,1,1,0,0,1,0,1
1319,0,0,0,0,0,1,1,0,1,0
1320,0,0,1,1,1,0,0,1,0,1
1321,0,-1,1,1,1,0,0,1,0,1
1322,1,0,0,0,0,1,1,0,1,0
1323,0,0,0,0,0,1,1,0,1,0
1324,1,0,0,0,0,1,1,0,1,0
1325,1,0,0,0,0,1,1,0,1,0
1326,1,0,0,0,0,1,1,0,1,0
1327,0,0,0,0,0,1,1,0,1,0
1328,1,0,0,0,0,1,1,0,1,0
1329,0,0,1,1,1,0,0,1,0,1
1330,1,0,1,1,1,0,0,1,0,1
1331,1,0,0,0,0,1,1,0,1,0
1332,0,0,0,0,0,1,1,0,1,0
1333,0,0,1,1,1,0,0,1,0,1
1334,0,0,0,0,0,1,1,0,1,0
1335,0,0,0,0,0,1,1,0,1,0
1336,0,0,1,1,1,0,0,1,0,1
1337,0,0,0,0,0,1,1,0,1,0
1338,1,0,1,0,0,1,1,0,0,0
1339,1,0,0,0,0,1,1,0,1,0
1340,1,0,1,1,1,0,0,1,0,1
1341,0,0,0,0,0,1,1,0,1,0
1342,0,0,0,0,0,1,1,0,1,0
1343,0,0,0,0,0,1,1,0,1,0
1344,0,0,0,0,0,1,1,0,1,0
1345,0,0,0,0,0,1,1,0,1,0
1346,1,0,0,0,0,1,1,0,1,0
1347,0,0,0,0,0,1,1,0,1,0
1348,1,0,0,0,0,1,1,0,1,0
1349,0,0,1,1,1,0,0,1,0,1
1350,0,0,1,1,1,0,0,1,0,1
1351,0,0,0,0,0,1,1,0,1,0
1352,1,0,0,0,0,1,1,0,1,0
1353,0,0,0,0,0,1,1,0,1,0
1354,0,0,0,0,0,1,1,0,1,0
1355,0,0,0,0,0,1,1,0,1,0
1356,0,0,0,0,0,1,1,0,1,0
1357,0,0,0,0,0,1,1,0,1,0
1358,0,0,0,0,0,1,1,0,1,0
1359,0,0,0,0,0,1,1,0,1,0
1360,0,0,1,1,1,0,0,1,0,1
1361,0,0,0,0,0,1,0,1,1,0
1362,0,0,0,0,0,1,1,0,1,0
1363,0,0,0,0,0,1,1,0,1,0
1364,0,0,0,0,0,1,1,0,1,0
1365,1,0,1,1,1,0,0,1,0,1
1366,0,0,1,1,1,0,0,1,0,1
1367,1,0,0,0,0,1,1,0,1,0
1368,1,0,0,0,0,1,1,0,1,0
1369,1,0,0,0,0,1,1,0,1,0
1370,0,0,1,1,1,0,1,0,0,1
1371,1,0,1,1,1,0,0,1,0,1
1372,0,0,0,0,0,1,1,0,0,1
1373,0,0,0,0,0,1,1,0,1,0
1374,0,0,1,1,1,0,0,1,0,1
1375,1,0,1,1,0,1,1,0,0,1
1376,0,0,1,1,1,0,0,1,0,1
1377,1,0,1,1,1,0,0,1,0,1
1378,1,0,0,0,0,1,1,0,1,0
1379,0,0,0,0,0,1,1,0,1,0
1380,0,0,1,1,1,0,0,1,0,1
1381,0,0,0,0,0,1,1,0,1,0
1382,0,0,0,0,0,1,1,0,1,0
1383,1,0,0,0,0,1,1,0,1,0
1384,0,0,1,1,1,0,0,1,0,1
1385,1,0,0,0,0,1,1,0,1,0
1386,0,0,0,0,0,1,1,0,1,0
1387,0,0,0,0,0,1,1,0,1,0
1388,0,0,0,0,0,1,1,0,1,0
1389,0,0,0,0,0,1,1,0,1,0
1390,0,0,0,0,0,1,1,0,1,0
1391,0,0,0,0,0,1,1,0,1,0
1392,0,0,0,0,0,1,1,0,1,0
1393,1,0,0,0,0,1,1,0,1,0
1394,0,0,0,0,0,1,1,0,1,0
1395,0,0,0,0,0,1,1,0,1,0
1396,0,0,0,0,0,1,1,0,1,0
1397,0,0,0,0,0,1,1,0,1,0
1398,1,0,1,1,1,0,0,1,0,1
1399,0,0,0,0,0,1,1,0,1,0
1400,0,0,1,1,1,0,0,1,0,1
1401,0,0,0,0,0,1,1,0,1,0
1402,0,0,0,0,0,1,1,0,1,0
1403,0,0,0,0,0,1,1,0,1,0
1404,0,0,1,1,1,0,0,1,0,1
1405,0,0,0,0,0,1,1,0,1,0
1406,0,-1,1,1,1,0,0,1,0,1
1407,0,0,0,0,0,1,1,0,1,0
1408,0,0,1,1,1,0,0,1,0,1
1409,0,0,0,0,0,1,1,0,1,0
1410,0,0,1,1,1,0,0,1,0,1
1411,1,0,1,1,1,0,0,1,0,1
1412,0,0,0,0,0,1,1,0,1,0
1413,1,0,0,0,0,1,1,0,1,0
1414,0,0,0,0,0,1,1,0,1,0
1415,0,0,0,0,0,1,1,0,1,0
1416,1,0,0,0,0,1,1,0,1,0
1417,0,0,0,0,0,1,1,0,1,0
1418,0,0,1,1,1,0,0,1,0,1
1419,1,0,1,1,1,0,0,1,0,1
1420,0,0,0,0,0,1,1,0,1,0
1421,0,0,0,0,0,1,1,0,1,0
1422,0,0,0,0,0,1,1,0,1,0
1423,0,0,0,0,0,1,1,0,1,0
1424,0,0,0,0,0,1,1,0,1,0
1425,0,0,0,0,0,1,1,0,1,0
1426,1,0,0,0,0,1,1,0,1,0
1427,0,0,1,1,1,0,0,1,0,1
1428,0,-1,1,1,1,0,0,1,0,1
1429,0,0,1,1,1,0,0,1,0,1
1430,0,0,0,0,0,1,1,0,1,0
1431,0,0,0,0,0,1,1,0,1,0
1432,1,0,1,1,1,0,0,1,0,1
1433,0,0,0,0,0,1,1,0,1,0
1434,0,0,1,1,1,0,0,1,0,1
1435,1,0,0,0,0,1,1,0,1,0
1436,0,0,0,0,0,1,1,0,1,0
1437,1,0,1,1,1,0,0,1,0,1
1438,0,0,0,0,0,1,1,0,1,0
1439,1,0,0,0,0,1,1,0,1,0
1440,0,0,0,0,0,1,1,0,1,0
1441,0,0,1,1,1,0,0,1,0,1
1442,0,0,0,0,0,1,1,0,1,0
1443,0,0,0,0,0,1,1,0,1,0
1444,0,0,0,0,0,1,1,0,1,0
1445,1,0,0,0,0,1,1,0,1,0
1446,0,0,1,1,1,0,0,1,0,1
1447,1,0,0,0,0,1,1,0,1,0
1448,1,0,0,0,0,1,1,0,1,0
1449,0,0,1,1,1,0,0,1,0,1
1450,1,0,0,0,0,1,1,0,1,0
1451,0,0,0,0,0,1,1,0,1,0
1452,0,0,0,0,0,1,1,0,1,0
1453,1,0,0,0,0,1,1,0,1,0
1454,0,0,0,0,0,1,1,0,1,0
1455,1,-1,1,1,1,0,0,1,0,1
1456,0,0,0,0,0,1,1,0,1,0
1457,0,0,0,0,0,1,1,0,1,0
1458,0,0,0,0,0,1,1,0,1,0
1459,0,0,1,1,1,0,0,1,0,1
1460,1,0,0,0,0,1,1,0,1,0
1461,1,0,0,0,0,1,1,0,1,0
1462,0,0,0,0,0,1,1,0,1,0
1463,0,0,1,1,1,0,0,1,0,1
1464,0,0,0,0,0,1,1,0,1,0
1465,0,0,1,1,1,0,0,1,0,1
1466,1,0,0,0,0,1,1,0,1,0
1467,0,0,0,0,0,1,1,0,1,0
1468,0,0,0,0,0,1,1,0,1,0
1469,0,0,1,1,1,0,0,1,0,1
1470,1,0,0,0,0,1,1,0,1,0
1471,0,0,0,0,0,1,1,0,1,0
1472,1,-1,1,1,1,0,0,1,0,1
1473,0,0,0,0,0,1,1,0,1,0
1474,0,0,1,1,1,0,0,1,0,1
1475,0,0,0,0,0,1,1,0,1,0
1476,1,0,0,0,0,1,1,0,1,0
1477,0,0,0,0,0,1,1,0,1,0
1478,0,0,1,1,1,0,0,1,0,1
1479,0,0,0,0,0,1,1,0,1,0
1480,0,0,0,0,0,1,1,0,1,0
1481,0,0,0,0,0,1,1,0,1,0
1482,0,0,0,0,0,1,1,0,1,0
1483,0,0,1,1,1,0,0,1,0,1
1484,0,0,1,1,1,0,0,1,0,1
1485,1,0,1,1,1,0,0,1,0,1
1486,1,0,0,0,0,1,1,0,1,0
1487,0,0,0,0,0,1,1,0,1,0
1488,0,0,0,0,0,1,1,0,1,0
1489,0,0,0,0,0,1,1,0,1,0
1490,0,0,0,0,0,1,1,0,1,0
1491,1,0,0,0,0,1,1,0,1,0
1492,0,0,0,0,0,1,1,0,1,0
1493,1,0,1,1,1,0,0,1,0,1
1494,0,0,0,0,0,1,1,0,1,0
1495,1,0,0,0,0,1,1,0,1,0
1496,0,0,0,0,1,0,0,1,1,0
1497,0,0,1,1,1,0,0,1,0,1
1498,0,0,0,0,0,1,1,0,1,0
1499,0,0,0,0,0,1,1,0,1,0
1500,1,0,0,0,0,1,1,0,1,0
1501,0,0,1,1,1,0,0,1,0,1
1502,0,0,1,1,1,0,0,1,0,1
1503,0,0,0,0,0,1,1,0,1,0
1504,0,0,0,0,0,1,1,0,1,0
1505,0,0,0,0,0,1,1,0,1,0
1506,0,0,0,0,0,1,1,0,1,0
1507,0,0,0,0,0,1,1,0,1,0
1508,0,0,1,1,1,0,0,1,0,1
1509,0,0,0,0,0,1,1,0,1,0
1510,0,0,0,0,0,1,1,0,1,0
1511,0,0,1,0,1,1,0,0,1,0
1512,0,0,0,0,0,1,1,0,1,0
1513,0,0,0,0,0,1,1,0,1,0
1514,0,0,0,0,0,1,1,0,1,0
1515,0,0,0,0,0,1,1,0,1,0
1516,0,0,1,1,1,0,0,1,0,1
1517,0,0,1,1,1,0,0,1,0,1
1518,0,0,1,1,1,0,0,1,0,1
1519,0,0,0,0,0,1,1,0,1,0
1520,0,0,1,1,1,0,0,1,0,1
1521,1,0,0,0,0,1,1,0,1,0
1522,0,0,1,1,1,0,0,1,0,1
1523,0,0,0,0,0,1,1,0,1,0
1524,0,0,0,0,0,1,1,0,1,0
1525,1,-1,1,1,1,0,0,1,0,1
1526,0,0,0,0,0,1,1,0,1,0
1527,1,0,1,1,1,0,0,1,0,1
1528,0,0,1,1,1,0,0,1,0,1
1529,0,0,0,0,0,1,1,0,1,0
1530,1,0,1,1,1,0,0,1,0,1
1531,0,0,0,0,0,1,1,0,1,0
1532,1,0,1,1,1,0,0,1,0,1
1533,0,0,0,0,0,1,1,0,1,0
1534,1,0,0,0,0,1,1,0,1,0
1535,0,0,0,0,0,1,1,0,1,0
1536,0,0,1,0,1,0,0,1,1,0
1537,0,0,1,1,1,0,1,1,0,1
1538,1,0,1,1,1,0,0,1,0,1
1539,0,0,1,1,1,0,0,1,0,1
1540,1,0,0,0,0,1,1,0,1,0
1541,0,0,1,1,1,0,0,1,0,1
1542,0,0,0,0,0,1,1,0,1,0
1543,1,0,1,1,1,0,0,1,0,1
1544,1,0,0,0,0,1,1,0,1,0
1545,0,0,0,0,0,1,1,0,1,0
1546,1,0,1,1,1,0,0,1,0,1
1547,0,0,1,1,1,0,0,1,0,1
1548,1,-1,1,1,1,0,0,1,0,1
1549,1,0,1,1,1,0,0,1,0,1
1550,0,0,0,0,0,1,1,0,1,0
1551,0,0,0,0,1,0,1,0,1,0
1552,1,0,1,1,1,0,0,1,0,1
1553,0,0,1,1,1,0,0,1,0,1
1554,0,0,1,1,1,0,0,1,0,1
1555,0,0,0,0,0,1,1,0,1,0
1556,0,0,1,1,1,0,0,1,0,1
1557,0,0,0,0,0,1,1,0,1,0
1558,1,0,1,1,1,0,0,1,0,1
1559,1,0,0,0,0,1,1,0,1,0
1560,0,0,0,0,0,1,1,0,1,0
1561,0,0,0,0,0,1,1,0,1,0
1562,0,-1,1,1,1,0,0,1,0,1
1563,0,0,0,0,0,1,1,0,1,0
1564,1,-1,1,1,1,0,0,1,0,1
1565,1,0,0,0,0,1,1,0,1,0
1566,0,0,0,0,0,1,1,0,1,0
1567,0,0,0,0,0,1,1,0,1,0
1568,0,0,0,0,0,1,1,0,1,0
1569,1,0,0,0,0,1,1,0,1,0
1570,1,0,0,0,1,0,0,1,1,0
1571,0,0,0,0,0,1,1,0,1,0
1572,0,0,0,0,0,1,1,0,1,0
1573,0,0,0,0,0,1,1,0,1,0
1574,0,0,0,0,0,1,1,0,1,0
1575,0,0,0,0,0,1,1,0,1,0
1576,0,0,1,1,1,1,1,0,0,1
1577,0,0,0,0,0,1,1,0,1,0
1578,0,0,0,0,0,1,1,0,1,0
1579,0,0,0,0,0,1,1,0,1,0
1580,0,0,0,0,0,1,1,0,1,0
1581,0,0,0,0,0,1,1,0,1,0
1582,0,0,0,0,0,1,1,0,1,0
1583,0,0,1,1,1,0,0,1,0,1
1584,0,0,0,0,0,1,1,0,1,0
1585,0,0,0,0,0,1,1,0,1,0
1586,0,0,1,1,1,0,0,1,0,1
1587,1,0,0,0,0,1,1,0,1,0
1588,0,0,1,1,1,0,0,1,0,1
1589,1,-1,1,1,1,0,0,1,0,1
1590,0,0,0,0,0,1,1,0,1,0
1591,1,0,1,1,1,0,0,1,0,1
1592,0,0,0,0,0,1,1,0,1,0
1593,0,0,0,0,0,1,1,0,1,0
1594,0,0,0,0,0,1,1,0,1,0
1595,1,0,0,0,0,1,1,0,1,0
1596,1,0,0,0,0,1,1,0,1,0
1597,0,0,0,0,0,1,1,0,1,0
1598,0,0,0,0,0,1,1,0,1,0
1599,0,0,1,1,1,0,0,1,0,1
1600,0,0,0,0,0,1,1,0,1,0
1601,0,0,1,1,1,0,0,1,0,1
1602,0,0,1,1,1,0,0,1,0,1
1603,0,0,1,1,1,0,0,1,0,1
1604,0,0,1,1,1,0,0,1,0,1
1605,0,0,1,1,1,0,0,1,0,1
1606,1,0,1,1,1,0,0,1,0,1
1607,0,0,1,1,1,0,0,1,0,1
1608,1,0,1,1,1,0,0,1,0,1
1609,0,0,0,0,0,1,1,0,1,0
1610,1,0,0,0,0,1,1,0,1,0
1611,1,0,0,0,0,1,1,0,1,0
1612,1,0,0,0,0,1,1,0,1,0
1613,0,0,0,0,0,1,1,0,1,0
1614,0,0,0,0,0,1,1,0,1,0
1615,0,0,0,0,0,1,1,0,1,0
1616,0,0,0,0,0,1,1,0,1,0
1617,0,0,1,1,1,0,0,1,0,1
1618,0,0,0,0,0,1,1,0,1,0
1619,1,0,0,0,0,1,1,0,1,0
1620,0,0,1,1,1,0,0,1,0,1
1621,0,0,0,0,0,1,1,0,1,0
1622,0,0,1,1,1,0,0,1,0,1
1623,1,0,0,0,0,1,1,0,1,0
1624,0,0,0,0,0,1,1,0,1,0
1625,0,0,0,0,0,1,1,0,1,0
1626,0,0,1,1,1,0,0,1,0,1
1627,0,0,0,0,0,1,1,0,1,0
1628,0,0,1,1,1,0,0,1,0,1
1629,0,0,1,1,1,0,0,1,0,1
1630,0,0,1,0,1,1,0,0,0,0
1631,0,0,0,0,0,1,1,0,1,0
1632,1,0,1,1,1,0,0,1,0,1
1633,1,-1,1,1,1,0,0,1,0,1
1634,0,0,1,1,1,0,0,1,0,1
1635,0,0,0,0,0,1,1,0,1,0
1636,1,0,0,0,0,1,1,0,1,0
1637,0,0,0,0,0,1,1,0,1,0
1638,0,0,0,0,0,1,1,0,1,0
1639,0,0,0,0,0,1,1,0,1,0
1640,1,0,0,0,0,1,1,0,1,0
1641,0,0,1,1,1,0,0,1,0,1
1642,0,0,0,0,0,1,1,0,1,0
1643,0,0,1,1,1,0,0,1,0,1
1644,1,0,0,0,0,1,1,0,1,0
1645,1,-1,1,1,1,0,0,1,0,1
1646,0,0,1,1,1,0,0,1,0,1
1647,0,0,1,1,1,0,0,1,0,1
1648,0,0,0,0,0,1,1,0,1,0
1649,0,0,1,0,0,1,0,1,0,0
1650,1,0,0,0,0,1,1,0,1,0
1651,0,0,0,0,0,1,1,0,1,0
1652,0,0,0,0,0,1,1,0,0,1
1653,0,0,1,1,1,0,0,1,0,1
1654,0,0,0,0,0,1,1,0,1,0
1655,0,0,0,0,0,1,1,0,1,0
1656,0,0,1,1,1,0,0,1,0,1
1657,0,0,0,0,0,1,1,0,1,0
1658,0,0,0,0,0,1,1,0,1,0
1659,1,0,0,0,0,1,1,0,1,0
1660,1,0,0,0,0,1,1,0,1,0
1661,0,0,0,0,0,1,1,0,1,0
1662,1,0,0,0,0,1,1,0,1,0
1663,0,0,0,0,0,1,0,1,1,0
1664,1,-1,1,1,1,0,0,1,0,1
1665,0,0,0,0,0,1,1,0,1,0
1666,0,0,1,1,1,0,0,1,0,1
1667,0,0,0,0,0,1,1,0,1,0
1668,1,0,0,0,0,1,1,0,1,0
1669,0,0,0,0,0,1,1,0,1,0
1670,0,0,0,0,0,1,1,0,1,0
1671,0,0,0,0,0,1,1,0,1,0
1672,0,0,0,0,0,1,1,0,1,0
1673,0,0,1,1,1,0,0,1,0,1
1674,0,0,0,0,0,1,1,0,1,0
1675,1,-1,1,1,1,0,0,1,0,1
1676,0,0,1,1,1,0,0,1,0,1
1677,0,0,1,1,1,0,0,1,0,1
1678,0,0,0,0,0,1,1,0,1,0
1679,1,0,1,1,1,0,0,1,0,1
1680,0,0,0,0,0,1,1,0,1,0
1681,0,0,0,0,0,1,1,0,1,0
1682,0,0,0,0,0,1,1,0,1,0
1683,1,0,1,1,1,0,0,1,0,1
1684,1,-1,1,1,1,0,0,1,0,1
1685,0,0,1,1,1,0,0,1,0,1
1686,0,0,0,0,0,1,1,0,1,0
1687,0,0,0,0,0,1,1,0,1,0
1688,0,0,0,0,0,1,1,0,1,0
1689,0,0,0,0,0,1,1,0,1,0
1690,0,0,1,1,1,0,0,1,0,1
1691,0,0,0,0,0,1,1,0,1,0
1692,0,0,0,0,0,1,1,0,1,0
1693,0,0,0,0,0,1,1,0,1,0
1694,0,0,0,0,0,1,1,0,1,0
1695,0,0,0,0,0,1,1,0,1,0
1696,0,0,0,0,0,1,1,0,1,0
1697,1,-1,1,1,1,0,0,1,0,1
1698,0,0,0,0,0,1,1,0,1,0
1699,1,0,1,1,1,0,0,1,0,1
1700,0,0,0,0,0,1,1,0,1,0
1701,0,0,0,0,0,1,1,0,1,0
1702,1,0,1,1,1,0,0,1,0,1
1703,1,1,1,1,1,0,0,1,0,1
1704,1,0,1,1,1,0,0,1,0,1
1705,1,0,1,1,1,0,0,1,0,1
1706,0,0,1,1,1,0,0,1,0,1
1707,0,0,1,1,1,0,0,1,0,1
1708,1,0,0,0,0,1,1,0,1,0
1709,0,0,0,0,0,1,1,0,1,0
1710,0,0,1,1,1,0,0,1,0,1
1711,0,0,1,1,1,0,0,1,0,1
1712,0,0,1,1,1,0,0,1,0,1
1713,0,0,0,0,0,1,1,0,1,0
1714,0,0,0,0,0,1,1,0,1,0
1715,0,0,0,0,0,1,1,0,1,0
1716,0,0,0,0,0,1,1,0,1,0
1717,0,0,0,0,0,1,1,0,1,0
1718,0,0,1,1,1,0,0,1,0,1
1719,0,0,1,1,1,0,0,1,0,1
1720,0,0,0,0,0,1,1,0,1,0
1721,0,0,0,0,0,1,1,0,1,0
1722,0,0,0,0,0,1,1,0,1,0
1723,0,0,0,0,0,1,1,0,1,0
1724,0,0,0,0,0,1,1,0,1,0
1725,0,0,0,0,0,1,1,0,1,0
1726,0,0,0,0,0,1,1,0,1,0
1727,0,0,0,0,0,1,0,1,1,0
1728,0,0,0,0,0,1,1,0,1,0
1729,0,0,0,0,0,1,1,0,1,0
1730,0,0,0,0,0,1,1,0,1,0
1731,0,0,0,0,0,1,1,0,1,0
1732,1,0,0,0,0,1,1,0,1,0
1733,0,0,0,0,0,1,1,0,1,0
1734,0,0,1,1,1,0,0,1,0,1
1735,1,0,0,0,0,1,1,0,1,0
1736,0,0,1,1,1,0,0,1,0,1
1737,0,0,0,0,0,1,1,0,1,0
1738,0,0,1,1,1,0,0,1,0,1
1739,0,0,0,0,0,1,1,0,1,0
1740,0,0,1,1,1,0,0,1,0,1
1741,0,0,1,1,1,0,0,1,0,1
1742,1,0,0,0,0,1,1,0,1,0
1743,0,0,1,1,0,1,1,0,0,1
1744,0,0,0,0,0,1,1,0,1,0
1745,1,0,0,0,0,1,1,0,1,0
1746,0,0,0,0,0,1,1,0,1,0
1747,0,0,0,0,0,1,1,0,1,0
1748,1,0,0,0,1,1,1,0,1,0
1749,0,0,0,0,0,1,1,0,1,0
1750,1,0,0,0,0,1,1,0,1,0
1751,0,0,0,0,0,1,1,0,1,0
1752,0,0,0,0,0,1,1,0,1,0
1753,0,0,0,0,0,1,1,0,1,0
1754,0,0,0,0,0,1,1,0,1,0
1755,0,0,0,0,0,1,1,0,1,0
1756,1,0,0,0,0,1,1,0,1,0
1757,1,0,0,0,0,1,1,0,1,0
1758,0,0,0,0,0,1,1,0,1,0
1759,0,0,1,1,1,0,0,1,0,1
1760,0,0,0,0,0,1,1,0,1,0
1761,0,0,0,0,0,1,1,0,1,0
1762,0,0,1,1,1,0,0,1,0,1
1763,1,0,0,0,0,1,1,0,1,0
1764,0,0,0,0,0,1,1,0,1,0
1765,1,0,1,1,1,0,1,0,0,1
1766,1,0,1,1,1,0,0,1,0,1
1767,0,0,1,1,1,0,0,1,0,1
1768,0,0,0,0,0,1,1,0,1,0
1769,0,0,0,0,0,1,1,0,1,0
1770,0,0,0,0,0,1,1,0,1,0
1771,0,0,0,0,0,1,1,0,1,0
1772,0,-1,1,1,1,0,0,1,0,1
1773,1,-1,1,1,1,0,0,1,0,1
1774,0,0,0,0,0,1,1,0,1,0
1775,0,0,0,0,0,1,1,0,1,0
1776,0,0,0,0,0,1,1,0,1,0
1777,0,0,0,0,0,1,1,0,1,0
1778,0,0,1,1,1,1,1,0,0,1
1779,0,0,1,1,0,1,1,0,0,1
1780,0,0,0,0,0,1,1,0,1,0
1781,1,0,0,0,0,1,1,0,1,0
1782,0,0,1,1,1,0,0,1,0,1
1783,0,0,1,1,1,0,0,1,0,1
1784,0,0,0,0,1,0,0,1,1,0
1785,0,0,0,0,0,1,1,0,1,0
1786,1,0,0,0,0,1,1,0,1,0
1787,0,0,1,1,1,0,0,1,0,1
1788,0,0,0,0,0,1,1,0,1,0
1789,0,0,0,0,0,1,1,0,1,0
1790,0,0,1,1,1,0,0,1,0,1
1791,1,0,0,0,0,1,1,0,1,0
1792,0,0,0,0,0,1,1,0,1,0
1793,1,0,0,0,0,1,1,0,1,0
1794,0,0,0,0,0,1,1,0,1,0
1795,0,0,0,0,0,1,1,0,1,0
1796,0,0,0,0,0,1,1,0,1,0
1797,0,0,0,0,0,0,1,0,1,0
1798,0,0,0,0,0,1,1,0,1,0
1799,0,0,0,0,0,1,1,0,1,0
1800,0,0,0,0,0,1,1,0,1,0
1801,0,0,1,1,1,0,0,1,0,1
1802,0,0,0,0,0,1,1,0,1,0
1803,0,0,0,0,0,1,1,0,1,0
1804,0,0,0,0,0,1,1,0,1,0
1805,0,0,0,0,0,1,1,0,1,0
1806,0,0,0,0,0,1,1,0,1,0
1807,0,0,0,0,0,1,1,0,1,0
1808,0,0,0,0,0,1,1,0,1,0
1809,0,0,0,0,0,1,1,0,1,0
1810,0,0,0,0,0,1,1,0,1,0
1811,1,0,0,0,0,1,1,0,1,0
1812,0,0,0,0,0,1,1,0,1,0
1813,0,0,0,0,0,1,1,0,1,0
1814,1,0,0,0,0,1,1,0,1,0
1815,0,0,1,1,1,0,0,1,0,1
1816,0,0,0,0,0,1,1,0,1,0
1817,0,0,1,1,1,0,0,1,0,1
1818,0,0,1,1,1,0,0,1,0,1
1819,0,0,0,0,0,1,1,0,1,0
1820,0,0,1,1,1,0,0,1,0,1
1821,1,0,1,1,1,0,0,1,0,1
1822,0,0,0,0,0,1,1,0,1,0
1823,1,0,0,0,0,1,1,0,1,0
1824,0,0,1,1,1,0,0,1,0,1
1825,1,0,1,1,1,0,0,1,0,1
1826,0,0,0,0,0,1,1,0,1,0
1827,1,0,0,0,0,1,1,0,1,0
1828,1,0,0,0,0,1,1,0,1,0
1829,1,0,1,1,1,0,0,1,0,1
1830,0,0,0,0,0,1,1,0,1,0
1831,1,0,0,0,0,1,1,0,1,0
1832,0,0,1,1,1,0,0,1,0,1
1833,0,0,0,0,0,1,1,0,1,0
1834,0,0,0,0,0,1,1,0,1,0
1835,0,0,1,1,0,1,1,0,0,1
1836,0,0,0,0,0,1,1,0,1,0
1837,0,0,1,1,1,0,0,1,0,1
1838,1,0,0,0,0,1,1,0,1,0
1839,0,0,1,1,1,0,0,1,0,1
1840,0,0,0,0,0,1,1,0,1,0
1841,1,0,0,0,0,1,1,0,1,0
1842,0,0,0,0,0,1,1,0,1,0
1843,0,0,0,0,0,1,1,0,1,0
1844,0,0,0,0,0,1,1,0,1,0
1845,0,0,0,0,0,1,1,0,1,0
1846,0,0,0,0,0,1,1,0,1,0
1847,0,0,0,0,0,1,1,0,1,0
1848,0,0,0,0,0,1,1,0,1,0
1849,0,0,0,0,0,1,1,0,1,0
1850,0,0,0,0,0,1,1,0,1,0
1851,1,0,1,1,1,0,0,1,0,1
1852,0,0,1,1,1,0,0,1,0,1
1853,0,0,1,1,1,0,0,1,0,1
1854,0,0,0,0,0,1,1,0,1,0
1855,0,0,1,1,1,0,0,1,1,0
1856,0,0,1,1,1,0,0,1,0,1
1857,0,0,0,0,0,1,1,0,1,0
1858,0,0,1,1,1,0,0,1,0,1
1859,0,0,0,0,0,1,1,0,1,0
1860,0,0,0,0,0,1,1,0,1,0
1861,0,0,0,0,0,1,1,0,1,0
1862,0,0,1,1,1,0,0,1,0,1
1863,0,0,0,0,0,1,1,0,1,0
1864,0,0,1,1,1,0,0,1,0,1
1865,0,0,1,1,1,0,0,1,0,1
1866,0,0,0,0,0,1,1,0,1,0
1867,0,0,0,0,0,1,1,0,1,0
1868,0,0,0,0,0,1,1,0,1,0
1869,1,0,1,1,1,0,0,1,0,1
1870,0,0,0,0,0,1,1,0,1,0
1871,0,0,0,0,0,1,1,0,1,0
1872,0,0,1,1,1,0,0,1,0,1
1873,0,0,0,0,0,1,1,0,1,0
1874,1,0,0,1,0,0,1,1,1,0
1875,0,0,0,0,0,1,1,0,1,0
1876,0,0,0,0,0,1,1,0,1,0
1877,0,0,0,0,0,1,1,0,1,0
1878,0,0,1,1,1,0,0,1,0,1
1879,1,0,1,1,1,0,0,1,0,1
1880,0,0,0,0,0,1,1,0,1,0
1881,1,0,0,0,0,1,1,0,1,0
1882,1,0,0,0,0,1,1,0,1,0
1883,1,0,0,0,0,1,1,0,1,0
1884,1,0,0,0,0,1,1,0,1,0
1885,1,0,0,0,0,1,1,0,1,0
1886,0,0,0,0,0,1,1,0,1,0
1887,0,0,0,0,0,1,1,0,1,0
1888,0,0,0,0,0,1,1,0,1,0
1889,0,0,0,0,0,1,1,0,1,0
1890,0,0,0,0,0,1,1,0,1,0
1891,0,0,1,1,1,0,0,1,0,1
1892,0,0,0,0,0,1,1,0,1,0
1893,0,0,1,1,1,0,0,1,0,1
1894,0,0,0,0,0,1,1,0,1,0
1895,1,0,1,1,1,0,0,1,0,1
1896,0,0,0,0,0,1,1,0,1,0
1897,0,0,0,0,0,1,1,0,1,0
1898,0,1,1,1,1,0,0,1,0,1
1899,0,0,0,0,0,1,1,0,1,0
1900,1,0,0,0,0,1,1,0,1,0
1901,0,0,0,0,0,1,1,0,1,0
1902,0,0,0,0,0,1,1,0,1,0
1903,0,0,0,0,0,1,1,0,1,0
1904,1,-1,1,1,1,0,0,1,0,1
1905,0,0,1,1,1,0,0,1,0,1
1906,0,-1,1,1,1,0,0,1,0,1
1907,0,0,0,0,0,1,1,0,1,0
1908,0,0,0,0,0,1,1,0,1,0
1909,1,0,0,0,0,1,1,0,1,0
1910,0,0,0,0,0,1,1,0,1,0
1911,0,0,1,1,1,0,0,1,0,1
1912,1,0,0,0,0,1,1,0,1,0
1913,0,0,0,0,0,1,1,0,1,0
1914,0,0,0,0,0,1,1,0,1,0
1915,0,0,0,0,0,1,1,0,1,0
1916,1,-1,1,1,1,0,0,1,0,1
1917,0,0,0,0,0,1,1,0,1,0
1918,0,0,0,0,0,1,1,0,1,0
1919,1,0,0,0,0,1,1,0,1,0
1920,0,0,0,0,0,1,1,0,1,0
1921,0,0,1,1,1,0,0,1,0,1
1922,0,0,0,0,0,1,1,0,1,0
1923,0,0,0,0,0,1,1,0,1,0
1924,0,0,1,1,1,0,0,1,0,1
1925,0,0,0,0,0,1,1,0,1,0
1926,0,0,1,1,0,0,1,0,0,1
1927,0,0,0,0,0,1,1,0,1,0
1928,0,0,0,0,0,1,1,0,1,0
1929,1,-1,1,1,1,0,0,1,0,1
1930,1,0,1,1,1,0,0,1,0,1
1931,0,0,0,0,0,1,1,0,1,0
1932,0,0,0,0,0,1,1,0,1,0
1933,0,0,0,0,0,1,1,0,1,0
1934,0,0,0,0,0,1,1,0,1,0
1935,0,0,1,1,1,0,0,1,1,0
1936,1,0,0,0,0,1,1,0,1,0
1937,0,0,0,0,0,1,1,0,1,0
1938,0,0,1,1,1,0,0,1,1,0
1939,0,0,0,0,0,1,1,0,1,0
1940,1,-1,1,1,1,0,0,1,0,1
1941,0,0,1,1,1,0,0,1,0,1
1942,0,0,0,0,0,1,1,0,1,0
1943,0,0,0,0,0,1,1,0,1,0
1944,1,0,0,0,0,1,1,0,1,0
1945,0,0,1,1,1,0,0,1,0,1
1946,0,0,0,0,0,1,1,0,1,0
1947,0,0,0,0,0,1,1,0,1,0
1948,0,0,0,0,0,1,1,0,1,0
1949,0,0,1,1,1,0,0,1,0,1
1950,0,0,0,0,0,1,1,0,1,0
1951,0,0,0,0,0,1,1,0,1,0
1952,0,0,0,0,0,1,1,0,1,0
1953,0,0,0,0,0,1,1,0,1,0
1954,1,0,1,1,1,0,0,1,0,1
1955,1,-1,1,1,1,0,0,1,0,1
1956,0,0,0,0,0,1,1,0,1,0
1957,0,0,0,0,0,1,1,0,1,0
1958,0,0,0,0,0,1,1,0,1,0
1959,1,0,0,0,0,1,1,0,1,0
1960,1,0,0,0,0,1,1,0,1,0
1961,0,0,0,0,0,1,1,0,1,0
1962,0,0,1,1,1,0,0,1,0,1
1963,1,0,0,0,0,1,1,0,1,0
1964,0,0,0,0,0,1,1,0,1,0
1965,1,0,0,0,0,1,1,0,1,0
1966,0,0,0,0,0,1,1,0,1,0
1967,0,0,0,0,0,1,1,0,1,0
1968,0,0,0,0,0,1,1,0,1,0
1969,1,0,1,1,1,0,0,1,0,1
1970,0,0,0,0,0,1,1,0,1,0
1971,0,0,1,1,1,0,0,1,0,1
1972,1,0,1,1,1,0,0,1,0,1
1973,1,0,0,0,0,1,1,0,1,0
1974,0,0,0,0,0,1,1,0,1,0
1975,0,0,0,0,0,1,1,0,1,0
1976,0,0,0,0,0,1,1,0,1,0
1977,0,0,0,0,0,1,1,0,1,0
1978,0,0,0,0,0,1,1,0,1,0
1979,0,0,0,0,0,1,1,0,1,0
1980,0,0,1,1,1,0,0,1,0,1
1981,0,0,1,1,1,0,1,1,0,1
1982,1,0,1,1,1,0,0,1,0,1
1983,1,0,0,0,0,1,1,0,1,0
1984,0,0,1,1,1,0,0,1,0,1
1985,1,0,0,0,0,1,1,0,1,0
1986,0,0,1,1,1,0,0,1,0,1
1987,0,0,0,0,0,1,1,0,1,0
