,GroundTruth,GroundTruth_DB,FairDEN_v1_min_pts_11_wo_cat,FairDEN_v1_min_pts_13_wo_cat,FairDEN_v1_min_pts_15_wo_cat,FairDEN_v1_min_pts_10_wo_cat
0,0,0,0,0,1,0
1,0,0,0,0,1,0
2,0,0,0,0,1,0
3,1,0,1,1,0,1
4,0,0,0,0,1,0
5,1,0,0,0,1,0
6,0,0,0,0,1,0
7,0,0,0,0,1,0
8,0,0,0,0,1,0
9,0,0,0,0,1,0
10,0,0,1,1,0,1
11,0,0,1,1,0,1
12,0,0,0,0,1,0
13,0,0,0,0,1,0
14,1,0,0,0,1,0
15,0,0,0,0,1,0
16,1,0,0,0,1,0
17,0,0,0,0,1,0
18,0,0,0,0,1,0
19,1,0,0,0,1,0
20,0,0,0,0,1,0
21,1,0,0,0,1,0
22,1,0,1,1,0,1
23,0,0,1,1,0,1
24,1,0,0,0,1,0
25,0,-1,1,1,0,1
26,0,0,0,0,1,0
27,0,0,0,0,1,0
28,0,0,1,1,0,1
29,0,0,0,0,1,0
30,1,0,0,0,1,0
31,1,0,0,0,1,0
32,0,0,0,0,1,0
33,0,0,0,0,1,0
34,0,0,1,1,0,1
35,1,0,1,1,0,1
36,0,0,1,1,0,1
37,0,0,1,1,0,1
38,0,0,1,1,0,1
39,1,0,0,0,1,0
40,0,0,1,1,0,1
41,0,0,0,0,1,0
42,0,0,0,0,1,0
43,0,0,0,0,1,0
44,0,0,0,0,1,0
45,1,0,1,1,0,1
46,1,-1,1,1,0,1
47,1,0,0,0,1,0
48,0,0,0,0,1,0
49,0,0,1,1,0,1
50,0,0,1,1,0,1
51,1,0,0,0,1,0
52,0,0,1,1,0,1
53,0,0,0,0,1,0
54,1,0,0,0,1,0
55,1,0,0,0,1,0
56,1,-1,1,1,0,1
57,0,0,1,1,0,1
58,0,0,0,0,1,0
59,0,0,1,1,0,1
60,0,0,0,0,1,0
61,0,0,0,0,1,0
62,0,0,0,0,1,0
63,0,0,1,1,0,1
64,0,0,0,0,1,0
65,0,0,0,0,1,0
66,0,0,0,0,1,0
67,0,0,0,1,0,0
68,1,0,1,1,0,1
69,0,0,0,0,1,0
70,1,0,0,0,1,0
71,0,0,0,0,1,0
72,0,0,0,0,1,0
73,0,0,1,1,0,1
74,0,0,0,0,1,0
75,0,0,1,1,0,1
76,1,0,0,0,1,0
77,1,0,0,0,1,0
78,0,0,0,0,1,0
79,0,0,0,0,1,0
80,1,0,0,0,1,0
81,0,0,1,1,0,1
82,0,0,0,0,1,0
83,0,0,1,1,0,1
84,0,0,0,0,1,0
85,1,0,0,0,1,0
86,1,0,1,1,0,1
87,0,0,0,0,1,0
88,0,0,0,0,1,0
89,0,0,0,0,1,0
90,0,0,0,0,1,0
91,0,0,0,0,1,0
92,0,0,0,0,1,0
93,0,0,0,0,1,0
94,0,0,0,0,1,0
95,0,0,0,0,1,0
96,0,0,0,0,1,0
97,0,0,0,0,1,0
98,0,0,1,1,0,1
99,1,0,0,0,1,0
100,0,0,1,1,0,1
101,1,0,1,1,0,1
102,0,0,0,0,1,0
103,1,-1,1,1,0,1
104,1,-1,1,1,0,1
105,0,0,0,0,1,0
106,0,0,0,0,1,0
107,0,0,0,1,0,0
108,0,0,0,0,1,0
109,0,0,0,0,1,0
110,1,0,1,1,0,1
111,1,0,0,0,1,0
112,0,0,0,0,1,0
113,1,0,0,0,1,0
114,0,0,0,0,1,0
115,0,0,0,0,1,0
116,0,0,0,0,1,0
117,0,0,0,0,1,0
118,0,0,0,0,1,0
119,1,0,0,0,1,0
120,1,0,0,0,1,0
121,0,0,0,0,1,0
122,0,0,1,1,0,1
123,0,0,0,0,1,0
124,1,0,0,0,1,0
125,0,0,0,0,1,0
126,0,0,0,0,1,0
127,0,0,0,0,1,0
128,0,0,0,0,1,0
129,0,-1,1,1,0,1
130,0,0,0,0,1,0
131,0,0,0,0,1,0
132,1,-1,1,1,0,1
133,0,0,0,0,1,0
134,0,0,0,0,1,0
135,1,-1,1,1,0,1
136,0,0,1,1,0,1
137,0,0,1,1,0,1
138,0,0,0,0,1,0
139,1,0,0,0,1,0
140,1,-1,1,1,0,1
141,0,0,0,0,1,0
142,0,0,1,1,0,1
143,1,-1,1,1,0,1
144,0,0,0,0,1,0
145,0,0,1,1,0,1
146,0,0,0,0,1,0
147,0,0,0,0,1,0
148,0,0,0,0,1,0
149,1,0,1,1,0,1
150,0,0,1,1,0,1
151,0,0,0,0,1,0
152,0,0,0,0,1,0
153,0,0,0,0,1,0
154,0,0,1,1,0,1
155,1,0,0,0,1,0
156,0,0,0,0,1,0
157,0,0,0,0,1,0
158,0,0,0,0,1,0
159,0,0,0,0,1,0
160,0,0,1,1,0,1
161,0,0,1,1,0,1
162,0,0,0,0,1,0
163,0,0,1,1,1,1
164,0,0,0,0,1,0
165,0,0,0,0,1,0
166,0,0,0,0,1,0
167,1,0,0,0,1,0
168,1,0,0,0,1,0
169,0,0,0,0,1,0
170,0,0,0,0,1,0
171,0,0,0,0,1,0
172,1,0,0,0,1,0
173,0,0,0,0,1,0
174,0,0,1,1,0,1
175,0,0,1,1,0,1
176,0,0,0,0,1,0
177,0,0,1,1,0,1
178,0,0,0,0,1,0
179,1,0,0,0,1,0
180,0,0,1,1,0,1
181,0,0,0,0,1,0
182,0,0,0,0,1,0
183,0,0,0,0,1,0
184,1,0,1,1,0,1
185,0,0,1,1,0,1
186,1,0,0,0,1,0
187,0,0,0,0,1,0
188,1,0,0,0,1,0
189,0,0,0,0,1,0
190,0,0,0,0,1,0
191,0,0,0,0,1,0
192,0,0,1,1,0,1
193,0,0,1,1,0,1
194,0,-1,1,1,0,1
195,1,0,0,0,1,0
196,1,0,0,0,1,0
197,0,0,1,1,0,1
198,0,0,0,0,1,0
199,0,0,0,0,1,0
200,0,0,0,0,1,0
201,0,0,0,0,1,0
202,0,0,1,1,0,1
203,1,0,0,0,1,0
204,0,0,0,0,1,0
205,0,0,0,0,1,0
206,0,0,0,0,1,0
207,0,0,0,0,1,0
208,1,0,0,0,1,0
209,1,0,1,1,0,1
210,0,0,1,1,0,1
211,0,0,0,0,1,0
212,1,0,0,0,1,0
213,0,0,1,1,0,1
214,0,0,0,0,1,0
215,0,0,0,0,1,0
216,0,0,1,0,1,1
217,0,0,0,0,1,0
218,0,0,1,1,0,1
219,1,0,0,0,1,0
220,0,0,0,0,1,0
221,1,0,0,0,1,0
222,0,0,0,0,1,0
223,0,0,0,0,1,0
224,0,0,0,0,1,0
225,0,0,0,0,1,0
226,1,0,0,0,1,0
227,0,0,0,0,1,0
228,0,0,0,0,1,0
229,0,0,0,0,1,0
230,1,0,1,1,0,1
231,0,0,1,1,0,1
232,1,0,1,1,0,1
233,0,0,0,0,1,0
234,0,0,0,0,1,0
235,0,-1,1,1,0,1
236,0,0,0,0,1,0
237,0,0,0,0,1,0
238,0,0,1,1,0,1
239,0,0,0,0,1,0
240,1,0,0,0,1,0
241,0,0,0,0,1,0
242,0,0,0,0,1,0
243,1,0,1,1,0,1
244,0,0,0,0,1,0
245,0,0,0,0,1,0
246,1,0,0,0,1,0
247,0,0,0,0,1,0
248,0,0,0,0,1,0
249,0,0,0,0,1,0
250,1,0,1,1,0,1
251,1,0,0,0,1,0
252,0,0,1,1,0,1
253,0,0,1,1,0,1
254,0,0,1,1,0,1
255,0,0,0,0,1,0
256,1,0,0,0,1,0
257,0,0,0,0,1,0
258,0,0,0,0,1,0
259,1,0,1,1,0,1
260,0,0,0,0,1,0
261,0,0,0,0,1,0
262,0,0,1,1,0,1
263,1,0,0,0,1,0
264,0,0,1,1,0,1
265,0,0,0,0,1,0
266,1,0,0,0,1,0
267,1,0,1,1,0,1
268,0,0,0,0,1,0
269,0,0,0,0,1,0
270,0,0,0,0,1,0
271,1,0,1,1,0,1
272,0,0,0,0,1,0
273,0,0,0,0,1,0
274,1,0,0,0,1,0
275,0,0,1,1,0,1
276,0,0,1,1,0,1
277,1,0,1,1,0,1
278,0,0,0,0,1,0
279,1,0,0,1,1,0
280,0,0,0,0,1,0
281,1,0,0,0,1,0
282,0,0,0,0,1,0
283,0,0,0,0,1,0
284,1,0,1,1,0,1
285,1,0,0,0,1,1
286,0,0,0,0,1,0
287,0,0,1,1,0,1
288,0,0,0,0,1,0
289,0,0,0,0,1,0
290,1,0,1,1,0,1
291,1,-1,1,1,0,1
292,0,0,0,0,1,0
293,1,0,0,0,1,0
294,1,0,0,0,1,0
295,1,0,0,0,1,0
296,0,0,0,0,1,0
297,0,0,0,0,1,0
298,1,0,1,1,0,1
299,0,0,1,1,0,1
300,0,0,1,1,0,1
301,0,0,1,1,0,1
302,0,0,0,0,1,0
303,0,0,0,0,1,0
304,0,0,0,0,1,0
305,0,0,0,0,1,0
306,1,0,0,0,1,0
307,0,0,0,0,1,0
308,0,-1,1,1,0,1
309,0,0,0,0,1,0
310,0,0,1,1,0,1
311,0,0,0,0,1,0
312,1,-1,1,1,0,1
313,1,0,1,1,0,1
314,0,0,0,0,1,0
315,0,0,0,0,1,0
316,0,0,0,0,1,0
317,0,0,1,1,0,1
318,0,0,0,1,0,0
319,0,0,0,0,1,0
320,0,0,0,0,1,0
321,0,0,0,0,1,0
322,0,0,0,0,1,0
323,0,0,0,0,1,0
324,0,0,0,0,1,0
325,0,0,0,0,1,0
326,0,0,0,0,1,0
327,0,0,1,0,1,1
328,1,0,0,0,1,0
329,0,0,1,1,0,1
330,1,0,1,1,0,1
331,1,0,0,0,1,0
332,0,0,0,0,1,0
333,0,0,0,0,1,0
334,0,0,0,0,1,0
335,0,0,0,0,1,0
336,1,0,0,0,1,0
337,0,0,0,0,1,0
338,0,0,0,0,1,0
339,0,0,0,0,1,0
340,0,0,0,0,1,0
341,0,0,0,0,1,0
342,1,0,0,0,1,0
343,0,0,0,0,1,0
344,0,0,0,0,1,0
345,0,0,0,0,1,0
346,0,0,0,0,1,0
347,0,0,0,0,1,0
348,0,0,0,0,1,0
349,0,0,0,0,1,0
350,0,0,0,0,1,0
351,0,0,0,0,1,0
352,0,0,1,0,1,0
353,0,0,0,0,1,0
354,0,0,1,1,0,1
355,0,0,0,0,1,0
356,1,0,0,0,1,0
357,0,0,0,0,1,0
358,0,0,1,1,0,1
359,0,-1,1,1,0,1
360,1,0,0,0,1,0
361,0,0,0,0,1,0
362,1,0,1,1,0,1
363,1,0,0,0,1,0
364,1,0,1,1,0,1
365,0,-1,1,1,0,1
366,0,0,0,0,1,0
367,0,0,0,0,1,0
368,0,0,0,0,1,0
369,1,0,1,1,0,1
370,0,0,0,0,1,0
371,0,0,1,1,0,1
372,1,0,1,1,0,1
373,0,0,0,0,1,0
374,0,0,1,1,0,1
375,0,0,1,1,0,1
376,0,0,0,0,1,0
377,0,0,0,0,1,0
378,0,0,0,0,1,0
379,0,0,0,0,1,0
380,0,0,0,0,1,0
381,1,0,1,1,0,1
382,0,0,0,0,1,0
383,0,0,1,1,0,1
384,0,0,0,0,1,0
385,0,0,1,1,0,1
386,0,0,0,0,1,0
387,1,0,1,1,0,1
388,0,0,1,1,0,1
389,0,-1,1,1,0,1
390,0,0,1,1,0,1
391,1,0,1,1,0,1
392,0,0,0,0,1,0
393,1,0,0,0,1,0
394,0,0,0,0,1,0
395,0,0,1,1,0,1
396,0,0,1,1,0,1
397,0,0,1,1,0,1
398,1,0,0,0,1,1
399,0,0,0,0,1,0
400,0,0,0,0,1,0
401,0,0,0,0,1,0
402,0,0,0,0,1,0
403,0,0,0,0,1,0
404,1,0,1,1,1,1
405,0,0,0,0,1,0
406,1,0,1,1,0,1
407,1,0,1,1,0,1
408,0,0,0,0,1,0
409,0,0,0,0,1,0
410,0,0,0,0,1,0
411,0,0,0,0,1,0
412,0,0,0,0,1,0
413,0,0,0,0,1,0
414,0,0,0,1,1,0
415,0,0,0,0,1,0
416,0,0,0,0,1,0
417,0,0,0,0,1,0
418,1,0,0,0,1,0
419,1,0,1,1,0,1
420,0,0,1,1,0,1
421,0,0,1,1,0,1
422,0,0,0,0,1,0
423,0,0,1,1,0,1
424,0,0,1,1,0,1
425,1,0,0,0,1,0
426,0,0,0,0,1,0
427,1,0,1,1,0,1
428,0,0,1,1,0,1
429,0,0,0,0,1,0
430,0,0,0,0,1,0
431,1,0,1,1,0,1
432,0,0,1,1,0,1
433,0,0,0,0,1,0
434,0,0,1,1,0,1
435,0,0,0,0,1,0
436,0,0,0,0,1,0
437,0,0,0,0,1,0
438,0,0,0,0,1,0
439,1,0,0,0,1,0
440,1,0,0,0,1,0
441,0,0,1,1,0,1
442,0,0,0,0,1,0
443,1,0,1,1,0,1
444,0,0,0,0,1,0
445,0,0,1,1,0,1
446,1,-1,1,1,0,1
447,0,0,1,1,0,1
448,0,0,0,0,1,0
449,0,0,0,0,1,0
450,1,0,1,1,0,1
451,1,0,0,0,1,0
452,1,0,1,1,0,1
453,0,0,0,0,1,0
454,0,0,0,0,1,0
455,0,0,1,1,0,1
456,1,0,0,0,1,0
457,0,0,0,0,1,0
458,0,0,1,1,0,1
459,0,0,0,0,1,0
460,1,0,0,0,1,0
461,0,0,0,0,1,0
462,0,0,1,1,1,1
463,0,0,0,0,1,0
464,0,0,0,0,1,0
465,0,0,0,0,1,0
466,0,0,0,0,1,0
467,1,0,1,1,0,1
468,0,0,0,0,1,0
469,0,0,0,0,1,0
470,0,0,1,1,0,1
471,0,0,1,1,0,1
472,1,0,0,0,1,0
473,0,0,0,0,1,0
474,0,0,0,0,1,0
475,0,0,1,1,0,1
476,0,-1,1,1,0,1
477,1,0,0,0,1,0
478,0,0,1,1,0,1
479,0,0,0,0,1,0
480,0,0,0,0,1,0
481,1,0,1,1,0,1
482,0,0,1,1,0,1
483,0,0,0,0,1,0
484,1,0,1,1,0,1
485,1,0,1,1,0,1
486,1,0,1,1,0,1
487,0,0,0,0,1,0
488,0,0,0,0,1,0
489,1,0,1,1,0,1
490,1,0,0,0,1,0
491,1,0,0,0,1,0
492,0,0,1,1,0,1
493,0,0,0,0,1,0
494,0,0,0,0,1,0
495,0,0,0,0,1,0
496,1,0,0,0,1,0
497,0,0,0,0,1,0
498,0,0,1,1,0,1
499,1,0,1,1,0,1
500,0,0,1,1,0,1
501,0,0,0,0,1,0
502,0,0,0,0,1,0
503,1,0,0,0,1,0
504,0,0,1,1,0,1
505,0,0,0,0,1,0
506,0,0,0,0,1,0
507,0,0,1,1,0,1
508,0,0,0,0,1,0
509,1,0,1,1,0,1
510,0,0,0,0,1,0
511,0,0,0,0,1,0
512,1,0,0,0,1,0
513,1,0,1,1,0,1
514,0,-1,1,1,0,1
515,0,0,0,0,1,0
516,0,0,0,0,1,0
517,0,0,0,0,1,0
518,0,0,0,1,1,0
519,0,0,0,0,1,0
520,0,0,1,1,0,1
521,0,-1,1,1,0,1
522,0,0,1,1,0,1
523,0,0,0,0,1,0
524,0,0,0,0,1,0
525,0,0,0,0,1,0
526,0,0,0,0,1,0
527,1,-1,1,1,0,1
528,0,0,0,0,1,0
529,0,0,0,0,1,0
530,0,0,0,0,1,0
531,0,0,1,1,0,1
532,0,0,0,0,1,0
533,0,0,0,0,1,0
534,0,0,0,0,1,0
535,0,0,0,0,1,0
536,0,0,0,0,1,0
537,0,0,0,0,1,0
538,0,0,0,0,1,0
539,0,0,1,1,0,0
540,0,0,1,1,0,0
541,0,0,0,0,1,0
542,0,0,0,0,1,0
543,1,0,1,1,0,1
544,0,0,0,0,1,0
545,1,0,1,1,0,1
546,0,0,0,0,1,0
547,0,0,0,0,1,0
548,0,0,0,0,1,0
549,1,0,1,1,0,1
550,0,0,0,0,1,0
551,0,0,1,1,0,1
552,0,-1,1,1,0,1
553,0,0,1,1,1,1
554,1,0,0,0,1,0
555,0,0,0,0,1,0
556,0,0,1,1,0,1
557,1,0,1,1,0,1
558,0,0,0,0,1,0
559,1,0,0,0,1,0
560,0,0,1,1,0,1
561,0,0,0,0,1,0
562,1,0,0,0,1,0
563,0,0,0,0,1,0
564,0,0,0,0,1,0
565,0,0,0,0,1,0
566,0,0,0,0,1,0
567,0,0,0,0,1,0
568,0,0,1,1,0,1
569,0,0,0,0,1,0
570,0,0,1,1,0,1
571,1,0,0,0,1,0
572,1,0,0,0,0,0
573,0,0,0,0,1,0
574,0,0,0,0,1,0
575,0,0,0,0,1,0
576,0,0,0,0,1,0
577,0,0,0,0,1,0
578,0,0,0,0,1,0
579,0,0,1,1,0,1
580,1,-1,1,1,0,1
581,0,0,1,1,0,1
582,0,0,1,1,0,0
583,0,0,0,0,1,0
584,0,0,1,1,0,1
585,0,0,0,0,1,0
586,0,0,1,1,0,1
587,1,0,1,1,0,1
588,0,0,0,0,1,0
589,1,0,1,1,0,1
590,1,0,1,1,0,1
591,0,0,0,0,1,0
592,0,0,0,0,1,0
593,0,0,0,0,1,0
594,1,0,0,0,1,0
595,0,0,0,0,1,0
596,0,0,0,0,1,0
597,0,0,0,0,1,0
598,0,0,1,1,0,1
599,0,0,0,0,1,0
600,0,0,1,1,0,1
601,0,0,0,0,1,0
602,1,0,1,1,1,1
603,0,0,0,0,1,0
604,0,0,0,0,1,0
605,1,0,0,0,1,0
606,1,0,1,1,0,1
607,0,0,0,0,1,0
608,0,0,1,1,0,1
609,1,0,0,0,1,0
610,0,0,0,0,1,0
611,0,0,0,0,1,0
612,1,0,0,0,1,0
613,1,-1,1,1,0,1
614,0,0,0,0,1,0
615,0,0,0,0,1,0
616,0,0,0,0,1,0
617,0,0,0,0,1,0
618,0,0,0,0,1,0
619,0,0,0,0,1,0
620,0,0,0,0,1,0
621,0,0,1,1,0,1
622,0,0,0,0,1,0
623,1,0,0,0,1,0
624,0,0,1,1,0,1
625,1,0,1,1,0,1
626,0,0,1,1,0,1
627,0,0,0,0,1,0
628,0,0,0,0,1,0
629,0,0,0,0,1,0
630,1,0,1,1,0,1
631,0,0,0,0,1,0
632,0,0,0,0,1,0
633,1,0,0,0,1,0
634,0,0,1,1,0,1
635,0,0,0,0,1,0
636,0,0,1,1,0,1
637,0,0,0,0,1,0
638,0,0,1,1,0,1
639,0,0,1,1,0,1
640,0,0,1,1,0,1
641,0,0,0,0,1,0
642,0,0,0,0,1,0
643,0,0,0,0,1,0
644,1,0,0,0,1,0
645,0,0,0,0,1,0
646,1,0,0,0,1,0
647,0,0,0,0,1,0
648,1,0,0,0,1,0
649,0,0,0,0,1,0
650,0,0,1,1,0,1
651,0,0,0,0,1,0
652,1,0,1,1,0,1
653,1,0,0,0,1,0
654,1,0,0,0,1,0
655,0,0,0,0,1,0
656,0,0,1,1,0,1
657,1,0,1,1,0,1
658,0,0,1,1,0,1
659,0,-1,1,1,0,1
660,0,0,0,0,1,0
661,0,0,0,0,1,0
662,0,0,0,0,1,0
663,0,0,1,1,0,1
664,0,0,0,0,1,0
665,0,0,0,0,1,0
666,1,0,1,1,0,1
667,0,0,1,1,0,1
668,0,0,0,0,1,0
669,1,0,1,1,0,1
670,0,0,0,0,1,0
671,0,0,0,0,1,0
672,0,0,0,0,1,0
673,0,0,0,0,1,0
674,0,0,0,0,1,0
675,0,0,0,0,1,0
676,0,0,0,0,1,0
677,0,0,0,0,1,0
678,1,0,1,1,0,1
679,0,0,0,0,1,0
680,0,0,0,0,1,0
681,1,0,0,0,1,0
682,0,0,0,0,1,0
683,0,0,0,0,1,0
684,0,0,0,0,1,0
685,0,0,0,0,1,0
686,0,0,0,0,1,0
687,0,0,0,0,1,0
688,0,0,0,0,1,0
689,0,0,0,0,1,0
690,0,0,1,1,0,1
691,0,0,0,0,1,0
692,1,0,1,1,0,1
693,0,0,1,1,0,1
694,0,0,0,0,1,0
695,0,0,1,1,0,1
696,0,0,0,0,1,0
697,0,-1,1,1,0,1
698,0,0,0,0,1,0
699,0,0,0,0,1,0
700,1,0,0,0,1,0
701,0,0,0,0,1,0
702,0,0,0,0,1,0
703,0,0,0,0,1,0
704,0,0,1,1,0,1
705,0,0,0,0,1,0
706,0,0,0,0,1,0
707,0,0,0,1,0,0
708,1,0,0,0,1,0
709,0,0,1,1,0,1
710,1,0,1,1,0,1
711,0,0,0,0,1,0
712,1,0,1,1,0,1
713,0,0,0,0,1,0
714,0,0,0,0,1,0
715,0,0,1,1,1,1
716,0,0,1,1,0,1
717,0,0,0,0,1,0
718,0,0,0,0,1,0
719,0,0,1,1,0,1
720,1,0,0,0,1,0
721,1,0,0,0,1,0
722,1,0,0,0,1,0
723,0,0,0,0,1,0
724,0,0,0,0,1,0
725,0,0,0,0,1,0
726,1,-1,1,1,0,1
727,0,-1,1,1,0,1
728,0,0,0,0,1,0
729,0,0,0,0,1,0
730,0,0,0,0,1,0
731,0,0,0,0,1,0
732,0,0,0,0,1,0
733,0,0,0,0,1,0
734,1,0,0,0,1,0
735,1,0,0,0,1,0
736,0,0,0,0,1,0
737,0,-1,1,1,0,1
738,1,0,1,1,0,1
739,0,0,0,0,1,0
740,0,0,0,0,1,0
741,0,0,0,1,0,0
742,0,0,0,0,1,0
743,0,0,0,0,1,0
744,0,0,0,0,1,0
745,1,0,0,0,1,0
746,1,0,0,0,1,0
747,0,0,1,1,0,1
748,0,0,0,0,1,0
749,0,0,0,0,1,0
750,0,0,1,1,0,1
751,0,0,1,1,0,1
752,1,0,0,0,1,0
753,0,0,1,1,0,1
754,1,0,0,0,1,0
755,0,0,0,0,1,0
756,0,0,1,1,0,1
757,0,-1,1,1,0,1
758,1,0,0,0,1,0
759,0,0,0,0,1,0
760,0,0,0,0,1,0
761,0,0,0,0,1,0
762,0,0,0,0,1,0
763,0,0,0,0,1,0
764,0,0,0,0,1,0
765,0,0,1,1,0,1
766,0,0,0,0,1,0
767,0,0,0,0,1,0
768,1,0,0,0,1,0
769,0,0,0,0,1,0
770,0,0,0,0,1,0
771,0,0,0,0,1,0
772,0,0,1,1,0,1
773,0,0,0,1,0,0
774,0,0,0,0,1,0
775,0,0,0,0,1,0
776,0,0,0,0,1,0
777,0,0,0,0,1,0
778,1,0,0,0,1,0
779,0,0,0,0,1,0
780,0,0,1,1,0,1
781,0,0,0,0,1,0
782,1,0,0,0,1,0
783,0,0,0,0,1,0
784,0,0,0,0,1,0
785,1,0,0,0,1,0
786,0,0,0,1,0,0
787,0,0,0,0,1,0
788,0,0,0,0,1,0
789,0,0,1,1,0,1
790,1,0,1,1,0,1
791,0,0,1,1,0,1
792,0,0,0,0,1,0
793,0,0,1,1,0,1
794,1,0,0,0,1,0
795,0,0,1,1,0,1
796,0,0,1,1,0,0
797,0,0,1,1,0,1
798,0,0,1,1,0,1
799,0,0,1,1,0,1
800,0,0,0,1,0,0
801,0,0,0,0,1,0
802,0,0,0,0,1,0
803,1,0,1,1,0,1
804,1,0,0,0,1,0
805,0,0,0,0,1,0
806,0,0,0,0,1,0
807,0,-1,1,1,0,1
808,1,0,0,0,1,0
809,1,0,1,1,0,1
810,0,0,0,0,1,0
811,1,0,1,1,0,1
812,0,0,0,0,1,0
813,0,0,0,0,1,0
814,0,0,0,0,1,0
815,0,0,1,1,0,1
816,0,0,0,0,1,0
817,0,0,0,0,1,0
818,0,0,0,0,1,0
819,1,0,1,1,0,1
820,0,0,0,0,1,0
821,0,0,0,0,1,0
822,1,0,0,0,1,0
823,1,0,1,1,0,1
824,0,0,0,0,1,0
825,0,0,0,0,1,0
826,0,0,0,0,1,0
827,0,0,0,0,1,0
828,0,0,1,1,0,1
829,0,0,1,1,1,1
830,0,0,0,0,1,0
831,0,0,1,1,0,1
832,0,0,0,0,1,0
833,0,0,1,1,0,1
834,0,0,1,1,0,1
835,1,0,1,1,1,1
836,0,0,1,1,0,1
837,0,0,0,0,1,0
838,0,0,1,1,0,1
839,0,0,0,0,1,0
840,0,0,0,0,1,0
841,0,0,0,0,1,0
842,0,0,0,0,1,0
843,0,0,0,0,1,0
844,0,0,0,0,1,0
845,0,0,0,0,1,0
846,0,0,0,0,1,0
847,0,0,1,1,0,1
848,0,-1,1,1,0,1
849,1,0,1,1,0,1
850,0,0,0,0,1,0
851,0,0,0,0,1,0
852,1,0,0,0,1,0
853,0,0,0,0,1,0
854,0,0,1,1,0,1
855,0,0,0,0,1,0
856,0,0,0,1,0,0
857,0,0,0,0,1,0
858,1,0,1,1,0,1
859,0,0,1,1,0,1
860,1,0,0,1,1,0
861,0,0,0,0,1,0
862,0,0,0,0,1,0
863,0,0,0,0,1,0
864,0,0,0,0,1,0
865,0,0,0,0,1,0
866,0,0,0,0,1,0
867,0,0,0,0,1,0
868,1,0,0,0,1,0
869,0,0,1,1,0,1
870,0,0,0,0,1,0
871,0,0,0,0,1,0
872,1,-1,1,1,0,1
873,0,0,1,1,0,1
874,0,0,1,1,0,1
875,0,0,0,0,1,0
876,0,0,0,0,1,0
877,1,0,0,0,1,0
878,1,0,0,0,1,0
879,1,0,1,1,0,1
880,0,0,1,1,0,1
881,1,0,0,0,1,0
882,0,0,0,0,1,0
883,0,0,0,0,1,0
884,0,0,0,0,1,0
885,0,0,0,0,1,0
886,0,0,0,0,1,0
887,0,0,1,1,0,1
888,1,0,0,0,1,0
889,1,-1,1,1,0,1
890,1,0,0,0,1,0
891,0,0,0,0,1,0
892,0,0,0,0,1,0
893,0,0,0,0,1,0
894,1,0,0,0,1,0
895,0,0,0,0,1,0
896,0,0,0,0,1,0
897,0,0,0,0,1,0
898,0,0,0,0,1,0
899,0,0,1,1,0,1
900,1,0,1,1,0,1
901,0,0,0,0,1,0
902,0,0,0,0,1,0
903,0,0,0,0,1,0
904,0,0,0,0,1,0
905,0,0,1,1,0,1
906,0,0,0,0,1,0
907,0,0,1,1,0,1
908,0,0,0,0,1,0
909,1,0,0,0,1,0
910,0,0,1,1,0,1
911,0,0,1,1,0,1
912,1,0,0,0,1,0
913,0,0,0,0,1,0
914,0,0,1,1,0,1
915,0,0,0,0,1,0
916,1,0,1,1,0,0
917,1,-1,1,1,0,1
918,0,0,0,1,0,0
919,0,0,0,0,1,0
920,0,0,0,0,1,0
921,0,0,0,0,1,0
922,0,0,0,0,1,0
923,0,0,1,1,0,1
924,1,0,0,0,1,0
925,0,0,0,0,1,0
926,0,0,0,0,1,0
927,0,0,0,0,1,0
928,0,0,0,0,1,0
929,0,0,0,0,1,0
930,1,0,1,1,0,1
931,0,0,0,0,1,0
932,0,0,1,1,0,1
933,1,0,0,0,1,0
934,0,0,0,0,1,0
935,0,0,0,0,1,0
936,0,0,0,0,1,0
937,1,-1,1,1,0,1
938,0,0,1,1,0,0
939,0,0,0,0,1,0
940,1,0,0,0,1,0
941,0,0,1,1,0,1
942,0,0,0,0,1,0
943,0,0,1,1,0,1
944,0,0,1,1,0,1
945,1,0,1,1,0,1
946,0,0,0,0,1,0
947,0,0,0,0,1,0
948,1,0,0,0,1,0
949,0,0,0,0,1,0
950,0,0,0,0,1,0
951,0,0,0,0,1,1
952,0,0,0,0,1,0
953,0,0,0,0,1,0
954,0,0,1,1,0,1
955,0,0,0,0,1,0
956,1,0,0,0,1,0
957,0,0,0,0,1,0
958,1,0,1,1,0,1
959,0,0,0,0,1,0
960,0,0,0,0,1,0
961,0,0,0,0,1,0
962,0,0,1,1,0,1
963,1,0,1,1,0,1
964,0,0,0,0,1,0
965,0,0,0,0,1,0
966,0,0,0,0,1,0
967,0,0,0,0,1,0
968,0,0,0,0,1,0
969,1,0,0,0,1,0
970,0,0,0,0,1,0
971,0,0,0,0,1,0
972,0,0,0,0,1,0
973,0,-1,1,1,0,1
974,0,0,1,1,0,1
975,0,0,1,1,0,1
976,0,0,0,0,1,0
977,1,0,1,1,0,1
978,1,0,0,0,1,0
979,0,0,1,1,0,1
980,0,0,0,0,1,0
981,0,0,0,0,1,0
982,0,0,0,0,1,0
983,0,-1,1,1,0,1
984,0,0,1,1,0,1
985,0,0,0,0,1,0
986,1,0,0,0,1,0
987,1,0,0,0,1,0
988,0,0,0,0,1,0
989,1,0,0,0,1,0
990,0,0,0,0,1,0
991,0,0,0,0,1,0
992,0,0,0,0,0,0
993,1,0,1,1,0,1
994,0,0,0,0,1,0
995,0,0,0,0,1,0
996,0,0,0,0,1,0
997,0,0,1,1,0,1
998,1,0,0,0,1,0
999,0,0,0,0,1,0
1000,0,0,0,0,1,0
1001,1,0,1,1,1,0
1002,1,0,1,1,0,1
1003,0,0,1,1,0,1
1004,0,0,0,1,1,0
1005,0,0,0,0,1,0
1006,0,0,0,0,1,0
1007,0,0,0,0,1,0
1008,0,0,0,0,1,0
1009,1,0,0,0,1,0
1010,0,0,1,1,0,1
1011,0,0,0,0,1,0
1012,0,0,0,0,1,0
1013,1,0,0,0,1,0
1014,0,0,1,1,0,1
1015,0,0,0,0,1,0
1016,0,0,0,0,1,0
1017,0,0,1,1,0,1
1018,0,0,0,0,1,0
1019,0,0,1,1,0,1
1020,0,0,0,0,1,0
1021,0,0,0,0,1,0
1022,0,0,0,0,1,0
1023,0,0,0,0,1,0
1024,0,0,0,0,1,0
1025,1,0,1,1,0,1
1026,1,0,0,0,1,0
1027,0,0,0,0,1,0
1028,0,0,1,1,0,1
1029,0,0,1,1,0,1
1030,1,0,1,1,0,1
1031,1,0,1,1,0,1
1032,0,0,0,0,1,0
1033,1,0,0,0,1,0
1034,0,0,1,1,0,1
1035,1,0,1,1,0,1
1036,0,0,1,1,0,1
1037,0,0,1,1,0,1
1038,0,0,1,1,0,1
1039,0,0,0,0,1,0
1040,0,0,0,0,1,0
1041,0,0,0,0,1,0
1042,1,0,0,1,0,0
1043,0,0,0,0,1,0
1044,0,0,0,0,1,0
1045,0,0,0,0,1,0
1046,0,0,1,1,0,1
1047,1,0,1,1,1,1
1048,1,0,0,0,1,0
1049,0,0,0,0,1,0
1050,0,0,0,0,1,0
1051,0,0,0,0,1,0
1052,0,0,0,0,1,0
1053,1,0,0,0,1,0
1054,0,0,0,0,1,0
1055,0,0,0,0,1,0
1056,1,0,0,0,1,0
1057,0,0,1,1,0,1
1058,0,0,1,1,0,1
1059,0,0,0,0,1,0
1060,0,0,0,0,1,0
1061,0,-1,1,1,0,1
1062,0,0,1,1,0,1
1063,0,0,1,1,0,1
1064,0,0,1,1,0,1
1065,0,0,0,0,1,0
1066,0,0,0,0,1,0
1067,0,0,0,0,1,0
1068,0,0,0,0,1,0
1069,0,0,0,0,1,0
1070,0,0,1,1,0,1
1071,0,0,0,0,0,0
1072,0,0,0,0,1,0
1073,0,0,1,1,0,1
1074,1,0,0,0,1,0
1075,0,0,1,1,0,1
1076,0,0,0,0,1,0
1077,0,0,0,0,1,0
1078,0,0,1,1,0,1
1079,1,0,1,1,0,1
1080,0,0,1,1,0,1
1081,0,0,0,0,1,0
1082,1,0,0,0,1,0
1083,1,0,1,1,0,1
1084,1,0,0,0,1,0
1085,0,0,0,0,1,0
1086,1,0,0,0,1,0
1087,0,0,0,0,1,0
1088,1,0,0,0,1,0
1089,0,0,1,1,0,1
1090,0,0,0,1,1,0
1091,1,0,1,1,0,1
1092,0,0,1,1,0,1
1093,0,0,0,0,1,0
1094,1,0,0,0,0,0
1095,0,-1,1,1,0,1
1096,1,0,1,1,0,1
1097,0,0,0,0,1,0
1098,0,0,0,0,1,0
1099,1,0,0,0,1,0
1100,1,-1,1,1,0,1
1101,0,0,1,1,0,1
1102,0,0,0,0,1,0
1103,0,0,1,1,0,1
1104,0,0,0,1,1,0
1105,0,0,0,0,1,0
1106,0,0,0,0,1,0
1107,0,0,0,0,1,0
1108,0,0,0,0,1,0
1109,0,0,1,1,0,1
1110,1,0,1,1,0,1
1111,0,0,0,0,1,0
1112,0,0,1,1,0,1
1113,0,0,0,0,1,0
1114,0,0,0,0,1,0
1115,0,0,0,0,1,0
1116,0,0,1,1,0,1
1117,1,0,1,1,0,1
1118,0,0,0,0,1,0
1119,0,0,0,0,1,0
1120,0,0,1,1,0,1
1121,1,0,0,0,1,0
1122,0,0,1,1,0,1
1123,1,-1,1,1,0,1
1124,0,0,0,0,1,0
1125,1,0,1,1,0,1
1126,0,0,0,0,1,0
1127,0,0,0,0,1,0
1128,0,0,0,0,1,0
1129,0,0,0,0,1,0
1130,1,0,0,0,1,0
1131,0,0,1,1,0,1
1132,1,0,0,0,1,0
1133,0,0,0,0,1,0
1134,1,0,0,0,1,0
1135,0,0,0,0,1,0
1136,1,0,0,0,1,0
1137,0,0,0,0,1,0
1138,0,0,1,1,0,1
1139,0,0,0,0,1,0
1140,0,0,0,0,1,0
1141,0,0,0,0,1,0
1142,1,0,1,1,0,1
1143,0,0,0,0,1,0
1144,0,0,0,0,1,0
1145,0,0,0,0,1,0
1146,0,0,0,0,1,0
1147,0,0,0,0,1,0
1148,0,0,0,0,1,0
1149,1,0,0,0,1,0
1150,1,0,0,0,1,0
1151,1,0,0,0,1,0
1152,0,0,0,0,1,0
1153,0,0,0,0,1,0
1154,0,0,0,0,1,0
1155,1,0,1,1,0,1
1156,0,0,0,0,1,0
1157,0,0,1,1,0,1
1158,0,0,1,1,0,0
1159,1,0,1,1,0,1
1160,0,0,0,0,1,0
1161,0,0,0,0,1,0
1162,0,0,1,1,0,1
1163,0,0,0,0,1,0
1164,0,0,0,0,1,0
1165,0,0,0,0,1,0
1166,1,0,1,1,0,1
1167,0,0,1,1,0,1
1168,1,0,0,0,1,0
1169,0,0,0,0,1,0
1170,0,0,0,0,1,0
1171,0,0,0,0,1,0
1172,0,0,0,0,1,0
1173,1,0,0,0,1,0
1174,0,0,0,0,1,0
1175,0,0,0,0,1,0
1176,0,0,1,1,0,1
1177,0,0,0,0,1,0
1178,1,0,1,1,0,1
1179,1,0,0,0,1,0
1180,1,0,0,0,1,0
1181,0,0,0,0,1,0
1182,1,0,1,0,1,1
1183,1,0,1,1,0,1
1184,0,0,0,0,1,0
1185,1,0,0,0,1,0
1186,0,0,0,0,1,0
1187,0,0,1,1,0,1
1188,0,0,0,0,1,0
1189,0,0,0,0,1,0
1190,1,0,0,0,1,0
1191,1,0,1,1,0,1
1192,0,0,0,0,1,0
1193,1,0,0,0,1,0
1194,1,0,1,1,0,1
1195,0,0,1,1,0,1
1196,0,0,0,0,1,0
1197,0,0,0,0,1,0
1198,0,0,0,0,1,0
1199,0,0,0,0,1,0
1200,1,0,1,1,0,1
1201,0,0,0,0,1,0
1202,1,0,0,0,1,0
1203,0,0,0,0,1,0
1204,1,0,1,1,0,1
1205,0,0,0,0,1,0
1206,0,0,0,0,1,0
1207,0,0,1,1,0,1
1208,1,-1,1,1,0,1
1209,0,0,0,0,1,0
1210,1,0,0,0,1,0
1211,0,-1,1,1,0,1
1212,0,0,0,0,1,0
1213,0,0,0,0,1,0
1214,1,0,0,0,1,0
1215,1,0,0,0,1,0
1216,0,0,0,0,1,0
1217,0,0,0,0,1,0
1218,0,0,0,0,1,0
1219,1,0,1,1,0,1
1220,0,0,0,0,1,0
1221,1,0,0,0,1,0
1222,0,0,1,1,0,1
1223,0,0,1,1,0,1
1224,0,0,0,0,1,0
1225,0,0,0,0,1,0
1226,0,0,0,0,1,0
1227,1,0,1,1,0,1
1228,0,0,1,1,0,1
1229,0,0,0,0,1,0
1230,0,0,1,1,0,1
1231,0,0,1,1,0,1
1232,0,0,0,0,1,0
1233,0,0,0,0,1,0
1234,0,0,0,0,1,0
1235,0,0,0,0,1,0
1236,0,0,1,1,0,1
1237,0,0,0,0,1,0
1238,0,0,0,0,1,0
1239,0,0,0,0,1,0
1240,0,0,1,1,0,1
1241,0,0,0,0,1,0
1242,0,0,0,0,1,0
1243,1,0,1,1,0,1
1244,0,0,0,1,0,0
1245,1,-1,1,1,0,1
1246,0,0,1,1,0,1
1247,0,0,0,0,1,0
1248,0,0,1,1,0,1
1249,0,0,0,0,1,0
1250,0,0,0,0,1,0
1251,0,0,0,0,1,0
1252,0,0,0,0,1,0
1253,0,0,0,0,1,0
1254,0,0,0,0,1,0
1255,0,0,0,0,1,0
1256,0,0,1,1,0,0
1257,1,0,0,0,1,0
1258,0,0,0,0,1,0
1259,0,0,0,0,1,0
1260,0,0,1,1,0,1
1261,0,0,1,1,0,1
1262,0,0,0,0,1,0
1263,0,0,0,0,1,0
1264,0,0,1,1,0,1
1265,1,0,1,1,0,1
1266,0,0,1,1,0,1
1267,1,0,0,0,1,0
1268,1,0,0,0,1,0
1269,0,0,0,0,1,0
1270,0,-1,1,1,0,1
1271,0,0,0,0,1,0
1272,0,0,0,0,1,0
1273,0,0,0,0,1,0
1274,0,0,0,0,1,0
1275,0,0,0,0,1,0
1276,0,0,0,0,1,0
1277,1,0,0,0,1,0
1278,1,0,0,0,1,0
1279,0,0,1,1,0,1
1280,0,0,0,0,1,0
1281,0,0,1,1,0,1
1282,1,0,1,1,0,1
1283,0,0,0,0,1,0
1284,1,0,0,0,1,0
1285,0,0,0,0,1,0
1286,0,0,1,1,0,1
1287,0,0,1,1,0,1
1288,0,0,0,0,1,0
1289,0,0,0,0,1,0
1290,0,0,0,0,1,0
1291,0,0,0,0,1,0
1292,0,0,0,0,1,0
1293,0,0,0,0,1,0
1294,1,0,0,0,1,0
1295,0,0,0,0,1,0
1296,0,0,0,0,1,0
1297,0,0,0,0,1,0
1298,1,0,0,0,1,0
1299,1,0,0,0,1,0
1300,0,0,1,1,0,1
1301,0,0,0,0,1,0
1302,1,0,0,0,1,0
1303,1,0,0,0,1,0
1304,0,0,0,0,1,0
1305,0,0,0,0,1,0
1306,0,0,1,1,0,1
1307,1,0,1,1,0,1
1308,1,0,0,0,1,0
1309,0,0,1,1,0,1
1310,0,0,0,0,1,0
1311,0,0,1,1,0,1
1312,0,0,0,0,1,0
1313,0,0,0,0,1,0
1314,1,0,0,0,1,0
1315,0,0,0,0,1,0
1316,0,0,0,0,1,0
1317,0,0,0,0,1,0
1318,1,-1,1,1,0,1
1319,0,0,0,0,1,0
1320,0,0,0,0,1,0
1321,0,0,0,0,1,0
1322,0,0,0,0,1,0
1323,0,0,1,1,0,1
1324,0,0,0,0,1,0
1325,0,0,0,0,1,0
1326,1,0,0,0,1,0
1327,0,0,0,0,1,0
1328,0,0,1,1,0,1
1329,1,0,0,0,1,0
1330,1,0,1,1,1,1
1331,0,0,0,0,1,0
1332,0,0,0,0,1,0
1333,1,0,0,0,1,0
1334,1,0,1,1,0,1
1335,0,0,1,1,0,1
1336,0,0,0,0,1,0
1337,0,0,0,0,1,0
1338,0,0,0,0,1,0
1339,0,0,0,0,1,0
1340,0,0,0,0,1,0
1341,1,0,0,0,1,0
1342,0,0,0,0,1,0
1343,0,0,0,0,1,0
1344,0,0,0,0,1,0
1345,0,0,0,0,1,0
1346,0,0,0,0,1,0
1347,0,0,1,1,0,1
1348,0,0,1,1,0,1
1349,1,0,0,0,1,0
1350,1,0,0,0,1,0
1351,0,0,0,0,1,0
1352,0,0,1,1,0,1
1353,1,0,0,0,1,0
1354,0,0,1,1,0,1
1355,0,0,0,0,1,0
1356,1,0,1,1,0,1
1357,0,0,0,0,1,0
1358,0,0,0,0,1,0
1359,1,0,0,0,1,0
1360,0,0,0,0,1,0
1361,0,0,0,0,1,0
1362,0,0,0,0,1,0
1363,0,0,1,1,0,1
1364,0,0,0,0,1,0
1365,0,0,0,0,1,0
1366,0,0,0,0,1,0
1367,1,0,0,0,1,0
1368,0,0,1,1,0,1
1369,0,0,0,1,0,0
1370,0,0,1,1,0,1
1371,1,0,0,0,1,0
1372,0,0,1,1,0,1
1373,1,0,1,1,0,1
1374,0,0,0,0,1,0
1375,0,0,0,0,1,0
1376,0,0,0,0,1,0
1377,1,0,1,1,1,1
1378,0,0,0,0,1,0
1379,0,0,0,0,1,1
1380,1,0,1,1,0,1
1381,0,0,0,0,1,0
1382,0,0,1,1,0,1
1383,1,0,0,0,1,0
1384,1,0,0,0,1,0
1385,1,0,1,1,0,1
1386,1,-1,1,1,0,1
1387,0,0,0,0,1,0
1388,0,0,0,0,1,0
1389,1,-1,1,1,0,1
1390,0,0,0,0,1,0
1391,0,0,0,0,1,0
1392,0,0,0,0,1,0
1393,0,0,0,0,1,0
1394,0,0,0,0,1,0
1395,1,0,0,0,1,0
1396,0,0,0,0,1,0
1397,0,0,0,0,1,0
1398,0,0,0,0,1,0
1399,0,0,0,0,1,0
1400,1,0,1,1,0,1
1401,1,0,0,0,1,0
1402,0,0,1,1,0,1
1403,0,0,0,0,1,0
1404,0,0,0,0,1,0
1405,0,0,0,0,1,0
1406,0,0,0,0,1,0
1407,0,0,0,0,1,0
1408,0,0,0,0,1,0
1409,0,0,0,0,1,0
1410,0,0,1,1,0,1
1411,0,0,0,0,1,0
1412,0,0,0,0,1,0
1413,1,0,1,1,0,1
1414,0,0,1,1,0,1
1415,0,0,0,0,1,0
1416,0,0,0,0,1,0
1417,0,0,0,1,0,0
1418,1,0,0,0,1,0
1419,0,0,0,0,1,0
1420,0,0,0,0,1,0
1421,1,0,1,1,0,1
1422,0,0,0,0,1,0
1423,0,0,0,0,1,0
1424,0,0,0,0,1,0
1425,1,0,1,1,0,1
1426,1,0,0,0,1,0
1427,1,0,0,0,1,0
1428,0,0,0,0,1,0
1429,0,0,0,0,1,0
1430,0,-1,1,1,0,1
1431,0,0,0,0,1,0
1432,0,0,0,0,1,0
1433,0,0,1,1,0,1
1434,1,0,1,1,0,1
1435,1,0,0,0,1,0
1436,0,0,0,0,1,0
1437,0,0,0,0,1,0
1438,1,0,0,0,1,0
1439,1,0,1,1,0,1
1440,0,0,0,0,1,0
1441,1,0,0,0,1,0
1442,1,0,0,0,1,0
1443,0,0,1,1,0,1
1444,1,0,1,1,0,1
1445,0,0,0,0,1,0
1446,0,0,0,0,1,0
1447,1,0,0,0,1,0
1448,0,0,0,0,1,0
1449,0,0,0,0,1,0
1450,1,0,0,0,1,0
1451,0,0,1,1,0,1
1452,1,0,1,1,0,1
1453,0,0,0,0,1,0
1454,0,0,0,0,1,0
1455,0,0,1,1,0,1
1456,0,0,0,0,1,0
1457,0,0,0,0,1,0
1458,0,0,1,1,0,1
1459,0,0,0,0,1,0
1460,0,0,0,0,1,0
1461,0,0,1,1,0,1
1462,1,0,0,0,1,0
1463,0,0,1,1,1,0
1464,0,0,0,0,1,0
1465,0,0,1,1,0,1
1466,0,0,0,0,1,0
1467,0,0,0,0,1,0
1468,0,0,0,0,1,0
1469,0,0,1,1,0,1
1470,0,0,0,0,1,0
1471,0,0,0,0,1,0
1472,1,0,0,0,1,0
1473,0,0,0,0,1,0
1474,0,0,0,0,1,0
1475,0,0,0,0,1,0
1476,0,0,1,1,0,1
1477,0,0,0,0,1,0
1478,1,0,0,0,1,0
1479,0,0,0,0,1,0
1480,0,0,1,1,0,1
1481,0,0,0,0,1,0
1482,0,0,0,0,1,0
1483,0,0,1,1,0,1
1484,1,0,1,1,0,1
1485,0,0,0,0,1,0
1486,0,0,1,1,0,1
1487,0,0,0,0,1,0
1488,0,0,0,0,1,0
1489,0,0,1,1,0,1
1490,0,0,0,0,1,0
1491,1,0,0,0,1,0
1492,0,0,0,0,1,0
1493,0,0,0,0,1,0
1494,0,0,0,0,1,0
1495,1,0,1,1,0,1
1496,0,0,0,0,1,0
1497,1,0,0,0,1,0
1498,0,0,0,0,1,0
1499,0,0,1,1,0,1
1500,0,0,0,0,1,0
1501,0,0,0,0,1,0
1502,1,0,0,0,1,0
1503,0,0,1,1,0,1
1504,0,0,0,0,1,0
1505,0,0,0,0,1,0
1506,0,0,0,0,1,0
1507,0,0,1,1,0,1
1508,0,0,0,0,1,0
1509,0,0,1,1,0,1
1510,0,0,1,1,0,1
1511,1,0,0,0,1,0
1512,0,0,0,0,1,0
1513,1,0,0,0,1,0
1514,0,0,0,0,1,0
1515,0,0,0,0,1,0
1516,1,0,0,0,1,0
1517,0,0,0,0,1,0
1518,0,0,0,0,1,0
1519,0,0,0,0,1,0
1520,0,0,1,1,0,1
1521,0,0,0,0,1,0
1522,0,0,1,1,0,1
1523,0,0,1,1,0,1
1524,1,0,1,1,0,1
1525,0,0,0,0,1,0
1526,0,0,1,1,0,1
1527,0,0,1,1,0,1
1528,1,-1,1,1,0,1
1529,1,0,1,1,0,1
1530,1,0,0,0,1,0
1531,0,0,0,0,1,0
1532,1,0,0,0,1,0
1533,0,0,0,0,1,0
1534,1,0,1,1,0,1
1535,1,0,0,0,1,0
1536,0,0,0,0,0,0
1537,0,0,0,0,1,0
1538,0,0,1,1,0,1
1539,0,0,0,0,1,0
1540,0,0,1,1,0,1
1541,0,0,1,1,0,1
1542,0,0,0,0,1,0
1543,0,0,1,1,0,1
1544,0,0,0,0,1,0
1545,0,0,0,0,1,0
1546,1,0,0,0,1,0
1547,0,0,0,0,1,0
1548,0,0,1,1,0,1
1549,0,0,1,1,0,1
1550,1,-1,1,1,0,1
1551,1,0,1,1,0,1
1552,0,0,0,0,1,0
1553,1,-1,1,1,0,1
1554,1,0,0,0,1,0
1555,0,0,0,0,1,0
1556,0,0,0,0,1,0
1557,0,0,0,0,1,0
1558,0,0,1,1,0,1
1559,0,0,0,0,1,0
1560,0,0,1,1,0,1
1561,0,-1,1,1,0,1
1562,0,0,0,0,1,0
1563,0,0,1,1,0,1
1564,0,-1,1,1,0,1
1565,0,0,0,0,1,0
1566,1,-1,1,1,0,1
1567,0,0,0,0,1,0
1568,0,0,0,0,1,0
1569,0,0,1,1,0,1
1570,0,0,0,0,1,0
1571,1,0,0,0,1,0
1572,1,0,1,1,0,1
1573,0,0,1,1,0,1
1574,0,0,0,0,1,0
1575,0,0,0,0,1,0
1576,0,0,0,0,1,0
1577,0,0,0,0,1,0
1578,1,0,0,0,1,0
1579,0,0,1,1,0,1
1580,1,-1,1,1,0,1
1581,0,0,0,0,1,0
1582,0,0,0,0,1,0
1583,0,-1,1,1,0,1
1584,1,0,0,0,1,0
1585,0,0,1,1,0,1
1586,0,0,0,0,1,0
1587,0,0,0,0,1,0
1588,0,0,0,0,1,0
1589,1,0,0,0,1,0
1590,1,0,0,0,1,0
1591,1,-1,1,1,0,1
1592,1,0,1,1,0,1
1593,0,0,1,1,0,1
1594,0,0,0,0,1,0
1595,0,0,0,0,1,0
1596,0,0,0,0,1,0
1597,0,0,0,0,1,0
1598,0,0,1,1,0,0
1599,0,0,0,0,1,0
1600,0,0,0,0,1,0
1601,0,0,0,0,1,0
1602,0,0,0,0,1,0
1603,0,0,1,1,0,1
1604,0,0,0,0,1,0
1605,0,0,1,1,0,1
1606,1,0,0,0,1,0
1607,0,0,1,1,0,1
1608,0,0,0,0,1,0
1609,0,0,0,0,1,0
1610,0,0,0,0,1,0
1611,1,0,1,1,0,1
1612,0,0,0,0,1,0
1613,1,0,0,0,1,0
1614,1,0,0,0,1,0
1615,0,0,0,0,1,0
1616,0,0,0,0,1,0
1617,0,0,1,1,0,1
1618,0,0,0,0,1,0
1619,0,0,0,0,1,0
1620,0,0,0,0,1,0
1621,1,0,0,0,1,0
1622,0,0,1,1,0,1
1623,0,0,0,0,1,0
1624,0,0,1,1,0,1
1625,0,0,0,0,1,0
1626,0,0,0,0,1,0
1627,0,0,0,0,1,0
1628,0,0,1,1,0,1
1629,1,0,0,0,1,0
1630,0,0,0,0,1,0
1631,0,0,0,0,1,0
1632,0,0,0,0,1,0
1633,0,0,0,0,1,0
1634,0,0,0,0,1,0
1635,0,0,1,1,0,1
1636,0,0,0,0,1,0
1637,1,0,1,1,0,1
1638,1,0,0,0,1,0
1639,0,0,1,1,0,1
1640,1,0,1,1,0,1
1641,0,0,0,0,1,0
1642,0,0,1,1,0,1
1643,1,0,0,0,1,0
1644,0,0,0,0,1,0
1645,0,0,0,0,1,0
1646,0,0,1,1,0,1
1647,0,0,0,0,1,0
1648,0,0,0,0,1,0
1649,0,0,1,1,0,1
1650,1,0,1,1,0,1
1651,0,0,0,0,1,0
1652,0,0,0,0,1,0
1653,1,0,0,0,1,0
1654,0,0,0,0,1,0
1655,0,0,1,0,1,1
1656,0,0,1,1,0,1
1657,0,0,0,0,1,0
1658,0,0,0,0,1,0
1659,0,0,1,1,0,1
1660,0,0,0,0,1,0
1661,0,0,0,0,1,0
1662,1,0,0,0,1,0
1663,1,0,1,1,1,1
1664,0,0,0,0,1,0
1665,1,0,0,0,1,0
1666,0,0,0,0,1,0
1667,0,0,0,0,1,0
1668,1,0,1,1,0,1
1669,0,0,0,0,1,0
1670,0,0,1,1,0,1
1671,1,0,0,0,1,0
1672,0,0,0,0,1,0
1673,0,0,0,0,1,0
1674,0,0,0,0,1,0
1675,1,0,1,1,0,1
1676,0,0,1,1,0,1
1677,0,0,0,0,1,0
1678,1,0,1,1,0,1
1679,1,0,0,0,1,0
1680,0,0,1,1,0,1
1681,1,0,0,0,1,0
1682,0,0,1,1,0,1
1683,0,0,0,0,1,0
1684,0,0,0,0,1,0
1685,0,0,1,1,0,0
1686,0,0,0,0,1,0
1687,0,0,0,0,0,0
1688,0,0,1,1,0,1
1689,0,0,0,0,1,0
1690,0,0,0,0,1,0
1691,0,0,0,0,1,0
1692,1,0,0,0,1,0
1693,0,0,1,1,0,1
1694,0,0,0,0,1,0
1695,0,0,0,0,1,0
1696,1,0,1,1,0,1
1697,0,0,1,1,0,1
1698,0,0,1,1,0,0
1699,0,0,0,0,1,0
1700,1,-1,1,1,0,1
1701,0,0,0,0,1,0
1702,0,0,0,0,1,0
1703,0,0,0,0,1,0
1704,0,0,1,1,0,1
1705,1,0,1,1,0,1
1706,0,0,0,0,1,0
1707,0,0,0,0,1,0
1708,0,0,0,0,1,0
1709,1,0,0,0,1,0
1710,0,0,1,1,1,1
1711,1,0,0,0,1,0
1712,1,-1,1,1,0,1
1713,0,0,1,1,0,1
1714,0,0,1,1,0,1
1715,0,0,1,1,0,1
1716,0,0,0,0,1,0
1717,0,0,1,1,0,1
1718,0,0,0,0,1,0
1719,0,0,1,1,0,1
1720,0,0,0,0,1,0
1721,0,0,1,1,0,1
1722,0,0,1,1,0,1
1723,0,0,0,0,1,0
1724,1,0,0,0,1,0
1725,0,0,0,0,1,0
1726,0,0,0,0,1,0
1727,0,0,0,0,1,0
1728,0,0,0,0,1,0
1729,0,0,0,0,1,0
1730,0,0,0,1,0,0
1731,0,0,0,0,1,0
1732,0,0,0,0,1,0
1733,0,0,0,0,1,0
1734,0,0,0,0,1,0
1735,0,0,0,1,0,0
1736,0,0,0,0,1,0
1737,0,0,1,1,0,1
1738,1,0,0,0,1,0
1739,1,0,1,1,0,1
1740,0,0,0,0,1,0
1741,0,0,1,1,0,1
1742,0,0,0,0,1,0
1743,0,0,1,1,0,1
1744,0,0,0,0,1,0
1745,1,0,0,0,1,0
1746,0,0,0,0,1,0
1747,0,0,0,0,1,0
1748,0,0,0,0,1,0
1749,1,0,0,0,1,0
1750,1,0,1,1,0,1
1751,0,0,0,0,1,0
1752,0,0,0,0,1,0
1753,0,0,0,0,1,0
1754,0,0,1,1,0,1
1755,0,0,0,0,1,0
1756,0,0,0,0,1,0
1757,0,0,0,0,1,0
1758,0,0,0,0,1,0
1759,0,0,0,0,1,0
1760,1,0,0,0,1,0
1761,0,0,0,0,1,0
1762,0,0,1,1,0,1
1763,0,0,1,1,0,1
1764,0,0,0,0,1,0
1765,1,0,1,1,0,1
1766,0,0,0,0,1,0
1767,1,0,1,1,0,1
1768,1,0,1,0,1,1
1769,0,0,0,0,1,0
1770,0,0,1,1,0,1
1771,0,0,0,0,1,0
1772,0,0,0,0,1,0
1773,0,0,0,0,1,0
1774,0,0,0,0,1,0
1775,1,-1,1,1,0,1
1776,1,0,0,0,1,0
1777,0,0,0,1,0,0
1778,0,0,0,0,1,0
1779,0,0,0,0,1,0
1780,0,0,1,1,0,1
1781,0,0,0,0,1,0
1782,0,0,0,0,1,0
1783,0,0,0,0,1,0
1784,1,0,0,0,1,0
1785,0,0,0,0,1,0
1786,0,0,1,1,0,1
1787,0,0,1,1,0,1
1788,0,0,0,0,1,0
1789,0,0,0,0,1,0
1790,0,0,0,0,1,0
1791,0,0,1,1,0,1
1792,0,0,0,0,1,0
1793,0,0,0,0,1,0
1794,0,0,0,0,1,0
1795,0,0,0,0,1,0
1796,0,0,1,1,0,1
1797,0,0,0,0,1,0
1798,0,0,0,0,1,0
1799,0,0,0,0,1,0
1800,0,0,0,0,1,0
1801,0,0,0,0,1,0
1802,1,0,0,0,1,0
1803,1,0,0,0,1,0
1804,0,0,0,0,1,0
1805,1,0,0,0,1,0
1806,0,0,0,0,1,0
1807,0,0,0,0,1,0
1808,0,0,1,1,0,1
1809,0,0,0,0,1,0
1810,0,0,1,1,0,1
1811,0,0,0,0,1,0
1812,0,0,0,0,1,0
1813,0,0,0,0,1,0
1814,1,0,0,0,1,0
1815,0,0,0,0,1,0
1816,0,0,0,0,1,0
1817,0,0,0,0,1,0
1818,0,0,1,1,0,1
1819,1,0,1,1,0,1
1820,0,0,0,0,1,0
1821,0,-1,1,1,0,1
1822,0,0,0,0,1,0
1823,1,0,0,0,1,0
1824,1,0,1,1,0,1
1825,0,0,0,0,1,0
1826,1,0,0,0,1,0
1827,0,0,1,1,0,1
1828,0,0,0,0,1,0
1829,0,0,0,0,1,0
1830,1,0,0,0,1,0
1831,1,0,0,0,1,0
1832,1,0,1,1,0,1
1833,0,0,0,0,1,0
1834,1,0,0,0,1,0
1835,1,0,0,0,1,0
1836,0,0,0,0,1,0
1837,0,0,1,1,0,1
1838,1,0,1,1,0,1
1839,0,0,0,0,1,0
1840,1,0,0,0,1,0
1841,1,0,0,0,1,0
1842,0,0,1,1,0,1
1843,0,0,0,0,1,0
1844,0,0,0,0,1,0
1845,0,0,0,0,1,0
1846,0,0,0,0,1,0
1847,0,0,0,0,1,0
1848,0,0,0,0,1,0
1849,0,0,0,0,1,0
1850,0,0,0,0,1,0
1851,0,0,0,0,1,0
1852,1,0,0,0,1,0
1853,0,0,0,0,1,0
1854,0,0,1,1,0,1
1855,0,0,1,1,1,1
1856,0,0,1,1,0,1
1857,1,-1,1,1,0,1
1858,0,0,0,0,1,0
1859,0,0,1,1,0,1
1860,0,0,0,0,1,0
1861,0,0,1,1,0,1
1862,0,0,0,0,1,0
1863,0,0,0,0,1,0
1864,0,0,0,0,1,0
1865,0,0,1,1,0,1
1866,1,0,1,1,0,1
1867,0,0,0,0,1,0
1868,0,-1,1,1,0,1
1869,1,0,0,0,1,0
1870,0,0,0,0,1,0
1871,0,0,0,0,1,0
1872,0,0,0,0,1,0
1873,1,0,1,1,0,1
1874,0,0,0,0,1,0
1875,0,0,0,0,1,0
1876,0,0,0,0,1,0
1877,0,0,1,0,1,0
1878,0,0,0,0,1,0
1879,0,0,1,1,0,1
1880,0,0,0,0,1,0
1881,0,0,0,0,1,0
1882,0,0,1,1,0,1
1883,1,0,1,1,0,1
1884,0,0,0,0,1,0
1885,1,0,1,1,0,1
1886,1,0,0,0,1,0
1887,1,0,1,1,0,1
1888,0,0,0,0,1,0
1889,0,0,0,0,1,0
1890,0,0,0,0,1,0
1891,0,0,1,1,0,1
1892,0,0,0,0,1,0
1893,0,0,0,0,1,0
1894,0,0,0,0,1,0
1895,0,0,0,0,1,0
1896,0,0,1,1,0,1
1897,0,0,1,1,0,1
1898,0,0,0,0,1,0
1899,0,0,0,0,1,0
1900,0,0,1,1,0,1
1901,0,0,0,0,1,0
1902,0,-1,1,1,0,1
1903,0,0,0,0,1,0
1904,1,0,0,0,1,0
1905,1,0,1,1,0,1
1906,0,0,0,0,1,0
1907,0,0,0,0,1,0
1908,1,-1,1,1,0,1
1909,1,0,1,1,0,1
1910,0,0,1,1,1,1
1911,0,0,0,0,1,0
1912,0,0,0,0,1,0
1913,0,0,0,0,1,0
1914,0,0,0,0,1,0
1915,0,0,1,1,0,1
1916,0,0,0,0,1,0
1917,0,0,0,0,1,0
1918,0,0,1,1,0,1
1919,0,0,0,0,1,0
1920,1,-1,1,1,0,1
1921,0,0,0,0,1,0
1922,0,0,0,0,1,0
1923,0,0,0,0,1,0
1924,0,0,0,0,1,0
1925,0,0,1,1,1,1
1926,0,0,1,1,0,1
1927,0,0,0,0,1,0
1928,0,0,1,1,0,1
1929,0,0,0,0,1,0
1930,0,0,1,1,0,1
1931,0,0,0,0,1,0
1932,1,0,0,0,1,0
1933,0,0,0,0,1,0
1934,0,0,1,1,0,1
1935,0,0,0,0,1,0
1936,0,0,0,0,1,0
1937,0,0,0,0,1,0
1938,0,0,0,0,1,0
1939,0,0,0,0,1,0
1940,1,0,0,0,1,0
1941,0,0,0,0,1,0
1942,0,0,0,0,1,0
1943,0,0,0,0,1,0
1944,0,0,0,0,1,0
1945,0,-1,1,1,0,1
1946,0,0,0,0,1,0
1947,0,0,0,0,1,0
1948,1,0,0,0,1,0
1949,0,0,1,1,0,1
1950,0,0,1,1,0,1
1951,0,0,0,0,1,0
1952,0,0,0,0,1,0
1953,0,0,0,0,1,0
1954,0,0,0,0,1,0
1955,1,0,0,0,1,0
1956,0,0,1,1,0,1
1957,0,0,0,0,1,0
1958,0,0,1,1,0,1
1959,0,0,0,0,1,0
1960,0,0,0,0,1,0
1961,0,0,0,0,1,0
1962,1,0,1,1,0,1
1963,1,0,0,0,1,0
1964,1,0,0,0,1,0
1965,0,0,0,0,1,0
1966,0,0,0,1,0,0
1967,1,0,0,0,1,0
1968,1,0,0,0,1,0
1969,1,0,1,1,0,1
1970,0,0,0,0,1,0
1971,0,0,0,0,1,0
1972,0,0,0,0,1,0
1973,1,0,1,1,0,1
1974,1,0,1,1,0,1
1975,0,0,1,1,0,1
1976,0,0,1,1,0,1
1977,0,0,0,0,1,0
1978,0,0,0,0,1,0
1979,0,0,0,0,1,0
1980,1,0,1,1,0,1
1981,0,0,0,0,1,0
1982,0,0,1,1,0,1
1983,0,0,0,0,1,0
1984,0,0,0,0,1,0
1985,0,0,1,1,0,1
1986,0,0,1,1,0,1
1987,1,0,0,0,1,0
1988,0,0,1,1,0,1
1989,1,0,0,0,1,0
1990,1,0,0,0,1,0
1991,0,0,0,0,1,0
