,GroundTruth,GroundTruth_DB,FairDEN_v1_min_pts_9_wo_cat,FairDEN_v2_min_pts_9_wo_cat
0,0,0,8,0
1,1,0,1,8
2,0,1,4,6
3,0,2,3,4
4,0,0,8,0
5,0,0,1,8
6,0,0,8,0
7,0,0,8,0
8,0,0,1,8
9,0,0,8,0
10,0,0,1,8
11,0,0,1,8
12,0,0,8,0
13,0,0,8,0
14,0,0,1,8
15,0,0,8,0
16,1,0,8,0
17,0,0,8,0
18,0,0,8,0
19,0,0,8,0
20,0,0,1,8
21,0,0,8,0
22,0,0,1,8
23,1,0,8,0
24,0,0,8,0
25,0,1,4,6
26,1,0,1,8
27,0,0,8,0
28,0,0,1,8
29,0,3,6,7
30,0,0,8,0
31,0,0,8,0
32,0,0,1,8
33,0,0,8,0
34,0,0,8,0
35,0,0,8,0
36,1,0,8,0
37,1,-1,0,2
38,0,0,1,8
39,0,0,8,0
40,0,0,1,8
41,0,0,8,0
42,0,0,1,8
43,0,0,8,0
44,0,0,8,0
45,0,0,1,8
46,0,0,8,0
47,0,0,8,0
48,0,0,8,0
49,0,-1,0,2
50,0,0,8,0
51,0,0,8,0
52,0,2,3,4
53,0,0,1,8
54,0,0,1,8
55,1,0,8,0
56,0,0,8,0
57,0,0,8,0
58,0,1,4,6
59,0,0,8,0
60,0,0,8,0
61,0,0,1,8
62,1,0,8,0
63,1,0,8,0
64,0,0,1,8
65,0,0,8,0
66,1,0,8,0
67,0,0,1,8
68,1,-1,0,2
69,1,0,1,8
70,0,1,4,6
71,0,0,8,0
72,0,0,8,0
73,0,0,8,0
74,0,0,8,0
75,0,0,8,0
76,0,0,1,8
77,0,0,8,0
78,0,0,1,8
79,0,0,1,8
80,1,0,8,0
81,0,0,8,0
82,0,-1,0,2
83,0,0,1,8
84,0,0,1,8
85,1,0,8,0
86,0,0,8,0
87,0,0,8,0
88,0,0,1,8
89,0,0,8,0
90,0,0,8,0
91,0,2,3,4
92,0,0,1,8
93,0,-1,2,1
94,0,0,8,0
95,0,0,8,0
96,1,0,8,0
97,0,0,8,0
98,0,0,8,0
99,0,0,8,0
100,0,0,8,0
101,0,0,8,0
102,0,0,8,0
103,0,0,8,0
104,0,0,8,0
105,0,0,8,0
106,0,0,8,0
107,0,0,1,8
108,0,0,1,8
109,0,2,3,4
110,0,0,8,0
111,1,0,8,0
112,0,0,8,0
113,0,0,8,0
114,0,0,8,0
115,0,0,8,0
116,0,4,5,5
117,0,0,1,8
118,0,-1,0,2
119,1,0,8,0
120,1,0,8,0
121,0,0,1,8
122,0,0,8,0
123,0,0,8,0
124,0,0,1,8
125,0,0,8,0
126,0,0,8,0
127,1,0,8,0
128,0,0,8,0
129,0,0,8,0
130,0,0,8,0
131,0,0,8,0
132,0,0,8,0
133,0,0,8,0
134,0,0,8,0
135,0,0,1,8
136,0,0,8,0
137,0,0,8,0
138,0,0,8,0
139,0,0,8,0
140,0,0,8,0
141,1,0,8,0
142,0,0,8,0
143,0,0,1,8
144,0,0,8,0
145,0,0,1,8
146,0,0,1,8
147,0,-1,0,2
148,0,0,8,0
149,0,0,1,8
150,0,0,8,0
151,0,0,8,0
152,1,0,8,0
153,0,0,8,0
154,0,0,8,0
155,1,0,8,0
156,0,0,1,8
157,0,0,8,0
158,0,0,8,0
159,0,0,8,0
160,0,0,8,0
161,0,0,8,0
162,0,-1,0,2
163,0,0,8,0
164,0,0,8,0
165,0,0,1,8
166,1,0,8,0
167,0,0,8,0
168,0,0,8,0
169,0,0,8,0
170,0,0,8,0
171,0,0,8,0
172,0,0,8,0
173,0,0,8,0
174,0,0,1,8
175,0,0,8,0
176,1,0,1,8
177,0,0,1,8
178,0,0,8,0
179,0,0,8,0
180,0,0,8,0
181,0,0,8,0
182,0,0,8,0
183,1,0,1,8
184,0,0,8,0
185,0,0,8,0
186,0,0,8,0
187,0,0,1,8
188,0,0,8,0
189,1,3,6,7
190,0,0,8,0
191,0,0,8,0
192,0,0,1,8
193,0,2,3,4
194,0,2,3,4
195,0,0,8,0
196,0,0,8,0
197,0,0,8,0
198,0,0,1,8
199,0,0,1,8
200,0,0,8,0
201,1,0,8,0
202,0,0,8,0
203,1,0,8,0
204,0,0,1,8
205,0,1,4,6
206,0,-1,0,2
207,0,0,1,8
208,0,0,8,0
209,1,0,8,0
210,0,0,8,0
211,0,0,8,0
212,0,0,8,0
213,0,0,1,8
214,0,1,4,6
215,0,0,1,8
216,0,0,1,8
217,0,0,1,8
218,0,0,8,0
219,0,5,7,3
220,0,0,8,0
221,0,0,8,0
222,0,0,8,0
223,0,0,8,0
224,0,0,1,8
225,0,0,8,0
226,0,0,1,8
227,0,0,8,0
228,1,0,8,0
229,0,0,8,0
230,0,0,8,0
231,0,0,8,0
232,0,0,1,8
233,1,0,8,0
234,0,0,8,0
235,0,0,8,0
236,0,0,8,0
237,0,0,1,8
238,0,0,8,0
239,1,0,8,0
240,0,0,1,8
241,0,1,4,6
242,0,0,1,8
243,0,-1,0,2
244,0,0,8,0
245,0,0,1,8
246,0,0,1,8
247,0,0,8,0
248,0,0,1,8
249,1,2,3,4
250,0,0,8,0
251,0,0,8,0
252,0,0,8,0
253,1,2,3,4
254,0,0,8,0
255,0,2,3,4
256,0,0,1,8
257,0,0,8,0
258,0,0,1,8
259,0,0,1,8
260,0,0,8,0
261,0,0,1,8
262,0,0,8,0
263,0,0,8,0
264,0,0,8,0
265,1,2,3,4
266,0,1,4,6
267,0,0,8,0
268,0,0,8,0
269,0,6,0,2
270,0,0,1,8
271,0,0,1,8
272,0,3,6,7
273,0,0,8,0
274,0,0,8,0
275,0,1,4,6
276,0,0,8,0
277,0,1,4,6
278,0,0,1,8
279,0,-1,0,2
280,1,0,8,0
281,0,4,5,5
282,0,2,3,4
283,0,0,8,0
284,0,0,8,0
285,0,0,8,0
286,0,0,8,0
287,0,0,8,0
288,0,0,1,8
289,0,0,8,0
290,0,0,8,0
291,0,0,8,0
292,0,0,8,0
293,0,-1,0,2
294,1,0,8,0
295,0,0,8,0
296,0,0,8,0
297,0,0,8,0
298,0,0,8,0
299,1,-1,0,2
300,0,0,1,8
301,0,0,8,0
302,0,0,8,0
303,0,0,8,0
304,0,0,1,8
305,0,0,8,0
306,0,4,5,5
307,0,3,6,7
308,0,0,1,8
309,0,0,8,0
310,0,0,8,0
311,1,0,8,0
312,0,0,8,0
313,0,0,8,0
314,0,0,1,8
315,0,0,8,0
316,0,0,1,8
317,0,0,8,0
318,0,0,8,0
319,0,0,8,0
320,0,0,8,0
321,0,0,8,0
322,0,0,8,0
323,0,0,8,0
324,0,0,8,0
325,0,0,8,0
326,0,0,8,0
327,0,5,7,3
328,0,0,1,8
329,0,0,8,0
330,0,0,8,0
331,0,1,4,6
332,0,0,8,0
333,0,0,1,8
334,1,0,8,0
335,0,-1,0,2
336,1,0,8,0
337,0,0,8,0
338,0,0,8,0
339,0,0,8,0
340,0,0,8,0
341,0,0,1,8
342,0,0,8,0
343,0,0,8,0
344,0,0,1,8
345,1,1,4,6
346,1,0,8,0
347,0,0,8,0
348,0,0,8,0
349,0,0,8,0
350,1,-1,0,2
351,0,0,1,8
352,1,-1,0,2
353,0,0,8,0
354,0,1,4,6
355,0,4,5,5
356,0,0,8,0
357,0,0,8,0
358,0,1,4,6
359,0,0,8,0
360,0,0,8,0
361,0,0,8,0
362,0,0,8,0
363,0,0,8,0
364,1,1,4,6
365,1,-1,0,2
366,0,0,8,0
367,0,0,1,8
368,0,0,1,8
369,0,0,1,8
370,0,0,8,0
371,0,0,8,0
372,0,0,0,2
373,0,0,8,0
374,0,0,8,0
375,0,0,8,0
376,0,0,8,0
377,0,0,8,0
378,0,0,1,8
379,0,0,8,0
380,0,0,8,0
381,0,0,8,0
382,0,0,8,0
383,0,0,1,8
384,0,0,8,0
385,0,0,8,0
386,0,0,8,0
387,1,0,1,8
388,0,0,8,0
389,0,-1,0,2
390,0,2,3,4
391,0,2,3,4
392,1,0,8,0
393,0,0,1,8
394,0,0,8,0
395,0,-1,0,2
396,0,0,1,8
397,1,1,4,6
398,0,-1,0,2
399,0,0,8,0
400,0,0,8,0
401,0,0,8,0
402,0,0,8,0
403,0,0,8,0
404,0,0,8,0
405,0,0,8,0
406,0,1,4,6
407,0,0,1,8
408,0,0,8,0
409,1,6,0,2
410,0,0,8,0
411,1,2,3,4
412,0,0,8,0
413,1,-1,2,1
414,0,0,1,8
415,0,0,8,0
416,0,0,8,0
417,0,0,8,0
418,0,0,8,0
419,1,0,8,0
420,0,0,1,8
421,0,0,8,0
422,0,0,1,8
423,0,0,8,0
424,0,0,8,0
425,0,0,8,0
426,0,0,8,0
427,0,0,1,8
428,1,1,4,6
429,0,0,1,8
430,0,0,8,0
431,0,0,1,8
432,0,4,5,5
433,0,0,1,8
434,0,0,8,0
435,0,-1,0,2
436,0,0,8,0
437,0,0,1,8
438,0,0,1,8
439,0,0,8,0
440,0,1,4,6
441,0,4,5,5
442,0,0,8,0
443,0,0,1,8
444,1,0,8,0
445,0,0,8,0
446,0,0,8,0
447,1,0,8,0
448,0,0,8,0
449,0,0,8,0
450,0,0,1,8
451,0,0,8,0
452,1,0,8,0
453,0,0,8,0
454,0,0,8,0
455,0,0,8,0
456,0,0,8,0
457,0,0,8,0
458,0,0,8,0
459,1,0,8,0
460,0,5,7,3
461,0,0,8,0
462,0,0,8,0
463,0,-1,0,2
464,0,0,1,8
465,0,0,1,8
466,0,0,1,8
467,0,0,1,8
468,0,0,8,0
469,0,0,8,0
470,0,0,8,0
471,0,0,1,8
472,1,0,8,0
473,0,0,8,0
474,0,0,8,0
475,1,1,4,6
476,0,0,8,0
477,0,0,1,8
478,0,0,1,8
479,0,0,8,0
480,0,0,8,0
481,0,0,8,0
482,0,0,1,8
483,0,0,8,0
484,1,0,1,8
485,0,0,8,0
486,0,1,4,6
487,0,0,1,8
488,0,1,4,6
489,0,0,8,0
490,0,0,8,0
491,0,0,8,0
492,0,0,8,0
493,0,0,8,0
494,0,2,3,4
495,0,0,8,0
496,0,0,8,0
497,0,0,8,0
498,0,4,5,5
499,1,0,8,0
500,0,0,8,0
501,0,0,8,0
502,0,0,1,8
503,0,0,8,0
504,0,0,8,0
505,1,2,3,4
506,0,0,8,0
507,0,0,1,8
508,0,0,8,0
509,1,0,8,0
510,0,0,8,0
511,0,0,1,8
512,1,0,8,0
513,0,0,8,0
514,0,0,8,0
515,0,0,8,0
516,0,0,8,0
517,0,0,8,0
518,0,0,8,0
519,0,0,8,0
520,0,5,7,3
521,0,0,8,0
522,1,1,4,6
523,0,2,3,4
524,0,0,1,8
525,0,0,8,0
526,0,0,1,8
527,0,5,7,3
528,0,0,8,0
529,0,0,8,0
530,0,-1,0,2
531,0,0,1,8
532,0,3,6,7
533,0,0,8,0
534,0,0,8,0
535,0,0,8,0
536,0,0,8,0
537,0,0,8,0
538,0,0,1,8
539,0,0,8,0
540,0,0,8,0
541,0,0,1,8
542,0,0,8,0
543,0,0,8,0
544,0,0,8,0
545,0,0,8,0
546,0,0,8,0
547,0,0,8,0
548,1,-1,0,2
549,0,0,8,0
550,0,0,1,8
551,0,0,8,0
552,0,2,3,4
553,1,-1,0,2
554,0,0,1,8
555,1,0,8,0
556,0,3,6,7
557,1,0,8,0
558,0,0,8,0
559,0,0,8,0
560,0,0,8,0
561,0,0,1,8
562,0,0,8,0
563,0,0,8,0
564,1,-1,0,2
565,0,0,8,0
566,0,0,8,0
567,0,0,8,0
568,0,1,4,6
569,0,0,8,0
570,0,0,8,0
571,1,0,8,0
572,0,2,3,4
573,0,0,1,8
574,0,0,8,0
575,0,-1,5,5
576,1,-1,0,2
577,1,1,4,6
578,1,4,5,5
579,1,0,8,0
580,0,0,8,0
581,0,0,8,0
582,0,1,4,6
583,0,0,8,0
584,0,0,8,0
585,0,1,4,6
586,0,6,0,2
587,0,2,3,4
588,0,0,1,8
589,0,0,1,8
590,0,0,8,0
591,0,5,7,3
592,1,0,8,0
593,0,-1,0,2
594,1,0,8,0
595,0,0,8,0
596,0,2,3,4
597,0,0,8,0
598,0,-1,0,2
599,0,0,8,0
600,0,0,8,0
601,0,0,8,0
602,0,0,8,0
603,0,0,8,0
604,0,0,8,0
605,0,0,8,0
606,0,0,8,0
607,0,0,8,0
608,0,0,1,8
609,0,0,8,0
610,0,0,8,0
611,0,1,4,6
612,0,0,8,0
613,0,1,4,6
614,0,0,8,0
615,0,0,8,0
616,1,0,8,0
617,1,0,8,0
618,1,0,8,0
619,0,0,8,0
620,0,0,1,8
621,0,0,8,0
622,0,0,1,8
623,1,0,8,0
624,0,0,8,0
625,0,0,8,0
626,0,0,8,0
627,1,-1,0,2
628,0,0,1,8
629,0,0,1,8
630,1,0,8,0
631,0,0,8,0
632,0,0,8,0
633,0,2,3,4
634,0,0,8,0
635,0,0,1,8
636,0,0,8,0
637,0,0,8,0
638,0,0,8,0
639,1,0,8,0
640,0,1,4,6
641,1,0,8,0
642,0,0,8,0
643,1,0,1,8
644,0,0,8,0
645,0,0,8,0
646,0,0,8,0
647,0,0,1,8
648,0,2,3,4
649,0,4,5,5
650,0,0,8,0
651,0,1,4,6
652,0,0,8,0
653,1,0,8,0
654,0,0,8,0
655,0,0,8,0
656,1,2,3,4
657,0,0,8,0
658,0,1,4,6
659,0,0,8,0
660,1,2,3,4
661,0,0,8,0
662,0,0,8,0
663,0,0,1,8
664,0,0,8,0
665,0,0,1,8
666,0,1,4,6
667,0,-1,0,2
668,0,0,8,0
669,0,0,8,0
670,0,0,8,0
671,0,0,1,8
672,0,0,8,0
673,0,0,8,0
674,0,0,8,0
675,0,0,8,0
676,0,0,8,0
677,0,0,8,0
678,0,0,8,0
679,0,0,8,0
680,0,0,8,0
681,0,0,1,8
682,0,0,1,8
683,0,0,1,8
684,0,0,8,0
685,0,0,8,0
686,0,0,8,0
687,0,0,8,0
688,0,0,8,0
689,0,0,8,0
690,0,0,1,8
691,0,0,8,0
692,0,0,8,0
693,0,0,8,0
694,1,0,8,0
695,0,0,8,0
696,0,0,8,0
697,1,3,6,7
698,0,0,1,8
699,1,1,4,6
700,0,0,8,0
701,0,-1,0,2
702,0,0,8,0
703,0,0,8,0
704,0,0,8,0
705,0,0,8,0
706,0,0,8,0
707,0,0,8,0
708,1,0,8,0
709,0,0,8,0
710,0,3,6,7
711,0,0,8,0
712,0,0,8,0
713,0,0,8,0
714,0,0,1,8
715,0,0,8,0
716,0,1,4,6
717,0,0,1,8
718,0,0,8,0
719,1,2,3,4
720,0,0,8,0
721,0,0,8,0
722,0,0,8,0
723,0,0,1,8
724,0,0,8,0
725,0,0,8,0
726,0,0,8,0
727,0,0,1,8
728,1,0,8,0
729,1,0,8,0
730,0,0,8,0
731,0,2,3,4
732,0,2,3,4
733,0,0,8,0
734,0,0,8,0
735,0,0,8,0
736,0,0,1,8
737,1,0,8,0
738,0,0,8,0
739,0,1,4,6
740,0,0,8,0
741,0,0,8,0
742,0,0,8,0
743,0,0,8,0
744,0,0,8,0
745,0,0,8,0
746,0,0,8,0
747,1,0,8,0
748,1,0,1,8
749,0,1,4,6
750,0,0,8,0
751,0,0,1,8
752,0,0,1,8
753,0,0,8,0
754,0,0,8,0
755,1,-1,2,1
756,1,0,1,8
757,1,-1,0,2
758,0,0,8,0
759,0,0,8,0
760,0,0,8,0
761,0,-1,0,2
762,1,0,8,0
763,0,0,8,0
764,0,0,1,8
765,0,0,8,0
766,0,0,8,0
767,0,0,8,0
768,0,0,1,8
769,0,0,8,0
770,0,0,1,8
771,0,0,8,0
772,0,0,8,0
773,0,0,1,8
774,0,0,8,0
775,0,0,8,0
776,0,0,8,0
777,0,0,8,0
778,0,0,8,0
779,0,0,8,0
780,1,0,8,0
781,0,0,8,0
782,0,0,8,0
783,0,0,1,8
784,0,0,8,0
785,0,0,8,0
786,0,0,8,0
787,0,0,8,0
788,0,0,8,0
789,1,0,8,0
790,1,0,8,0
791,0,0,1,8
792,0,0,8,0
793,1,-1,0,2
794,0,-1,0,2
795,0,0,8,0
796,0,0,1,8
797,0,0,8,0
798,0,0,8,0
799,0,-1,0,2
800,0,0,8,0
801,0,0,8,0
802,0,0,8,0
803,0,1,4,6
804,0,-1,0,2
805,0,0,8,0
806,0,0,8,0
807,1,-1,0,2
808,0,1,4,6
809,0,0,1,8
810,0,0,8,0
811,0,0,8,0
812,0,3,6,7
813,0,0,8,0
814,0,0,8,0
815,0,0,8,0
816,0,0,8,0
817,1,0,8,0
818,0,0,8,0
819,0,-1,0,2
820,0,0,8,0
821,0,0,8,0
822,0,0,1,8
823,0,0,8,0
824,0,5,7,3
825,0,0,8,0
826,0,1,4,6
827,0,0,8,0
828,0,0,8,0
829,0,0,8,0
830,0,0,8,0
831,0,4,5,5
832,0,-1,0,2
833,1,0,8,0
834,0,0,8,0
835,0,0,8,0
836,0,1,4,6
837,1,0,1,8
838,0,0,8,0
839,0,0,8,0
840,1,0,8,0
841,0,-1,0,2
842,0,-1,0,2
843,0,0,8,0
844,0,0,8,0
845,0,0,8,0
846,0,0,8,0
847,0,4,5,5
848,0,0,8,0
849,0,0,8,0
850,0,1,4,6
851,0,0,8,0
852,0,0,8,0
853,0,0,8,0
854,0,0,8,0
855,1,0,8,0
856,0,0,8,0
857,0,0,8,0
858,0,0,8,0
859,0,4,5,5
860,0,6,0,2
861,1,-1,0,2
862,0,0,8,0
863,0,0,8,0
864,0,0,8,0
865,0,0,8,0
866,1,-1,0,2
867,0,-1,0,2
868,0,0,8,0
869,0,0,8,0
870,0,0,8,0
871,0,1,4,6
872,0,0,8,0
873,1,0,8,0
874,0,0,8,0
875,1,1,4,6
876,0,0,1,8
877,0,-1,2,1
878,0,0,8,0
879,0,-1,0,2
880,1,-1,0,2
881,0,0,8,0
882,1,0,8,0
883,0,0,8,0
884,0,0,8,0
885,0,-1,0,2
886,0,0,8,0
887,0,0,8,0
888,0,0,1,8
889,1,0,8,0
890,0,0,8,0
891,0,0,8,0
892,0,1,4,6
893,0,0,8,0
894,0,0,1,8
895,0,0,8,0
896,0,-1,0,2
897,0,-1,0,2
898,0,0,1,8
899,0,0,8,0
900,0,0,8,0
901,0,0,8,0
902,0,0,8,0
903,0,0,8,0
904,0,0,8,0
905,0,0,8,0
906,1,0,8,0
907,0,0,8,0
908,0,-1,0,2
909,0,0,8,0
910,0,0,8,0
911,0,0,1,8
912,0,7,0,2
913,0,0,1,8
914,0,0,8,0
915,0,-1,0,2
916,0,0,8,0
917,0,0,8,0
918,0,-1,0,2
919,0,0,8,0
920,0,0,8,0
921,0,2,3,4
922,0,2,3,4
923,0,0,8,0
924,0,0,8,0
925,0,-1,2,1
926,0,0,8,0
927,0,0,8,0
928,0,0,8,0
929,1,-1,0,2
930,0,0,1,8
931,0,0,8,0
932,0,0,8,0
933,0,0,8,0
934,0,0,8,0
935,0,3,6,7
936,1,0,8,0
937,0,0,8,0
938,0,5,7,3
939,0,0,8,0
940,0,0,1,8
941,0,0,8,0
942,0,0,8,0
943,0,0,8,0
944,0,0,8,0
945,0,0,8,0
946,0,0,8,0
947,0,0,8,0
948,0,0,8,0
949,0,0,8,0
950,0,0,1,8
951,0,0,8,0
952,0,1,4,6
953,0,-1,0,2
954,0,-1,0,2
955,0,-1,0,2
956,0,0,8,0
957,0,-1,0,2
958,1,-1,0,2
959,0,0,8,0
960,1,0,1,8
961,0,0,8,0
962,0,0,1,8
963,0,0,8,0
964,1,0,8,0
965,0,0,8,0
966,0,0,1,8
967,0,0,8,0
968,0,0,8,0
969,0,0,8,0
970,0,1,4,6
971,0,0,8,0
972,0,1,4,6
973,0,0,8,0
974,0,2,3,4
975,0,0,8,0
976,0,0,8,0
977,0,0,8,0
978,0,2,3,4
979,0,0,8,0
980,0,0,8,0
981,0,0,8,0
982,0,0,8,0
983,0,0,1,8
984,0,0,8,0
985,0,0,8,0
986,0,1,4,6
987,0,0,8,0
988,0,0,8,0
989,0,0,1,8
990,0,0,8,0
991,0,1,4,6
992,1,0,8,0
993,1,0,1,8
994,0,0,8,0
995,0,2,3,4
996,1,0,8,0
997,0,7,0,2
998,0,0,1,8
999,1,4,5,5
1000,0,0,8,0
1001,0,0,8,0
1002,0,0,8,0
1003,0,0,8,0
1004,0,0,8,0
1005,0,2,3,4
1006,0,0,8,0
1007,0,-1,0,2
1008,1,4,5,5
1009,1,5,7,3
1010,0,0,1,8
1011,0,0,8,0
1012,0,0,8,0
1013,0,0,8,0
1014,0,1,4,6
1015,0,0,8,0
1016,0,0,1,8
1017,0,0,8,0
1018,1,-1,-1,-1
1019,0,2,3,4
1020,0,0,8,0
1021,0,0,8,0
1022,0,0,8,0
1023,1,2,3,4
1024,0,0,8,0
1025,0,0,8,0
1026,0,0,8,0
1027,0,0,8,0
1028,0,0,8,0
1029,0,0,1,8
1030,0,0,1,8
1031,0,0,8,0
1032,0,0,8,0
1033,0,0,8,0
1034,0,0,1,8
1035,1,-1,0,2
1036,0,0,1,8
1037,0,-1,0,2
1038,0,-1,0,2
1039,0,0,8,0
1040,0,0,8,0
1041,0,0,8,0
1042,0,1,4,6
1043,0,0,8,0
1044,0,1,4,6
1045,0,0,8,0
1046,0,0,8,0
1047,0,0,8,0
1048,0,-1,0,2
1049,0,0,8,0
1050,0,0,8,0
1051,0,0,8,0
1052,0,0,8,0
1053,0,1,4,6
1054,0,0,8,0
1055,0,6,0,2
1056,0,0,1,8
1057,0,-1,0,2
1058,0,0,8,0
1059,0,0,8,0
1060,0,2,3,4
1061,0,0,8,0
1062,1,0,8,0
1063,0,0,8,0
1064,0,2,3,4
1065,0,0,8,0
1066,0,1,4,6
1067,0,-1,0,2
1068,0,1,4,6
1069,0,0,8,0
1070,0,0,8,0
1071,0,0,1,8
1072,0,0,8,0
1073,0,0,8,0
1074,0,2,3,4
1075,0,0,8,0
1076,0,0,8,0
1077,0,0,8,0
1078,0,0,8,0
1079,0,0,8,0
1080,1,0,8,0
1081,0,0,1,8
1082,0,0,8,0
1083,1,0,8,0
1084,0,0,8,0
1085,0,0,8,0
1086,0,0,1,8
1087,0,0,8,0
1088,0,-1,0,2
1089,0,0,8,0
1090,0,0,8,0
1091,0,0,1,8
1092,0,0,8,0
1093,0,2,3,4
1094,0,2,3,4
1095,0,0,8,0
1096,0,0,8,0
1097,0,0,8,0
1098,0,1,4,6
1099,0,0,8,0
1100,0,0,8,0
1101,0,0,8,0
1102,0,1,4,6
1103,0,0,8,0
1104,0,2,3,4
1105,0,1,4,6
1106,0,0,8,0
1107,0,1,4,6
1108,0,0,8,0
1109,0,0,8,0
1110,0,0,8,0
1111,0,0,1,8
1112,0,0,1,8
1113,1,1,4,6
1114,0,-1,0,2
1115,0,0,8,0
1116,0,-1,0,2
1117,0,0,8,0
1118,0,0,8,0
1119,0,0,8,0
1120,0,0,1,8
1121,0,0,8,0
1122,0,-1,0,2
1123,0,0,8,0
1124,0,0,1,8
1125,0,2,3,4
1126,0,0,8,0
1127,1,1,4,6
1128,0,-1,0,2
1129,0,8,0,2
1130,1,0,1,8
1131,0,0,8,0
1132,1,3,6,7
1133,1,3,6,7
1134,0,0,8,0
1135,0,0,8,0
1136,0,0,1,8
1137,0,4,5,5
1138,0,0,8,0
1139,0,0,1,8
1140,0,0,8,0
1141,0,0,1,8
1142,0,0,8,0
1143,0,0,8,0
1144,0,0,1,8
1145,0,0,8,0
1146,1,0,8,0
1147,0,1,4,6
1148,0,4,5,5
1149,0,0,8,0
1150,0,0,8,0
1151,0,0,8,0
1152,0,0,8,0
1153,1,0,8,0
1154,0,0,1,8
1155,0,6,0,2
1156,0,-1,0,2
1157,0,0,8,0
1158,0,0,8,0
1159,0,0,8,0
1160,0,0,1,8
1161,0,0,1,8
1162,0,0,1,8
1163,0,0,8,0
1164,0,0,8,0
1165,0,0,8,0
1166,0,0,8,0
1167,0,2,3,4
1168,0,0,8,0
1169,0,0,1,8
1170,1,0,8,0
1171,0,0,1,8
1172,0,0,1,8
1173,1,-1,0,2
1174,0,0,8,0
1175,0,0,8,0
1176,0,-1,0,2
1177,0,0,8,0
1178,0,0,8,0
1179,0,0,8,0
1180,0,1,4,6
1181,0,0,8,0
1182,0,0,1,8
1183,0,0,8,0
1184,0,0,8,0
1185,0,-1,0,2
1186,0,4,5,5
1187,1,0,8,0
1188,1,0,8,0
1189,0,-1,0,2
1190,0,0,8,0
1191,0,0,1,8
1192,0,-1,0,2
1193,0,0,8,0
1194,0,0,8,0
1195,0,2,3,4
1196,0,0,1,8
1197,0,0,8,0
1198,0,0,8,0
1199,0,2,3,4
1200,1,0,8,0
1201,0,0,8,0
1202,0,0,8,0
1203,0,0,8,0
1204,0,1,4,6
1205,0,0,8,0
1206,0,0,8,0
1207,0,0,8,0
1208,0,4,5,5
1209,0,0,8,0
1210,0,0,8,0
1211,0,0,8,0
1212,0,0,8,0
1213,0,0,1,8
1214,1,-1,0,2
1215,0,0,8,0
1216,0,0,8,0
1217,0,0,1,8
1218,0,4,5,5
1219,0,0,8,0
1220,1,0,8,0
1221,0,0,8,0
1222,0,0,8,0
1223,0,2,3,4
1224,0,0,8,0
1225,1,1,4,6
1226,0,0,8,0
1227,0,0,8,0
1228,0,0,1,8
1229,0,4,5,5
1230,0,0,8,0
1231,0,1,4,6
1232,0,0,8,0
1233,0,1,4,6
1234,1,0,8,0
1235,0,0,8,0
1236,1,7,0,2
1237,0,0,8,0
1238,1,0,8,0
1239,0,0,8,0
1240,0,0,8,0
1241,0,4,5,5
1242,0,0,8,0
1243,0,0,8,0
1244,0,0,8,0
1245,0,-1,0,2
1246,0,0,1,8
1247,0,0,8,0
1248,0,0,8,0
1249,0,0,8,0
1250,0,0,8,0
1251,0,0,1,8
1252,1,0,8,0
1253,0,0,1,8
1254,1,0,8,0
1255,0,0,8,0
1256,0,0,8,0
1257,0,0,8,0
1258,1,0,1,8
1259,0,0,8,0
1260,0,0,1,8
1261,0,0,8,0
1262,0,0,1,8
1263,0,-1,0,2
1264,0,0,8,0
1265,0,2,3,4
1266,0,0,0,2
1267,0,0,8,0
1268,0,0,8,0
1269,0,3,6,7
1270,0,0,1,8
1271,0,0,1,8
1272,0,0,8,0
1273,0,0,8,0
1274,0,0,8,0
1275,0,-1,0,2
1276,0,-1,0,2
1277,0,0,8,0
1278,0,0,8,0
1279,0,0,8,0
1280,1,0,8,0
1281,0,-1,0,2
1282,0,5,7,3
1283,0,0,8,0
1284,0,0,8,0
1285,0,0,8,0
1286,0,4,5,5
1287,0,0,8,0
1288,0,0,8,0
1289,0,0,8,0
1290,0,-1,0,2
1291,0,0,8,0
1292,0,8,0,2
1293,0,0,8,0
1294,0,0,8,0
1295,0,0,8,0
1296,0,0,1,8
1297,0,0,8,0
1298,0,0,8,0
1299,0,0,8,0
1300,0,0,1,8
1301,0,0,8,0
1302,0,3,6,7
1303,0,0,1,8
1304,0,0,8,0
1305,0,0,8,0
1306,0,0,8,0
1307,1,4,5,5
1308,0,0,8,0
1309,0,0,8,0
1310,0,4,5,5
1311,0,0,8,0
1312,0,0,1,8
1313,0,0,8,0
1314,0,0,8,0
1315,0,2,3,4
1316,0,-1,0,2
1317,0,0,1,8
1318,0,5,7,3
1319,0,0,8,0
1320,0,0,8,0
1321,0,1,4,6
1322,0,5,7,3
1323,0,4,5,5
1324,0,0,8,0
1325,0,5,7,3
1326,0,0,8,0
1327,0,2,3,4
1328,0,0,8,0
1329,0,0,8,0
1330,1,-1,0,2
1331,0,0,8,0
1332,0,1,4,6
1333,0,1,4,6
1334,0,0,1,8
1335,0,3,6,7
1336,0,0,8,0
1337,0,2,3,4
1338,0,0,8,0
1339,0,2,3,4
1340,1,6,0,2
1341,0,2,3,4
1342,1,0,8,0
1343,0,0,8,0
1344,0,0,8,0
1345,0,0,8,0
1346,0,2,3,4
1347,0,0,1,8
1348,0,-1,0,2
1349,0,1,4,6
1350,0,0,8,0
1351,0,0,8,0
1352,0,-1,0,2
1353,0,0,8,0
1354,0,0,8,0
1355,0,0,8,0
1356,1,0,8,0
1357,0,-1,0,2
1358,0,0,8,0
1359,0,5,7,3
1360,0,2,3,4
1361,0,0,8,0
1362,0,5,7,3
1363,0,0,8,0
1364,0,0,8,0
1365,0,4,5,5
1366,0,2,3,4
1367,0,0,1,8
1368,0,0,8,0
1369,1,0,8,0
1370,1,5,7,3
1371,0,5,7,3
1372,0,0,8,0
1373,0,0,8,0
1374,0,1,4,6
1375,0,0,8,0
1376,0,0,8,0
1377,0,0,8,0
1378,0,2,3,4
1379,0,0,8,0
1380,1,0,1,8
1381,0,0,8,0
1382,0,0,8,0
1383,0,0,8,0
1384,0,0,1,8
1385,0,-1,2,1
1386,0,0,8,0
1387,0,0,8,0
1388,0,8,0,2
1389,1,2,3,4
1390,0,0,8,0
1391,0,0,8,0
1392,0,0,8,0
1393,1,-1,0,2
1394,0,0,8,0
1395,0,4,0,2
1396,1,0,8,0
1397,1,0,8,0
1398,0,2,3,4
1399,0,0,1,8
1400,1,0,8,0
1401,0,-1,0,2
1402,1,2,3,4
1403,0,0,8,0
1404,0,0,8,0
1405,0,0,1,8
1406,0,0,8,0
1407,0,0,8,0
1408,0,4,5,5
1409,1,0,8,0
1410,0,0,8,0
1411,0,0,8,0
1412,1,0,8,0
1413,0,0,8,0
1414,0,0,1,8
1415,0,0,8,0
1416,0,6,0,2
1417,0,1,4,6
1418,0,0,8,0
1419,0,2,3,4
1420,1,0,8,0
1421,0,0,8,0
1422,0,3,6,7
1423,0,0,8,0
1424,0,0,8,0
1425,0,2,3,4
1426,0,0,8,0
1427,1,0,8,0
1428,0,2,3,4
1429,0,0,8,0
1430,0,-1,0,2
1431,0,0,1,8
1432,0,0,8,0
1433,0,-1,0,2
1434,0,-1,0,2
1435,0,0,8,0
1436,1,0,8,0
1437,0,0,8,0
1438,1,0,8,0
1439,0,0,8,0
1440,0,0,1,8
1441,0,0,8,0
1442,0,-1,0,2
1443,0,0,8,0
1444,0,0,1,8
1445,1,0,8,0
1446,0,0,8,0
1447,0,0,8,0
1448,0,0,8,0
1449,0,0,8,0
1450,0,0,8,0
1451,0,-1,0,2
1452,0,0,8,0
1453,1,0,8,0
1454,0,5,7,3
1455,0,0,8,0
1456,0,-1,0,2
1457,1,4,5,5
1458,0,0,8,0
1459,1,-1,0,2
1460,0,5,7,3
1461,0,0,8,0
1462,1,-1,0,2
1463,0,0,8,0
1464,0,0,8,0
1465,0,0,8,0
1466,0,1,4,6
1467,0,0,8,0
1468,0,0,8,0
1469,0,0,8,0
1470,0,0,1,8
1471,0,0,8,0
1472,0,0,1,8
1473,0,0,8,0
1474,0,0,1,8
1475,0,0,8,0
1476,0,-1,0,2
1477,0,0,8,0
1478,0,0,8,0
1479,0,0,8,0
1480,0,0,8,0
1481,0,0,8,0
1482,0,0,8,0
1483,0,4,5,5
1484,0,-1,2,1
1485,0,0,8,0
1486,0,-1,0,2
1487,1,0,8,0
1488,0,0,8,0
1489,0,3,6,7
1490,0,0,8,0
1491,0,0,8,0
1492,0,-1,5,5
1493,0,2,3,4
1494,0,0,8,0
1495,0,-1,0,2
1496,0,2,3,4
1497,1,0,8,0
1498,0,0,8,0
1499,0,0,8,0
1500,1,2,3,4
1501,1,0,8,0
1502,0,0,8,0
1503,0,0,8,0
1504,0,1,4,6
1505,1,0,8,0
1506,0,2,3,4
1507,0,0,1,8
1508,0,0,8,0
1509,0,0,8,0
1510,0,0,8,0
1511,0,0,8,0
1512,0,0,1,8
1513,0,0,8,0
1514,0,0,8,0
1515,1,-1,0,2
1516,0,-1,0,2
1517,1,2,3,4
1518,0,0,8,0
1519,0,0,8,0
1520,0,0,8,0
1521,1,-1,0,2
1522,1,2,3,4
1523,0,0,8,0
1524,0,-1,0,2
1525,0,5,7,3
1526,0,0,8,0
1527,0,0,8,0
1528,1,0,8,0
1529,0,0,8,0
1530,0,0,1,8
1531,0,0,8,0
1532,0,2,3,4
1533,0,0,8,0
1534,0,0,8,0
1535,0,-1,0,2
1536,0,0,8,0
1537,0,0,8,0
1538,0,0,8,0
1539,0,0,8,0
1540,0,0,8,0
1541,0,2,3,4
1542,0,0,8,0
1543,0,0,1,8
1544,1,0,8,0
1545,0,3,6,7
1546,0,0,8,0
1547,0,0,8,0
1548,1,1,4,6
1549,0,0,8,0
1550,0,0,8,0
1551,0,0,8,0
1552,0,0,8,0
1553,1,6,0,2
1554,0,0,8,0
1555,1,-1,0,2
1556,0,0,8,0
1557,1,0,8,0
1558,0,0,8,0
1559,0,0,8,0
1560,0,1,4,6
1561,1,0,8,0
1562,0,0,8,0
1563,0,2,3,4
1564,0,2,3,4
1565,0,-1,0,2
1566,0,0,1,8
1567,0,-1,0,2
1568,0,0,8,0
1569,0,0,8,0
1570,0,-1,0,2
1571,0,0,8,0
1572,0,0,8,0
1573,0,0,8,0
1574,0,0,8,0
1575,0,4,5,5
1576,0,0,8,0
1577,0,-1,2,1
1578,0,-1,0,2
1579,1,0,8,0
1580,0,0,8,0
1581,0,1,4,6
1582,0,4,5,5
1583,0,1,4,6
1584,0,4,5,5
1585,0,0,8,0
1586,0,0,8,0
1587,0,-1,0,2
1588,0,0,8,0
1589,0,0,8,0
1590,0,0,1,8
1591,0,4,5,5
1592,1,0,8,0
1593,0,7,0,2
1594,0,-1,0,2
1595,0,0,8,0
1596,0,0,8,0
1597,0,0,8,0
1598,0,0,8,0
1599,0,0,8,0
1600,0,0,8,0
1601,0,5,7,3
1602,0,4,5,5
1603,0,0,8,0
1604,0,-1,0,2
1605,0,0,8,0
1606,0,0,8,0
1607,0,0,8,0
1608,0,2,3,4
1609,0,0,8,0
1610,1,0,8,0
1611,0,0,8,0
1612,0,0,8,0
1613,0,4,5,5
1614,0,0,8,0
1615,0,0,8,0
1616,0,0,8,0
1617,0,-1,0,2
1618,0,0,8,0
1619,0,0,8,0
1620,0,0,8,0
1621,0,0,1,8
1622,0,-1,0,2
1623,0,2,3,4
1624,0,-1,0,2
1625,0,0,8,0
1626,1,0,8,0
1627,0,0,8,0
1628,0,0,8,0
1629,0,0,8,0
1630,0,2,3,4
1631,0,0,8,0
1632,0,0,8,0
1633,0,0,8,0
1634,0,0,1,8
1635,0,0,8,0
1636,0,0,8,0
1637,0,-1,0,2
1638,1,0,8,0
1639,0,0,8,0
1640,0,0,8,0
1641,1,0,8,0
1642,0,0,8,0
1643,0,0,0,2
1644,0,4,5,5
1645,1,-1,0,2
1646,0,0,8,0
1647,1,-1,0,2
1648,0,0,8,0
1649,0,1,4,6
1650,0,0,8,0
1651,1,-1,0,2
1652,0,0,8,0
1653,0,0,8,0
1654,0,0,8,0
1655,0,0,8,0
1656,0,0,8,0
1657,0,0,8,0
1658,0,0,8,0
1659,0,0,8,0
1660,0,1,4,6
1661,0,3,6,7
1662,0,0,1,8
1663,0,1,4,6
1664,0,2,3,4
1665,1,0,8,0
1666,0,0,8,0
1667,1,-1,0,2
1668,0,0,8,0
1669,0,-1,0,2
1670,0,0,8,0
1671,0,0,8,0
1672,1,7,0,2
1673,0,0,8,0
1674,0,0,8,0
1675,0,0,8,0
1676,0,0,8,0
1677,0,0,8,0
1678,0,0,8,0
1679,0,3,6,7
1680,1,0,8,0
1681,0,0,8,0
1682,0,0,8,0
1683,0,0,8,0
1684,0,0,8,0
1685,0,0,8,0
1686,0,0,8,0
1687,1,0,8,0
1688,0,0,8,0
1689,0,0,8,0
1690,0,-1,0,2
1691,0,0,8,0
1692,0,-1,2,1
1693,0,0,1,8
1694,0,0,8,0
1695,0,0,1,8
1696,0,0,8,0
1697,0,-1,0,2
1698,0,0,8,0
1699,0,1,4,6
1700,1,2,3,4
1701,1,-1,0,2
1702,0,0,8,0
1703,0,0,1,8
1704,0,0,8,0
1705,0,0,8,0
1706,0,-1,0,2
1707,0,0,8,0
1708,0,0,8,0
1709,1,-1,0,2
1710,1,8,0,2
1711,1,0,8,0
1712,0,0,1,8
1713,0,0,8,0
1714,0,0,8,0
1715,0,-1,0,2
1716,0,-1,0,2
1717,1,0,8,0
1718,0,2,3,4
1719,0,0,8,0
1720,1,0,8,0
1721,0,2,3,4
1722,0,0,1,8
1723,0,1,4,6
1724,0,0,8,0
1725,0,0,8,0
1726,0,0,8,0
1727,0,-1,0,2
1728,0,0,8,0
1729,0,0,8,0
1730,0,4,5,5
1731,0,2,3,4
1732,0,0,8,0
1733,0,0,8,0
1734,0,0,8,0
1735,0,0,8,0
1736,0,0,8,0
1737,0,-1,0,2
1738,0,0,8,0
1739,0,0,8,0
1740,0,0,8,0
1741,0,0,8,0
1742,0,0,1,8
1743,0,1,4,6
1744,0,0,8,0
1745,0,0,1,8
1746,1,0,8,0
1747,0,1,4,6
1748,1,0,8,0
1749,0,0,8,0
1750,0,0,1,8
1751,0,0,1,8
1752,0,0,1,8
1753,1,4,5,5
1754,0,0,8,0
1755,0,0,0,2
1756,1,3,6,7
1757,0,0,8,0
1758,0,0,8,0
1759,0,1,4,6
1760,0,0,8,0
1761,0,0,8,0
1762,0,0,8,0
1763,0,0,8,0
1764,0,-1,0,2
1765,0,3,6,7
1766,0,0,8,0
1767,0,0,8,0
1768,0,0,8,0
1769,0,0,8,0
1770,0,-1,0,2
1771,0,0,8,0
1772,0,0,8,0
1773,0,0,8,0
1774,0,-1,0,2
1775,1,0,8,0
1776,0,0,8,0
1777,0,0,8,0
1778,0,0,8,0
1779,0,0,8,0
1780,0,0,8,0
1781,0,0,8,0
1782,1,0,8,0
1783,0,3,6,7
1784,0,2,3,4
1785,0,0,8,0
1786,0,4,5,5
1787,0,0,8,0
1788,0,4,5,5
1789,0,2,3,4
1790,0,-1,0,2
1791,0,0,8,0
1792,0,0,8,0
1793,0,0,8,0
1794,1,0,8,0
1795,0,0,8,0
1796,0,0,8,0
1797,0,0,8,0
1798,0,0,1,8
1799,0,0,1,8
1800,0,0,8,0
1801,0,-1,0,2
1802,0,1,4,6
1803,0,0,8,0
1804,1,1,4,6
1805,0,0,8,0
1806,0,0,8,0
1807,0,0,8,0
1808,0,0,1,8
1809,0,0,8,0
1810,0,0,8,0
1811,0,0,8,0
1812,0,0,8,0
1813,0,1,4,6
1814,0,0,8,0
1815,0,0,8,0
1816,0,0,8,0
1817,0,0,8,0
1818,0,0,8,0
1819,1,0,8,0
1820,0,0,8,0
1821,1,0,1,8
1822,0,-1,0,2
1823,0,1,4,6
1824,0,2,3,4
1825,0,0,8,0
1826,0,-1,0,2
1827,0,0,8,0
1828,0,2,3,4
1829,0,0,8,0
1830,0,0,8,0
1831,0,0,8,0
1832,0,0,8,0
1833,0,0,8,0
1834,0,0,8,0
1835,0,2,3,4
1836,1,0,8,0
1837,0,0,8,0
1838,1,0,8,0
1839,0,0,8,0
1840,0,2,3,4
1841,0,0,1,8
1842,0,0,8,0
1843,1,3,6,7
1844,0,0,8,0
1845,1,0,8,0
1846,0,0,8,0
1847,0,-1,0,2
1848,0,0,8,0
1849,0,0,1,8
1850,0,0,1,8
1851,0,0,8,0
1852,0,-1,0,2
1853,0,0,8,0
1854,0,0,8,0
1855,0,0,8,0
1856,0,2,3,4
1857,0,-1,0,2
1858,0,2,3,4
1859,0,4,5,5
1860,0,-1,0,2
1861,0,0,8,0
1862,0,0,8,0
1863,0,0,8,0
1864,0,0,8,0
1865,1,-1,0,2
1866,0,0,8,0
1867,0,1,4,6
1868,0,0,8,0
1869,0,0,1,8
1870,0,0,1,8
1871,1,4,5,5
1872,1,0,8,0
1873,0,0,1,8
1874,0,0,8,0
1875,0,1,4,6
1876,0,1,4,6
1877,0,0,8,0
1878,0,0,8,0
1879,0,0,8,0
1880,1,0,8,0
1881,0,-1,0,2
1882,1,0,8,0
1883,0,-1,0,2
1884,0,0,8,0
1885,1,2,3,4
1886,0,-1,0,2
1887,0,0,8,0
1888,0,0,8,0
1889,0,1,4,6
1890,0,4,5,5
1891,0,0,1,8
1892,0,2,3,4
1893,1,1,4,6
1894,0,-1,0,2
1895,0,5,7,3
1896,0,0,8,0
1897,0,2,3,4
1898,0,4,5,5
1899,1,0,8,0
1900,0,-1,0,2
1901,0,0,1,8
1902,0,0,1,8
1903,0,0,8,0
1904,0,0,8,0
1905,0,-1,0,2
1906,0,0,8,0
1907,0,2,3,4
1908,0,0,8,0
1909,0,0,8,0
1910,0,0,8,0
1911,0,0,8,0
1912,0,0,8,0
1913,0,2,3,4
1914,0,0,8,0
1915,0,0,8,0
1916,0,0,8,0
1917,0,0,8,0
1918,0,-1,0,2
1919,0,0,8,0
1920,1,2,3,4
1921,0,0,8,0
1922,0,-1,0,2
1923,0,1,4,6
1924,1,2,3,4
1925,0,0,8,0
1926,0,0,8,0
1927,0,0,8,0
1928,0,0,8,0
1929,0,4,5,5
1930,0,0,8,0
1931,0,3,6,7
1932,0,0,1,8
1933,0,0,8,0
1934,1,2,3,4
1935,0,2,3,4
1936,0,0,8,0
1937,0,8,0,2
1938,0,0,8,0
1939,0,0,8,0
1940,0,0,8,0
1941,0,1,4,6
1942,0,-1,0,2
1943,0,-1,0,2
1944,0,0,8,0
1945,0,0,8,0
1946,0,0,8,0
1947,0,0,8,0
1948,0,1,4,6
1949,1,0,8,0
1950,0,0,8,0
1951,1,0,8,0
1952,0,0,8,0
1953,0,2,3,4
1954,0,0,8,0
1955,1,2,3,4
1956,0,0,8,0
1957,0,0,8,0
1958,0,-1,0,2
1959,0,1,4,6
1960,0,0,8,0
1961,0,0,8,0
1962,0,0,8,0
1963,1,1,4,6
1964,0,0,8,0
1965,1,-1,0,2
1966,0,0,8,0
1967,0,1,4,6
1968,0,0,8,0
1969,0,-1,0,2
1970,0,-1,0,2
1971,0,0,8,0
1972,0,1,4,6
1973,0,0,1,8
1974,0,0,8,0
1975,0,0,8,0
1976,0,0,8,0
1977,0,0,8,0
1978,0,0,8,0
1979,0,0,8,0
1980,0,1,4,6
1981,0,0,8,0
1982,0,0,8,0
1983,0,-1,0,2
1984,0,-1,8,2
1985,0,0,1,8
1986,0,-1,0,2
1987,1,-1,0,2
1988,0,0,1,8
1989,0,1,4,6
1990,0,6,0,2
1991,1,-1,0,2
1992,1,-1,0,2
1993,0,1,4,6
1994,1,0,8,0
1995,0,0,1,8
1996,0,0,8,0
1997,0,0,8,0
1998,0,-1,0,2
1999,0,1,4,6
2000,0,0,8,0
2001,0,4,5,5
2002,0,0,8,0
2003,0,0,8,0
2004,0,0,8,0
2005,0,0,1,8
2006,0,0,8,0
2007,0,0,8,0
2008,0,0,8,0
2009,0,0,8,0
2010,0,0,1,8
2011,0,0,8,0
2012,0,0,1,8
2013,0,1,4,6
2014,0,-1,0,2
2015,0,-1,0,2
2016,0,0,1,8
2017,0,0,8,0
2018,0,0,8,0
2019,0,-1,0,2
2020,0,-1,0,2
2021,0,0,8,0
2022,0,0,8,0
2023,1,2,3,4
2024,0,-1,0,2
2025,0,0,1,8
2026,0,-1,0,2
2027,0,1,4,6
2028,1,0,8,0
2029,0,0,8,0
2030,0,0,8,0
2031,0,2,3,4
2032,0,2,3,4
2033,0,0,8,0
2034,0,0,8,0
2035,0,0,8,0
2036,0,3,6,7
2037,0,0,1,8
2038,0,2,3,4
2039,0,6,0,2
2040,0,0,1,8
2041,0,0,8,0
2042,1,-1,0,2
2043,0,0,8,0
2044,0,0,8,0
2045,0,-1,0,2
2046,0,8,0,2
2047,0,0,8,0
2048,0,0,8,0
2049,0,-1,0,2
2050,0,0,8,0
2051,0,0,8,0
2052,0,0,8,0
2053,0,0,8,0
2054,0,0,8,0
2055,0,4,5,5
2056,0,1,4,6
2057,0,0,8,0
2058,0,3,6,7
2059,0,-1,0,2
2060,0,5,7,3
2061,0,3,6,7
2062,0,3,6,7
2063,0,0,8,0
2064,1,0,8,0
2065,1,-1,0,2
2066,0,0,8,0
2067,0,0,8,0
2068,1,0,8,0
2069,1,0,8,0
2070,0,5,7,3
2071,1,0,8,0
2072,0,0,8,0
2073,0,0,8,0
2074,0,-1,0,2
2075,0,0,8,0
2076,0,0,8,0
2077,1,0,8,0
2078,0,0,8,0
2079,0,0,1,8
2080,0,0,8,0
2081,0,0,8,0
2082,0,-1,0,2
2083,0,0,8,0
2084,0,-1,2,1
2085,0,0,8,0
2086,0,0,8,0
2087,0,-1,0,2
2088,1,-1,0,2
2089,1,8,0,2
2090,0,-1,0,2
2091,0,0,8,0
2092,0,-1,0,2
2093,0,-1,0,2
2094,1,-1,0,2
2095,0,0,8,0
2096,0,0,8,0
2097,1,0,8,0
2098,1,2,3,4
2099,0,0,8,0
2100,0,1,4,6
2101,0,1,4,6
2102,0,0,8,0
2103,0,0,8,0
2104,0,0,8,0
2105,0,0,1,8
2106,0,0,8,0
2107,0,0,8,0
2108,1,-1,0,2
2109,0,8,0,2
2110,0,-1,0,2
2111,1,0,8,0
2112,1,1,4,6
2113,0,-1,0,2
2114,0,0,8,0
2115,0,-1,0,2
2116,0,0,8,0
2117,0,-1,2,1
2118,0,0,8,0
2119,0,0,1,8
2120,1,0,8,0
2121,0,0,8,0
2122,0,0,8,0
2123,0,0,8,0
2124,0,-1,0,2
2125,0,2,3,4
2126,0,-1,0,2
2127,0,0,8,0
2128,1,0,8,0
2129,0,0,1,8
2130,0,0,8,0
2131,0,-1,0,2
2132,0,0,1,8
2133,0,0,8,0
2134,0,0,1,8
2135,0,0,8,0
2136,0,2,3,4
2137,1,0,8,0
2138,0,0,8,0
2139,0,0,8,0
2140,0,0,8,0
2141,1,4,5,5
2142,1,-1,0,2
2143,0,4,5,5
2144,0,-1,2,1
2145,0,0,1,8
2146,1,0,8,0
2147,0,0,8,0
2148,0,-1,0,2
2149,0,-1,0,2
2150,0,0,8,0
2151,1,-1,0,2
2152,0,-1,0,2
2153,0,4,5,5
2154,0,-1,0,2
2155,0,0,8,0
2156,0,0,8,0
2157,0,0,8,0
2158,0,0,8,0
2159,0,0,8,0
2160,0,-1,0,2
2161,0,2,3,4
2162,0,0,8,0
2163,0,0,8,0
2164,0,8,0,2
2165,0,0,8,0
2166,0,1,4,6
2167,0,0,8,0
2168,0,0,8,0
2169,0,0,8,0
2170,0,0,8,0
2171,0,0,8,0
2172,1,0,8,0
2173,0,5,7,3
2174,0,0,8,0
2175,0,2,3,4
2176,0,0,8,0
2177,0,0,8,0
2178,0,7,0,2
2179,0,1,4,6
2180,0,0,8,0
2181,0,0,8,0
2182,1,0,8,0
2183,0,-1,0,2
2184,1,-1,0,2
2185,0,0,8,0
2186,0,2,3,4
2187,0,0,8,0
2188,0,7,0,2
2189,1,1,4,6
2190,0,-1,0,2
2191,0,0,1,8
2192,1,2,3,4
2193,0,0,8,0
2194,0,-1,0,2
2195,0,0,8,0
2196,0,0,8,0
2197,0,1,4,6
2198,0,0,8,0
2199,0,1,4,6
2200,0,2,3,4
2201,0,0,8,0
2202,0,0,8,0
2203,0,0,8,0
2204,0,0,8,0
2205,1,0,8,0
2206,0,0,8,0
2207,1,1,4,6
2208,0,0,8,0
2209,0,0,8,0
2210,0,4,5,5
2211,0,0,8,0
2212,0,0,8,0
2213,1,-1,0,2
2214,0,0,8,0
2215,0,0,1,8
2216,1,-1,0,2
2217,1,0,8,0
2218,0,0,8,0
2219,0,0,8,0
2220,1,-1,0,2
2221,0,0,8,0
2222,0,2,3,4
2223,1,0,8,0
2224,0,1,4,6
2225,0,1,4,6
2226,0,0,8,0
2227,0,0,8,0
2228,0,7,0,2
2229,0,0,8,0
2230,0,0,8,0
2231,0,0,1,8
2232,1,3,6,7
2233,1,-1,0,2
2234,0,-1,0,2
2235,0,0,8,0
2236,0,0,8,0
2237,0,-1,0,2
2238,1,3,6,7
2239,0,0,8,0
2240,0,-1,0,2
2241,0,0,8,0
2242,0,0,8,0
2243,0,3,6,7
2244,0,0,8,0
2245,0,0,8,0
2246,0,0,8,0
2247,1,0,8,0
2248,0,0,8,0
2249,0,-1,0,2
2250,0,0,1,8
2251,0,3,6,7
2252,0,5,7,3
2253,0,0,8,0
2254,0,0,8,0
2255,0,0,8,0
2256,0,3,6,7
2257,1,-1,0,2
2258,0,0,8,0
2259,1,7,0,2
2260,0,4,5,5
2261,0,0,8,0
2262,0,-1,0,2
2263,0,4,5,5
2264,0,2,3,4
2265,0,0,8,0
2266,0,3,6,7
2267,0,0,8,0
2268,0,0,8,0
2269,1,1,4,6
2270,0,1,4,6
2271,0,0,8,0
2272,0,-1,0,2
2273,0,1,4,6
2274,0,0,8,0
2275,0,1,4,6
2276,0,0,8,0
2277,0,0,8,0
2278,0,0,8,0
2279,0,5,7,3
2280,0,4,5,5
2281,0,4,5,5
2282,0,0,8,0
2283,0,-1,0,2
2284,1,0,8,0
2285,0,0,8,0
2286,0,0,8,0
2287,0,0,8,0
2288,0,4,5,5
2289,0,0,8,0
2290,0,2,3,4
2291,0,4,5,5
2292,0,0,8,0
2293,0,1,4,6
2294,0,3,6,7
2295,0,4,5,5
2296,0,0,8,0
2297,0,2,3,4
2298,0,0,8,0
2299,0,1,4,6
2300,0,0,8,0
2301,0,0,8,0
2302,0,0,8,0
2303,0,0,8,0
2304,0,0,8,0
2305,0,0,8,0
2306,0,0,8,0
2307,1,0,8,0
2308,1,2,3,4
2309,0,0,8,0
2310,0,0,8,0
2311,0,0,8,0
2312,0,0,8,0
2313,0,-1,0,2
2314,0,0,8,0
2315,0,-1,0,2
2316,0,0,8,0
2317,0,0,8,0
2318,0,0,1,8
2319,0,0,8,0
2320,0,-1,0,2
2321,0,0,1,8
2322,0,0,8,0
2323,0,0,8,0
2324,0,0,8,0
2325,0,0,8,0
2326,0,0,8,0
2327,0,0,8,0
2328,0,0,8,0
2329,0,0,8,0
2330,0,1,4,6
2331,0,2,3,4
2332,0,0,8,0
2333,0,-1,0,2
2334,0,0,8,0
2335,0,0,8,0
2336,1,0,8,0
2337,1,2,3,4
2338,0,2,3,4
2339,0,-1,6,7
2340,0,-1,0,2
2341,0,0,8,0
2342,0,0,8,0
2343,0,0,8,0
2344,0,0,8,0
2345,0,0,8,0
2346,0,0,8,0
2347,1,0,8,0
2348,0,0,8,0
2349,0,0,8,0
2350,0,0,8,0
2351,0,0,8,0
2352,0,-1,0,2
2353,0,0,8,0
2354,0,-1,0,2
2355,0,1,4,6
2356,1,4,5,5
2357,0,0,8,0
2358,1,-1,0,2
2359,0,0,8,0
2360,0,0,8,0
2361,0,-1,0,2
2362,1,0,8,0
2363,0,4,5,5
2364,0,0,8,0
2365,0,-1,0,2
2366,0,0,8,0
2367,0,-1,0,2
2368,0,-1,0,2
2369,1,0,8,0
2370,0,0,8,0
2371,0,0,8,0
2372,0,-1,0,2
2373,0,0,8,0
2374,0,-1,0,2
2375,0,1,4,6
2376,0,6,0,2
2377,0,2,3,4
2378,0,0,8,0
2379,0,-1,0,2
2380,0,0,8,0
2381,0,0,8,0
2382,0,-1,0,2
2383,1,0,8,0
2384,0,-1,0,2
2385,0,0,8,0
2386,0,2,3,4
2387,0,0,8,0
2388,0,0,8,0
2389,0,0,8,0
2390,0,0,8,0
2391,0,2,3,4
2392,0,0,8,0
2393,0,-1,0,2
2394,0,0,8,0
2395,0,0,8,0
2396,0,0,8,0
2397,0,0,8,0
2398,1,2,3,4
2399,0,0,8,0
2400,1,0,8,0
2401,0,-1,0,2
2402,0,0,8,0
2403,0,0,8,0
2404,0,5,7,3
2405,0,0,8,0
2406,0,4,5,5
2407,0,0,8,0
2408,0,7,0,2
2409,0,0,8,0
2410,0,0,8,0
2411,1,0,8,0
2412,0,0,8,0
2413,0,0,8,0
2414,0,0,8,0
2415,0,1,4,6
2416,0,1,4,6
2417,0,2,3,4
2418,0,2,3,4
2419,1,4,5,5
2420,0,-1,0,2
2421,1,-1,0,2
2422,0,0,8,0
2423,0,0,8,0
2424,0,7,0,2
2425,1,0,8,0
2426,0,-1,0,2
2427,0,0,8,0
2428,1,0,8,0
2429,0,0,8,0
2430,0,0,8,0
2431,0,4,5,5
2432,1,2,3,4
2433,0,0,8,0
2434,0,2,3,4
2435,0,2,3,4
2436,0,0,8,0
2437,0,0,8,0
2438,0,0,8,0
2439,0,0,8,0
2440,0,-1,0,2
2441,0,0,8,0
2442,1,4,5,5
2443,0,0,8,0
2444,0,0,8,0
2445,0,0,8,0
2446,0,0,8,0
2447,1,0,8,0
2448,0,0,8,0
2449,0,0,8,0
2450,0,0,8,0
2451,0,3,6,7
2452,1,1,4,6
2453,1,-1,0,2
2454,1,4,5,5
2455,1,4,5,5
2456,0,0,8,0
2457,0,0,8,0
2458,0,4,5,5
2459,0,0,8,0
2460,0,-1,0,2
2461,0,1,4,6
2462,0,0,8,0
2463,0,0,8,0
2464,0,-1,0,2
2465,0,0,1,8
2466,0,0,8,0
2467,0,0,8,0
2468,0,0,8,0
2469,0,0,1,8
2470,0,0,8,0
2471,0,1,4,6
2472,0,8,0,2
2473,0,-1,0,2
2474,0,0,8,0
2475,0,0,1,8
2476,0,-1,0,2
2477,0,0,8,0
2478,1,4,5,5
2479,0,1,4,6
2480,0,0,8,0
2481,0,0,8,0
2482,0,4,5,5
2483,0,0,8,0
2484,0,0,8,0
2485,0,-1,0,2
2486,0,-1,0,2
2487,1,-1,0,2
2488,0,0,8,0
2489,0,0,8,0
2490,1,0,8,0
2491,0,1,4,6
2492,0,0,8,0
2493,0,0,8,0
2494,0,0,8,0
2495,1,1,4,6
2496,1,8,0,2
2497,0,0,8,0
2498,0,0,8,0
2499,0,0,1,8
2500,0,-1,0,2
2501,0,0,8,0
2502,0,0,8,0
2503,0,0,8,0
2504,0,0,8,0
2505,0,0,8,0
2506,0,-1,0,2
2507,0,0,1,8
2508,0,0,8,0
2509,0,0,8,0
2510,1,-1,0,2
2511,0,0,8,0
2512,0,0,8,0
2513,0,0,8,0
2514,0,0,8,0
2515,0,0,8,0
2516,0,0,8,0
2517,0,2,3,4
2518,0,-1,0,2
2519,0,0,8,0
2520,0,0,8,0
2521,0,0,8,0
2522,0,-1,0,2
2523,0,0,8,0
2524,0,-1,0,2
2525,0,0,8,0
2526,0,1,4,6
2527,0,0,8,0
2528,0,0,8,0
2529,0,0,8,0
2530,0,0,8,0
2531,0,0,8,0
2532,1,0,8,0
2533,0,0,1,8
2534,0,-1,0,2
2535,0,1,4,6
2536,0,0,1,8
2537,0,0,8,0
2538,0,2,3,4
2539,0,-1,0,2
2540,0,1,4,6
2541,0,8,0,2
2542,0,7,0,2
2543,1,0,8,0
2544,0,-1,0,2
2545,0,0,8,0
2546,0,1,4,6
2547,0,0,8,0
2548,1,1,4,6
2549,0,-1,5,5
2550,0,7,0,2
2551,0,0,8,0
2552,0,0,8,0
2553,0,0,8,0
2554,0,0,8,0
2555,1,2,3,4
2556,1,-1,0,2
2557,0,0,1,8
2558,0,0,8,0
2559,0,-1,0,2
2560,0,0,8,0
2561,0,1,4,6
2562,1,-1,0,2
2563,0,0,1,8
2564,0,0,8,0
2565,0,0,8,0
2566,0,0,8,0
2567,0,0,8,0
2568,0,0,8,0
2569,0,-1,0,2
2570,0,0,8,0
2571,0,0,8,0
2572,0,0,8,0
2573,1,-1,0,2
2574,0,1,4,6
2575,0,-1,0,2
2576,0,0,8,0
2577,1,-1,4,6
2578,0,1,4,6
2579,0,4,5,5
2580,0,3,6,7
2581,0,4,5,5
2582,0,0,8,0
2583,0,0,8,0
2584,0,0,8,0
2585,0,0,8,0
2586,0,2,3,4
2587,1,-1,0,2
