0,1,sensitive_attribute,GroundTruth,DBSCAN,FairDen,Scalable,FairSC,Fairlet
-0.7252913893001505,-0.23954332783165871,0,0,0,1,0,0,1
-0.007933175296373858,-1.745374748101571,0,0,0,1,0,0,0
-0.06014392581223352,-1.6028865488630015,0,0,0,1,0,0,1
-0.43870336421864276,-1.638624887824428,0,0,0,1,0,0,1
-1.6624916347660168,0.41260085233400523,0,1,1,0,1,0,0
-0.2863725720902349,-1.5068356812769896,0,0,0,1,0,0,1
-0.4997074307490878,-1.3075473917855553,0,0,0,1,0,0,1
-0.7288902276034105,-0.16729798432383808,0,0,0,1,0,0,1
0.4545358264900302,-1.4479835783871198,0,0,0,1,0,0,1
-0.5668431166401913,0.8942767214773617,0,1,1,0,1,0,1
0.20084935767317652,-1.657606598920769,0,0,0,1,0,0,1
-0.4290463856914191,0.3729278878974632,0,1,1,0,1,0,1
-0.4711636198415364,-1.2785614209743938,0,0,0,1,0,0,0
0.6936413101458845,-0.5542278486458866,0,0,0,1,0,0,0
0.7129937150522236,-0.8022162858837105,0,0,0,1,0,0,1
0.5329672342031204,-1.100334822115967,0,0,0,1,0,0,1
-1.2031254799675049,1.269912049075975,0,1,1,0,1,0,1
0.5763250863402153,-1.2297859707852505,0,0,0,1,0,0,1
0.029008081461055338,-1.7884155237903872,0,0,0,1,0,0,1
-1.3559775302476167,1.1156915008594366,1,1,1,0,1,1,0
-0.7074387079825014,-0.6398653912344832,0,0,0,1,0,0,1
-0.7101359172646065,1.1457747075695868,0,1,1,0,1,0,0
-1.5203742037004668,0.7521572011820341,0,1,1,0,1,0,0
-0.7170873910145007,-0.33562911797102657,0,0,0,1,0,0,0
-0.919681090526903,1.1055030141076605,0,1,1,0,1,0,1
-0.9375833960945329,1.2580014575935847,1,1,1,0,1,1,0
-0.49158370058775513,0.595058781443238,0,1,1,0,1,0,0
0.7714017471966201,-0.25726075629837036,0,0,0,1,1,0,1
0.5822862373674872,-1.1230913042577664,0,0,0,1,0,0,1
0.724021534258073,-0.5514567961702458,0,0,0,1,0,0,0
-1.4178531707738624,1.0063861008873742,0,1,1,0,1,0,1
-0.6553694725412523,0.8499356262089629,0,1,1,0,1,0,1
-0.5493071654124172,-1.3230492004587615,0,0,0,1,0,0,1
-1.76997602936987,-0.438822735149283,0,1,1,0,0,0,1
-1.5838268339249544,0.5501161596461522,0,1,1,0,1,0,1
-0.8218962518339559,1.3697162383250463,0,1,1,0,1,0,0
-0.2740504648386639,-1.6807688160398824,0,0,0,1,0,0,1
-0.5476974908380906,-0.9035461770524573,0,0,0,1,0,0,1
0.6028329981158959,-1.0454199812346765,0,0,0,1,0,0,0
-0.37864240979384206,0.021372792190218426,1,1,1,0,1,1,0
-1.446502169777677,1.1861391241801937,1,1,1,0,1,1,0
-0.45933830625907,0.48694551590412094,0,1,1,0,1,0,1
-1.3361790433644862,1.165151168676655,1,1,1,0,1,1,0
0.8099065225381225,-0.30352753296009216,0,0,0,1,1,0,1
-1.2988787637465853,1.134721170091796,0,1,1,0,1,0,1
-1.1426921155311047,1.1534424819026643,1,1,1,0,1,1,0
0.6795379120704849,-1.0704933899033127,0,0,0,1,0,0,1
-0.5777159661411119,-1.0558704931154637,0,0,0,1,0,0,1
-1.6797891157869158,0.059559357185102635,0,1,1,0,0,0,0
0.3310258228470848,-1.5829969267273785,0,0,0,1,0,0,1
-0.6817003630998636,-0.8321406142563956,0,0,0,1,0,0,0
0.5317720619007978,-1.3853062592768803,0,0,0,1,0,0,1
-1.080445896288592,1.2119851095324652,0,1,1,0,1,0,0
-0.5861671472853871,-1.0582080586708202,0,0,0,1,0,0,1
-0.3826955193786835,-0.2152538832191187,1,1,1,0,0,1,0
-0.38011802570824466,-0.19888979668254325,1,1,1,0,0,1,0
-0.5235734713852445,-1.2324773150177646,0,0,0,1,0,0,1
-0.36439216616249154,-0.3890023732757434,1,1,1,0,0,1,0
-0.957211849408243,1.2610006688533852,1,1,1,0,1,1,0
0.3133303695874304,-1.6356901102952943,0,0,0,1,0,0,0
-1.1724287619669385,1.059710757814036,1,1,1,0,1,1,0
-0.32985461892134893,-0.1623678810769604,0,1,1,0,1,0,1
-0.7596409999241952,-0.6394163125690693,0,0,0,1,0,0,1
-0.9183943317243685,1.1916652670791985,0,1,1,0,1,0,1
-0.5508739313989203,-1.159051687471383,0,0,0,1,0,0,0
-0.25111766132617663,-1.6591131394814544,0,0,0,1,0,0,0
-0.33746078330055274,-1.6758195963182603,0,0,0,1,0,0,0
0.4769657551007378,-1.376141367397843,0,0,0,1,0,0,1
-0.3898524482342866,0.1641392710550623,1,1,1,0,1,1,0
-0.6869599312975864,-0.5393314933739091,0,0,0,1,0,0,1
-0.5209439819363098,0.5116042867948675,0,1,1,0,1,0,0
-1.7720453251954267,-0.45716398423697746,1,1,1,0,0,1,0
-0.57961994663636,-1.1028525030500855,0,0,0,1,0,0,0
-0.0422338701183344,-1.8354383651238872,0,0,0,1,0,0,1
-1.2181427256039112,1.0863569275135807,1,1,1,0,1,1,0
-1.225832768194462,1.1986699655141344,1,1,1,0,1,1,0
-0.3460231253898895,-1.5876944999979399,0,0,0,1,0,0,0
-0.3837945381292044,-0.16983209665974644,0,1,1,0,1,0,1
-0.6600298527073603,-0.8481619532719861,0,0,0,1,0,0,1
-1.3565233294197394,1.046255052529669,0,1,1,0,1,0,0
-0.2525460883020836,-1.8018735869823832,0,0,0,1,0,0,1
-0.3725979971564961,0.06846449580387592,1,1,1,0,1,1,0
-1.1274536259665249,1.0188634232024394,0,1,1,0,1,0,1
-0.4646335918763293,0.15408802449326947,1,1,1,0,1,1,0
-1.3228848051626012,1.0680610120072007,1,1,1,0,1,1,0
-0.6894255892379856,-0.4773080380747473,0,0,0,1,0,0,1
0.8049964617238168,-0.02855314074229341,0,0,0,1,1,0,1
-0.17287574415486756,-1.8110623379285253,0,0,0,1,0,0,1
-0.021653559103309225,-1.8087658328050709,0,0,0,1,0,0,1
-1.4528670843393299,1.0750461239797133,1,1,1,0,1,1,0
-1.5176996377958498,0.7210277769879156,1,1,1,0,1,1,0
-1.7603965611868189,0.05270060070263152,1,1,1,0,0,1,0
-0.6448102288419784,-0.17984371183583878,0,0,0,1,0,0,0
-0.9518281243863402,1.24054231969488,0,1,1,0,1,0,1
0.17124899163006602,-1.6994022718647792,0,0,0,1,0,0,1
-1.7065221245724753,-0.04507861998428189,0,1,1,0,0,0,0
0.061828793361904576,-1.793423397013035,0,0,0,1,0,0,1
-0.4976809125673052,0.4554175786710149,0,1,1,0,1,0,0
-0.4491857853887919,0.09176703258255049,0,1,1,0,1,0,1
0.3899541023449194,-1.696792021637727,0,0,0,1,0,0,1
-0.12102791768266391,-1.9320936771048132,0,0,0,1,0,0,1
-1.411232242186245,0.8600173626520345,0,1,1,0,1,0,1
0.6751844071589325,-0.7334404190820019,0,0,0,1,0,0,1
-1.0649329136458112,1.0964742098064102,1,1,1,0,1,1,0
-0.4657754430737444,-1.4420334835953903,0,0,0,1,0,0,1
-0.49496229538014613,-1.3616979357624033,0,0,0,1,0,0,1
-0.6814490201704998,-0.6358466253846222,0,0,0,1,0,0,0
0.7113497703785111,-0.5393240800849582,0,0,0,1,0,0,1
-0.6335644937429673,1.0018178815311922,0,1,1,0,1,0,1
0.577898294973226,-0.9708187074193454,0,0,0,1,0,0,1
-0.6808330687067777,-0.3352161562012332,0,0,0,1,0,0,1
0.29056973568778055,-1.5538352018071968,0,0,0,1,0,0,1
0.6614148084287642,-0.12981843032984,0,0,0,1,1,0,1
0.2536013503704419,-1.6872323133350766,0,0,0,1,0,0,0
-0.40316337530925533,0.3965083178229235,0,1,1,0,1,0,0
-1.6837564102904092,0.2554265504513944,0,1,1,0,1,0,0
-0.7230758320754501,1.176735987162498,0,1,1,0,1,0,1
0.7049784905832279,-0.25063092524089814,0,0,0,1,1,0,1
-0.7483872431492603,-0.45118799173795426,0,0,0,1,0,0,0
-1.2266894388894385,1.1739844804543458,1,1,1,0,1,1,0
0.586599467464815,-1.181337336710274,0,0,0,1,0,0,1
-1.6589296824380924,0.26386240365824287,0,1,1,0,1,0,0
-0.1716283901664177,-1.6949730037122115,0,0,0,1,0,0,0
-1.1553385191778873,1.2700718205526724,1,1,1,0,1,1,0
-1.0383217371167308,1.336146255661275,0,1,1,0,1,0,1
-0.6702944085019703,-0.6966084857145661,0,0,0,1,0,0,1
-0.5991875899623252,-1.1135282469196959,0,0,0,1,0,0,1
-1.7583488844386923,0.16012373789148848,0,1,1,0,0,0,0
0.5245080997777657,-1.3380640813247284,0,0,0,1,0,0,1
0.1850020077154016,-1.6796800754872239,0,0,0,1,0,0,1
-0.5491458445604326,-1.0887541480402099,0,0,0,1,0,0,0
0.47413880829416793,-1.546760810051571,0,0,0,1,0,0,0
-1.1457124489092108,1.0055644734111968,0,1,1,0,1,0,1
0.7603855484402182,-0.09266042947934101,0,0,0,1,1,0,1
-0.7584245941889136,-0.545550272067246,0,0,0,1,0,0,1
-0.41263864477216533,0.1486875276102689,0,1,1,0,1,0,1
-0.5449587241075857,0.6126008220922219,1,1,1,0,1,1,0
-0.9386298330050444,1.0977881638495657,0,1,1,0,1,0,1
-0.4169937250018968,-0.3437232855998091,0,1,1,0,0,0,0
-0.4496789327919223,0.3106603458674006,0,1,1,0,1,0,0
-0.3719751726347467,-0.10712986266227734,1,1,1,0,1,1,0
-0.9630453815575674,1.172204800757639,1,1,1,0,1,1,0
-0.07751746189708002,-1.6488199269787025,0,0,0,1,0,0,1
-1.2553891955855527,1.2025412997687708,0,1,1,0,1,0,1
0.554761531147777,-1.2063323049412384,0,0,0,1,0,0,1
0.6470333099261438,-1.0186516772948442,0,0,0,1,0,0,1
0.25818336996966246,-1.707777532090735,0,0,0,1,0,0,1
-1.0458986449003647,1.126988098066485,0,1,1,0,1,0,0
0.3542087061364291,-1.5483314740573428,0,0,0,1,0,0,1
-1.3577385961151347,1.0239290443908489,0,1,1,0,1,0,1
-0.4631418862836153,-1.5021604918580764,0,0,0,1,0,0,1
-0.5811256277595467,1.030809749295003,1,1,1,0,1,1,0
0.6904829454265271,-0.30227694610821226,0,0,0,1,1,0,1
-1.7204602172832644,0.28227633363940746,0,1,1,0,1,0,1
0.6997013018576996,-0.6037603427327317,0,0,0,1,0,0,1
-1.7872608226122217,-0.10038220858146263,0,1,1,0,0,0,0
-1.3831882856181479,0.9999482461418424,0,1,1,0,1,0,0
-0.19267786430434236,-1.8064820283433212,0,0,0,1,0,0,1
-0.41951110326612523,0.13012071681279952,0,1,1,0,1,0,1
0.5722301390872256,-1.3223104909243937,0,0,0,1,0,0,1
-0.7102529752898193,-1.1327027942073802,0,0,0,1,0,0,1
0.13116846263180057,-1.7775236628360858,0,0,0,1,0,0,1
-0.368636101051235,-1.5793544408131588,0,0,0,1,0,0,0
-0.47147030515923743,-1.4469554334865111,0,0,0,1,0,0,0
0.4952258415840594,-1.3507849724615104,0,0,0,1,0,0,1
-0.3104785369348981,-1.5569375747781615,0,0,0,1,0,0,1
-1.258856372684682,1.2119400407436967,1,1,1,0,1,1,0
-0.24032518252271873,-1.6184596958744373,0,0,0,1,0,0,1
-1.3050295027741077,1.2219871381513507,1,1,1,0,1,1,0
-1.3478865330422014,1.147260499719192,0,1,1,0,1,0,0
-1.5347856986553172,0.7458150968254892,1,1,1,0,1,1,0
-1.795196642589717,-0.24974215836555358,0,1,1,0,0,0,1
-0.4891648963534199,0.6354236462693337,1,1,1,0,1,1,0
0.7180219288191296,-0.18542720089350215,0,0,0,1,1,0,1
-1.7443130059454182,-0.4989058499505579,0,1,1,0,0,0,0
-1.5274651185593215,0.8119781321528672,1,1,1,0,1,1,0
-1.0506508970559074,1.111946038899404,1,1,1,0,1,1,0
-1.0465939799230914,1.245731361886746,1,1,1,0,1,1,0
0.2516566204958882,-1.7586422060332028,0,0,0,1,0,0,1
-0.2886445471475328,-1.6354734165355966,0,0,0,1,0,0,1
-1.7323031928185983,-0.5823137953642904,0,1,1,0,0,0,1
-0.3297867737057215,-1.568730508717725,0,0,0,1,0,0,1
-1.5810116716393554,0.6633182776765009,1,1,1,0,1,1,0
-0.7133668982746321,-0.34477499384784577,0,0,0,1,0,0,1
0.35034108420810295,-1.4284606380883629,0,0,0,1,0,0,0
-0.6070564051143702,0.8224342041349264,1,1,1,0,1,1,0
-1.4872274690802207,0.8141462100678545,0,1,1,0,1,0,1
-1.5398585448010182,0.6124150933783107,0,1,1,0,1,0,1
0.7080824940559899,-0.5938132657021159,0,0,0,1,0,0,1
-0.054578243350006765,-1.8533625766405695,0,0,0,1,0,0,0
0.646626966962606,-0.6413304834844085,0,0,0,1,0,0,1
0.3770320593461995,-1.5183221329727818,0,0,0,1,0,0,0
-0.34994817247345156,-1.4106602692808483,0,0,0,1,0,0,1
-0.8406707078146249,1.043053398973189,1,1,1,0,1,1,0
-0.8977659415486785,1.2396050647411194,1,1,1,0,1,1,0
-1.7054448026735258,0.5772117804637815,0,1,1,0,1,0,0
-1.3818513161091082,0.9825307678755077,0,1,1,0,1,0,0
-0.8972488720985131,1.1128503026526777,1,1,1,0,1,1,0
-0.5329210470785747,-1.233378601152992,0,0,0,1,0,0,1
-0.3893950209345104,0.27993318504769654,0,1,1,0,1,0,0
-0.332398305580876,-0.19785681363581387,0,1,1,0,1,0,0
-0.6828609170065221,-0.4768894769324806,0,0,0,1,0,0,1
-0.20755817480770816,-1.6535096983663933,0,0,0,1,0,0,1
-0.6476169706237945,-0.6349688556743304,0,0,0,1,0,0,1
0.34722995990073324,-1.5378477044606589,0,0,0,1,0,0,1
-0.5377099106135591,-1.0231593656400633,0,0,0,1,0,0,1
-0.7298192006134211,0.9851808418229411,0,1,1,0,1,0,0
0.6495836919988635,-0.9923580251785485,0,0,0,1,0,0,1
-1.8246912865455096,-0.49526289058642153,0,1,1,0,0,0,0
0.30708087810713286,-1.6311036875550846,0,0,0,1,0,0,1
-0.4551562324075697,0.23066105507743634,1,1,1,0,1,1,0
-0.6265013831131382,0.9261380527312972,0,1,1,0,1,0,0
0.6410050191811476,-0.8608057166408464,0,0,0,1,0,0,1
0.3395363747609525,-1.674644968694574,0,0,0,1,0,0,0
-0.3051731207311049,-1.5618660129903401,0,0,0,1,0,0,0
-1.3734011004981994,0.9106882360807969,0,1,1,0,1,0,1
-0.3462902710087019,-1.5299455529802886,0,0,0,1,0,0,1
-1.055968865794557,1.180502057634137,0,1,1,0,1,0,1
0.600863247230699,-1.0646757759501508,0,0,0,1,0,0,1
-0.09052505693120134,-1.760822328106973,0,0,0,1,0,0,0
-1.2845606990963898,1.280151303975446,0,1,1,0,1,0,1
-0.09270626252807286,-1.80640221798373,0,0,0,1,0,0,0
0.7096944606521843,-0.3458254203742164,0,0,0,1,1,0,1
-0.37898188970298125,-0.04647277414449512,0,1,1,0,1,0,1
0.5886833353521196,-1.2206860825217147,0,0,0,1,0,0,0
-0.30313765346094285,-0.4353766186159612,1,1,1,0,0,1,0
-0.7002634233610272,-0.5912546704245509,0,0,0,1,0,0,1
-1.472487160617438,0.8235073879609027,0,1,1,0,1,0,1
0.667906409105081,-1.0257412121133087,0,0,0,1,0,0,1
-0.6774163518781329,-0.4081986855565815,0,0,0,1,0,0,0
-1.4810200113143623,1.025795324084332,0,1,1,0,1,0,0
0.7313173428534224,-0.04820719637206572,0,0,0,1,1,0,1
-1.7786103554761312,-0.19990020096011518,1,1,1,0,0,1,0
-0.6168609032742698,-0.6782981783929735,0,0,0,1,0,0,1
-0.36735433002044404,-0.13449226354877095,1,1,1,0,1,1,0
-0.38933576795773495,-0.2198929626264072,0,1,1,0,0,0,1
-0.9516043321798502,1.3167939990236437,0,1,1,0,1,0,1
0.8157298067397657,-0.4759624720433911,0,0,0,1,1,0,1
-0.8363549152556073,1.182956899922367,0,1,1,0,1,0,1
-1.4585710622789774,1.0441918090782982,1,1,1,0,1,1,0
-0.3567962259715784,-0.46026874192496553,0,1,1,0,0,0,0
-0.8150677673158637,1.1496180648818792,1,1,1,0,1,1,0
-0.6736157755834887,-0.15341824786858135,0,0,0,1,0,0,1
0.1621963977388492,-1.8125898108935266,0,0,0,1,0,0,1
-1.3637974284088108,1.295534559127894,0,1,1,0,1,0,1
-0.5051049955068918,0.7471846297744816,1,1,1,0,1,1,0
-1.7680328531641643,0.1716157367456788,1,1,1,0,1,1,0
-0.39266445928068705,0.3157303422037551,0,1,1,0,1,0,0
-0.41765632200839004,0.2580293150375031,0,1,1,0,1,0,1
-1.1715987104731234,1.2521243741610097,1,1,1,0,1,1,0
-0.41785572294885903,0.28850925756739004,1,1,1,0,1,1,0
0.7382824393112258,-0.18921390191756665,0,0,0,1,1,0,1
0.1264021633943044,-1.768777061793011,0,0,0,1,0,0,0
0.5705171798836488,-1.0530097552672506,0,0,0,1,0,0,1
-1.7159295603880667,0.543331636622299,0,1,1,0,1,0,0
-1.4197387320741042,1.0748585261200643,1,1,1,0,1,1,0
-0.6913442674306041,-0.2915597313368246,0,0,0,1,0,0,1
0.6606525590906651,-1.0539646186457021,0,0,0,1,0,0,1
0.6845520243939841,-0.9495133957884996,0,0,0,1,0,0,1
-0.3948890961596314,-0.4804950385512385,0,1,1,0,0,0,1
-0.15000520918903226,-1.7840313684182953,0,0,0,1,0,0,0
-1.7690197426612744,-0.03413974477558921,1,1,1,0,0,1,0
-0.44520916451218034,0.3660005250720725,1,1,1,0,1,1,0
-1.162021003969337,1.2661962873295423,0,1,1,0,1,0,1
-1.4770692547142747,0.9527809598494722,0,1,1,0,1,0,1
0.5403018568649045,-1.3630926839049822,0,0,0,1,0,0,1
0.23791667169142874,-1.6242881109284883,0,0,0,1,0,0,0
-1.594552726943661,0.707755803754723,1,1,1,0,1,1,0
-0.49077648682802794,-1.4032790156299464,0,0,0,1,0,0,0
-1.584985184088805,0.6067521775865283,1,1,1,0,1,1,0
-1.7796579788516864,-0.50308654454555,1,1,1,0,0,1,0
-0.5348289286668844,0.7056825788650016,1,1,1,0,1,1,0
0.5712513956492836,-1.092039722547912,0,0,0,1,0,0,1
-1.054617474322498,1.2696438627226123,0,1,1,0,1,0,1
-0.7072093103938158,-0.23290715348356555,0,0,0,1,0,0,1
-0.4152730062131973,-0.15709667513114045,1,1,1,0,1,1,0
-0.851129965863623,1.1674970637443476,0,1,1,0,1,0,1
-0.5977602730749074,-1.0720291776779767,0,0,0,1,0,0,0
-0.4201286201285174,0.2819944737666651,1,1,1,0,1,1,0
0.19784493112736065,-1.79365159219495,0,0,0,1,0,0,0
-0.5851186222406756,-1.0630770950413126,0,0,0,1,0,0,1
0.21945383321066403,-1.5661810498262427,0,0,0,1,0,0,1
-0.9752777839149067,1.2532271893981886,1,1,1,0,1,1,0
-1.2547807832217543,1.1798030933819752,1,1,1,0,1,1,0
-0.8777489217665303,1.218446737659214,0,1,1,0,1,0,1
-0.1759191257899948,-1.723421159927426,0,0,0,1,0,0,1
-1.5536872855741082,0.9745252925102795,0,1,1,0,1,0,1
-1.768519065873005,0.053539468245145556,0,1,1,0,0,0,1
-0.9197669857158051,1.1908135192869544,0,1,1,0,1,0,0
0.7058672897324029,-0.48000383559469023,0,0,0,1,0,0,0
0.7081979414189328,-0.6156526527580511,0,0,0,1,0,0,1
0.15568897892338257,-1.8251784170783487,0,0,0,1,0,0,0
-0.6722933023995484,-0.037463229502458395,0,0,0,1,1,0,1
-1.7328003720047394,-0.07553732131632238,0,1,1,0,0,0,1
-1.4785730154198227,0.788537885994954,1,1,1,0,1,1,0
-1.7581308416313348,-0.26338447588084213,0,1,1,0,0,0,1
0.6240690527971722,-0.9022906640843956,0,0,0,1,0,0,0
-1.737298873352007,0.3765510170331271,1,1,1,0,1,1,0
-0.39511689945947265,-0.4612904698170586,0,1,1,0,0,0,0
-0.7010013855293596,0.878611748849823,0,1,1,0,1,0,1
-0.6800204977771859,-0.5817471363252025,0,0,0,1,0,0,0
-1.6879300790576177,0.2542327060357048,1,1,1,0,1,1,0
-1.8528202389749946,-0.3850068542807155,1,1,1,0,0,1,0
-1.691167536485104,0.39819245861788244,1,1,1,0,1,1,0
0.1207620907760182,-1.7917412351185418,0,0,0,1,0,0,1
0.6506694433898156,-0.7489279918166035,0,0,0,1,0,0,1
-1.3700038890761643,0.8306537449795651,0,1,1,0,1,0,1
-0.5455291959865431,-0.8149722405137213,0,0,0,1,0,0,1
0.6926465178526162,-0.719090325956842,0,0,0,1,0,0,1
-0.6560113185808775,-0.7551275114149583,0,0,0,1,0,0,0
-0.5944869854005662,-0.9996635530589945,0,0,0,1,0,0,1
-0.6983596732237076,-0.4859359239829726,0,0,0,1,0,0,1
-0.6497675021468117,-1.0121167681684504,0,0,0,1,0,0,1
-0.14632348543862184,-1.8097622287532622,0,0,0,1,0,0,1
-1.8080899855954942,0.07268353952764817,1,1,1,0,0,1,0
-1.6917481822492146,0.053158786705342735,1,1,1,0,0,1,0
-0.9820524790621331,1.0761096379240247,1,1,1,0,1,1,0
-1.4944777513820657,0.8661063607615402,1,1,1,0,1,1,0
-0.1230089102866738,-1.7540455840126257,0,0,0,1,0,0,1
-0.8228824552927138,1.2012802377882557,0,1,1,0,1,0,1
-0.41993279709835307,0.2378327123178142,0,1,1,0,1,0,1
-0.5784770058117189,0.8799970236057655,1,1,1,0,1,1,0
-1.3114320789268574,1.141503499692466,0,1,1,0,1,0,0
-0.47194999648350094,-1.3206149875887006,0,0,0,1,0,0,0
0.1759772294763175,-1.7584874331383513,0,0,0,1,0,0,0
-0.7196222738605446,-0.10697607518587739,0,0,0,1,1,0,1
-1.4347133398043923,0.8302257396480455,0,1,1,0,1,0,0
-1.7320096843358554,-0.38447172347342057,1,1,1,0,0,1,0
-0.17359475200401073,-1.7016126484581564,0,0,0,1,0,0,1
-0.5493536360337721,0.7213154575582333,1,1,1,0,1,1,0
-0.16975494102029065,-1.7926693409217624,0,0,0,1,0,0,1
-1.263361463167517,1.0291699920490585,0,1,1,0,1,0,1
-0.10639881248602479,-1.8600354141815738,0,0,0,1,0,0,1
-0.4057591591407116,-1.44811246967767,0,0,0,1,0,0,1
-0.31977422858080146,-0.5755981439714541,0,1,1,0,0,0,1
-1.3622899668242678,1.1192990223180168,0,1,1,0,1,0,1
-0.1415670400724882,-1.6116707695906145,0,0,0,1,0,0,1
-0.7339276785475972,-0.5607389394828051,0,0,0,1,0,0,1
0.5622421802792251,-1.4718972370553494,0,0,0,1,0,0,1
-0.6840959109971184,-0.42486583172789155,0,0,0,1,0,0,0
-1.7543259767913124,-0.33836910208046744,0,1,1,0,0,0,1
-1.7029303305287302,0.3025692896790171,0,1,1,0,1,0,1
-0.6853324958771901,1.1231368964171657,1,1,1,0,1,1,0
-0.5390565430435056,0.6754862448619255,1,1,1,0,1,1,0
-1.6830266677152197,0.6068702320519758,0,1,1,0,1,0,0
-1.7285841416611032,0.2575092900085855,1,1,1,0,1,1,0
-0.692836440744739,-0.6534492482918176,0,0,0,1,0,0,1
0.5729514194710096,-1.0630426436621785,0,0,0,1,0,0,0
-0.47328999818436457,0.4844775916735864,1,1,1,0,1,1,0
0.713938109833382,-0.7091170934904805,0,0,0,1,0,0,1
-0.7402901717887829,1.255204894340923,0,1,1,0,1,0,1
-1.2099273311987135,1.1021358241717698,0,1,1,0,1,0,1
0.6038928171219583,-0.967331144506104,0,0,0,1,0,0,1
-0.41473755577881777,0.3718920081765414,1,1,1,0,1,1,0
-1.2395573930371293,1.1118255642079,1,1,1,0,1,1,0
-0.6051227109108732,0.8223841155634053,0,1,1,0,1,0,1
-1.314928332469121,1.1500225145572687,0,1,1,0,1,0,1
-1.6405545349668165,0.25392980871441617,0,1,1,0,1,0,0
-1.3430785591601473,0.9263170624050854,0,1,1,0,1,0,1
-0.6334921738495762,0.7373889294641215,1,1,1,0,1,1,0
-1.692765738613341,0.3583366526015803,1,1,1,0,1,1,0
-0.6179759535068117,-0.8099412353475182,0,0,0,1,0,0,1
-0.6098890413448841,0.8165570787211736,0,1,1,0,1,0,1
-1.7611321467734282,0.04876667443897017,0,1,1,0,0,0,0
-0.670782793979902,1.0346446070678046,1,1,1,0,1,1,0
-0.3882312241439213,-0.28361732229331416,0,1,1,0,0,0,0
0.08945432462513782,-1.819744457317998,0,0,0,1,0,0,1
-0.8039213855804598,1.1828685568989243,1,1,1,0,1,1,0
-1.6381074976545824,0.46953340340474603,1,1,1,0,1,1,0
0.5185746265791616,-1.56624219771451,0,0,0,1,0,0,1
-0.6784356252446798,1.0140103629314017,1,1,1,0,1,1,0
-0.18089649727887175,-1.7501910881547427,0,0,0,1,0,0,1
-0.6140248628914052,0.8728759036414252,1,1,1,0,1,1,0
-0.7401862790158664,1.1336690093395867,0,1,1,0,1,0,1
-0.31870291503938836,-0.3935923330301579,1,1,1,0,0,1,0
-0.029771361937745756,-1.8378545961534578,0,0,0,1,0,0,1
-1.8125243608190642,-0.312718471594794,1,1,1,0,0,1,0
-0.4504514434922385,0.37541042103690087,0,1,1,0,1,0,1
0.6194652455261099,-0.9870026447810282,0,0,0,1,0,0,1
0.2804698300875536,-1.6634108681559825,0,0,0,1,0,0,1
-0.9167890565117537,1.1995374071198193,1,1,1,0,1,1,0
-0.6412508174531799,0.9128040702159754,1,1,1,0,1,1,0
0.10807414927042461,-1.7504176481106324,0,0,0,1,0,0,0
-1.0006938043263631,1.135531270852352,0,1,1,0,1,0,0
-0.9063921850758506,1.2049873065339838,1,1,1,0,1,1,0
0.5820661973964698,-0.9344342641582007,0,0,0,1,0,0,1
-0.8137273388004163,-0.050593721681257794,0,0,0,1,1,0,1
-0.5626717377150984,0.7058969770795834,0,1,1,0,1,0,1
0.7458140715946227,-0.2864730111911145,0,0,0,1,1,0,1
0.0845040233742559,-1.7609554227881186,0,0,0,1,0,0,0
-0.798200905684563,1.0831328552664896,1,1,1,0,1,1,0
-0.3826864495630798,-0.10274442989021723,0,1,1,0,1,0,0
-0.24192245912258684,-1.7816463797121318,0,0,0,1,0,0,1
-0.48759212336804136,0.5288961836246742,1,1,1,0,1,1,0
-0.6018517197105238,-1.0560104564142434,0,0,0,1,0,0,1
-0.4379662895816781,0.16933557131576352,1,1,1,0,1,1,0
-1.6359227352737458,0.659428266617269,0,1,1,0,1,0,0
-1.7678387808545901,0.08195099594535943,1,1,1,0,0,1,0
0.038120326718795464,-1.7298617743459745,0,0,0,1,0,0,1
0.709276394107121,-0.20005488801303153,0,0,0,1,1,0,1
-0.3034022210693341,-0.27698270405382486,0,1,1,0,0,0,0
-1.729993756128681,-0.09666308634066048,0,1,1,0,0,0,1
-0.689448068817597,-0.5147136717506542,0,0,0,1,0,0,1
-0.7103572448890804,-0.415256307566301,0,0,0,1,0,0,1
-0.4895308221907841,-1.3237234266528852,0,0,0,1,0,0,1
-0.2333363534792071,-1.8101386499432777,0,0,0,1,0,0,0
0.6172505734382584,-0.8514761725698343,0,0,0,1,0,0,1
-1.5078710592154947,1.1462485234706201,0,1,1,0,1,0,1
-0.41822598016920237,0.03463080864350481,0,1,1,0,1,0,1
-0.667250588994023,-0.22802547972156473,0,0,0,1,0,0,0
-0.7890399618355736,-0.29004871853162034,0,0,0,1,0,0,0
0.6090373084753044,-1.105439327347385,0,0,0,1,0,0,1
0.16065805499380234,-1.7657921741848062,0,0,0,1,0,0,1
-1.0818326839483805,1.1253732655967423,1,1,1,0,1,1,0
0.24767493861139028,-1.6984606759027587,0,0,0,1,0,0,0
-0.1712645197808661,-1.6841437464059426,0,0,0,1,0,0,1
-0.23682508426916554,-1.5572674182950328,0,0,0,1,0,0,1
0.3755078355022211,-1.5186198957234915,0,0,0,1,0,0,1
-0.7283382438179128,-0.2584385661683861,0,0,0,1,0,0,1
-1.7807443824005544,0.05397635611480157,1,1,1,0,0,1,0
-0.3400428833876707,-0.16464109308916283,1,1,1,0,1,1,0
-0.1543054645171879,-1.769200480593713,0,0,0,1,0,0,0
-1.7639475028335203,-0.3760420302028552,1,1,1,0,0,1,0
-0.6739042233539855,-0.686149906487126,0,0,0,1,0,0,0
-1.7501973444156247,0.07587654588280622,0,1,1,0,0,0,1
-1.5174255039909663,0.8758213092589137,1,1,1,0,1,1,0
-0.45075748051389397,0.3197635034177863,0,1,1,0,1,0,1
-0.38081955288960284,0.07937383635931114,0,1,1,0,1,0,0
-0.4833941013969132,-1.3295345435694146,0,0,0,1,0,0,0
-1.1370174697354223,1.3269847831699277,1,1,1,0,1,1,0
-1.2616824196802927,1.143156646503771,1,1,1,0,1,1,0
-1.507908151481274,0.7448520721342909,1,1,1,0,1,1,0
-1.4737878270766367,0.973327049895304,0,1,1,0,1,0,1
-1.7708936035289853,-0.04242473452209371,1,1,1,0,0,1,0
-1.1333247853202255,1.358978057123148,1,1,1,0,1,1,0
-0.31386655951376324,-0.328441559754815,1,1,1,0,0,1,0
-0.7917132428383384,1.1065940371979741,1,1,1,0,1,1,0
-1.5251944923504948,0.7492459214606406,0,1,1,0,1,0,1
0.5168001159584218,-1.365950490071621,0,0,0,1,0,0,1
-0.5920850445571709,-1.3995657687145635,0,0,0,1,0,0,1
-0.9171806098116148,1.218918095115934,1,1,1,0,1,1,0
-0.654730772497196,-0.8678052113838993,0,0,0,1,0,0,1
0.7231748691969558,-0.4067229726695779,0,0,0,1,1,0,0
-0.4496586319324643,-1.4267590047963572,0,0,0,1,0,0,0
-0.6703490748291199,-0.5398813813838249,0,0,0,1,0,0,0
-0.5861606076584853,-1.0068105714937736,0,0,0,1,0,0,0
-0.42872650729408135,-1.3822772414874172,0,0,0,1,0,0,1
-0.7045804655264677,1.111021237583725,1,1,1,0,1,1,0
-0.3931028432756365,-1.533445231720411,0,0,0,1,0,0,1
-0.31239921585610336,-1.6171824175263338,0,0,0,1,0,0,1
-0.6128395954350329,-0.9718854158558305,0,0,0,1,0,0,1
0.5422325919325228,-1.2671210745814747,0,0,0,1,0,0,1
-1.620814217002988,0.4365071138540168,1,1,1,0,1,1,0
-0.6672389211904058,1.0412918767230637,0,1,1,0,1,0,1
-0.9679047396717793,1.3238240834076938,1,1,1,0,1,1,0
-0.5372247133201155,-1.3705656680435672,0,0,0,1,0,0,1
0.615344821454634,-1.1673771826780266,0,0,0,1,0,0,0
-0.32824768918939046,-1.5206134241637836,0,0,0,1,0,0,0
-1.590352046619582,0.7558773480636392,1,1,1,0,1,1,0
-1.6799609328359544,0.3937624541126219,1,1,1,0,1,1,0
-0.38544744168715467,0.1901569303335595,0,1,1,0,1,0,1
-0.4666749896572969,0.5888475345280788,0,1,1,0,1,0,0
-0.5680456439413866,-1.205897292895321,0,0,0,1,0,0,1
0.7329554163699411,-0.3629082939144599,0,0,0,1,1,0,1
-1.631902347764103,0.495397943223872,1,1,1,0,1,1,0
-0.47726930711830906,0.6758322113248544,0,1,1,0,1,0,1
-0.5680305139256093,0.537604260985292,1,1,1,0,1,1,0
-1.698758353295591,0.27677508418072705,1,1,1,0,1,1,0
-0.7304139360928684,-0.531539987716742,0,0,0,1,0,0,1
-1.729956657002212,-0.026861988037915608,0,1,1,0,0,0,0
-1.7248333849384803,0.5503034753180919,1,1,1,0,1,1,0
-0.39543570835087943,0.3764263751123977,0,1,1,0,1,0,1
0.702722310597023,-0.8591310571252925,0,0,0,1,0,0,0
-0.4420178238621919,0.3413350021900296,0,1,1,0,1,0,0
-1.3501432145243755,0.952490492620446,1,1,1,0,1,1,0
0.730378758904964,-0.2565804621266304,0,0,0,1,1,0,1
0.7095128252854941,-0.7332236470551585,0,0,0,1,0,0,1
0.7250076560425631,-0.6959577637332603,0,0,0,1,0,0,0
-0.5809763460243312,-1.0734372367131222,0,0,0,1,0,0,1
-0.5904641641497786,-0.9244113046034773,0,0,0,1,0,0,1
-0.5013510177168327,-1.2532431307003957,0,0,0,1,0,0,0
-0.42678851647639937,0.5195025937140081,1,1,1,0,1,1,0
-0.44001534843834206,-0.3213068321699474,1,1,1,0,0,1,0
-1.6457276663738272,0.463244051952079,0,1,1,0,1,0,1
-0.7247789735821171,-0.447200306784831,0,0,0,1,0,0,0
-0.34754372325438254,-0.16470618142480173,1,1,1,0,1,1,0
-0.35677675016425664,-0.006130891912356829,0,1,1,0,1,0,0
-1.3353630729333759,0.9228091748955559,1,1,1,0,1,1,0
-0.7131702331303722,1.0233097269989262,0,1,1,0,1,0,1
-1.7348150436381642,-0.5161571045760537,1,1,1,0,0,1,0
0.5656864516491797,-1.4628814034600852,0,0,0,1,0,0,1
-0.625061442127039,-1.0445964154436091,0,0,0,1,0,0,1
-0.012483219405172783,-1.9187974040203915,0,0,0,1,0,0,1
-0.4953855245552636,0.5811902838259307,0,1,1,0,1,0,1
-1.7696609565599297,0.2758846253207411,1,1,1,0,1,1,0
-0.7075159409216408,1.0397455453537794,1,1,1,0,1,1,0
-1.7467010640103062,0.11455745211559551,1,1,1,0,0,1,0
-1.6870939284463418,0.4788411332974628,0,1,1,0,1,0,1
0.46332203364805224,-1.344806316271804,0,0,0,1,0,0,1
0.5486168691048449,-1.2792203043433903,0,0,0,1,0,0,0
-0.3989242643083738,-1.6678839118452178,0,0,0,1,0,0,1
-0.7082198788505175,1.1196880770508308,1,1,1,0,1,1,0
-1.6147160800414033,0.4535155791491356,1,1,1,0,1,1,0
0.6342482542677366,-1.042485650115016,0,0,0,1,0,0,1
0.2159048547028585,-1.742473058427319,0,0,0,1,0,0,1
0.6709121659634841,-0.5772578912872055,0,0,0,1,0,0,0
-0.2664900441819183,-1.6912120318972137,0,0,0,1,0,0,1
-1.6230009974548059,0.570014276387624,1,1,1,0,1,1,0
0.6904612179163442,-0.4053739062625416,0,0,0,1,1,0,1
-0.0033050579012870326,-1.8191123661058237,0,0,0,1,0,0,0
-1.0876350107477868,1.1297960381308199,1,1,1,0,1,1,0
-0.7528112730534732,-0.5782986683767607,0,0,0,1,0,0,1
-1.4169601382383312,0.991528562986853,1,1,1,0,1,1,0
-0.3165784307996291,-0.33891885019001633,1,1,1,0,0,1,0
-1.3861905185398684,0.989526184188692,1,1,1,0,1,1,0
0.0790481328810754,-1.8955285106225197,0,0,0,1,0,0,1
-0.9734489910119523,1.2535854063915945,0,1,1,0,1,0,1
-0.7966281844423078,1.2717721760996674,0,1,1,0,1,0,1
0.726788677635565,-0.2209979005240783,0,0,0,1,1,0,1
-0.3745539703595783,-0.29856478269519365,0,1,1,0,0,0,0
-1.519310815515593,0.8059631025516373,0,1,1,0,1,0,1
-0.32911744650828273,-1.621930864797692,0,0,0,1,0,0,1
0.5094941686238447,-1.1741986785441527,0,0,0,1,0,0,1
-1.4557003397350428,0.9683418300821952,0,1,1,0,1,0,0
-1.69760312372818,0.369304036072734,0,1,1,0,1,0,0
-0.6761686909343311,-0.6980512697859532,0,0,0,1,0,0,1
0.3239820612627046,-1.5878264437857503,0,0,0,1,0,0,1
-0.8660538453330638,1.3311854938047063,0,1,1,0,1,0,1
-0.41873878867164227,-1.4379127644354002,0,0,0,1,0,0,1
-0.48388096439123335,0.4574073757887124,1,1,1,0,1,1,0
-0.6123305644729319,-0.6931683789688116,0,0,0,1,0,0,1
-0.4267444431738145,0.2064088848976104,0,1,1,0,1,0,1
-0.5307241846536518,-1.2338191390196769,0,0,0,1,0,0,0
-1.2377329271513622,1.1448591294231663,1,1,1,0,1,1,0
0.4534030807819891,-1.5855983941394434,0,0,0,1,0,0,1
-1.7687292842683324,0.18975344670255057,0,1,1,0,1,0,0
-0.660020811228674,0.963085200592265,0,1,1,0,1,0,0
-0.4058561677380342,0.27786799877930024,1,1,1,0,1,1,0
-0.08139753628341233,-1.8689463226565894,0,0,0,1,0,0,1
-1.7334689082371169,0.13564216040444282,1,1,1,0,0,1,0
-0.8209561901471686,1.1008287473727976,0,1,1,0,1,0,1
-1.1170375633108949,1.2583260119459618,1,1,1,0,1,1,0
-0.94928904179131,1.1744724273208635,1,1,1,0,1,1,0
-1.8398492039670302,-0.36264920868185196,0,1,1,0,0,0,0
-0.5119209170944535,0.7777097009268854,0,1,1,0,1,0,1
0.7260465365753658,-0.6308527105885651,0,0,0,1,0,0,1
-0.6803747333100016,-0.22431033279313514,0,0,0,1,0,0,0
0.2939226539555313,-1.6146189238141087,0,0,0,1,0,0,0
-0.5598537891784235,-0.963192637589484,0,0,0,1,0,0,1
-0.5231842642618675,0.6924697224506869,1,1,1,0,1,1,0
-0.5314644546998595,0.6924874744300334,0,1,1,0,1,0,1
-1.786138952137337,-0.2726586430391326,1,1,1,0,0,1,0
-0.23078602446022306,-1.6426599747623587,0,0,0,1,0,0,1
-0.3915742634214629,-0.0011544278533916134,0,1,1,0,1,0,1
0.45335865210664583,-1.3741341413830486,0,0,0,1,0,0,1
0.629293243646024,-0.9621902485721642,0,0,0,1,0,0,0
-1.529784581223389,0.7606049362280911,0,1,1,0,1,0,1
-1.1313614967655317,1.2145177510064848,1,1,1,0,1,1,0
-0.3272670800961298,0.1105747601976644,0,1,1,0,1,0,0
-1.5214605010201665,0.8772806564651954,0,1,1,0,1,0,0
-0.814381773076645,1.105462295089682,1,1,1,0,1,1,0
0.7919900463057338,-0.056630398935096665,0,0,0,1,1,0,0
0.34445486901808614,-1.5252985055825152,0,0,0,1,0,0,0
-0.042463384788116676,-1.785188821556437,0,0,0,1,0,0,1
-1.053407205625137,1.254503386236804,1,1,1,0,1,1,0
-1.7428099387756506,-0.08041831448517071,0,1,1,0,0,0,1
-0.32202182676247043,-1.5161200908725097,0,0,0,1,0,0,1
-1.3024436346257053,0.933618596771442,0,1,1,0,1,0,1
-1.4667916700870878,1.035586749727442,1,1,1,0,1,1,0
0.7317161661886753,-0.5085684283786891,0,0,0,1,0,0,1
-0.6526515866898912,0.857284741815219,1,1,1,0,1,1,0
-0.5705556424635319,0.5374719291602535,0,1,1,0,1,0,1
0.19996922176596235,-1.6627018235106061,0,0,0,1,0,0,0
-0.4285049896298799,0.1360348703512973,1,1,1,0,1,1,0
-1.4969614115010943,0.9800491234142252,0,1,1,0,1,0,1
0.6563342628625174,-0.8271333098414665,0,0,0,1,0,0,0
-0.5938298994286446,0.7775030569440424,1,1,1,0,1,1,0
-1.7212271872598432,-0.29300064274754944,0,1,1,0,0,0,1
-1.652755530153329,0.5596634525249699,0,1,1,0,1,0,1
-0.5169141418700657,-1.2420182063498222,0,0,0,1,0,0,0
-1.3165620491625643,1.1496482750184347,0,1,1,0,1,0,1
-0.41333302799911936,-0.292772092704318,1,1,1,0,0,1,0
0.3087690735353504,-1.8118586380051136,0,0,0,1,0,0,1
0.21610307058217232,-1.7035228280674555,0,0,0,1,0,0,0
0.22402551937891202,-1.628506369976243,0,0,0,1,0,0,1
-1.6490755997330038,0.4984668720340055,1,1,1,0,1,1,0
-0.7252449924602752,-0.4651491978275333,0,0,0,1,0,0,1
-0.5756532656372697,-1.4687267101819448,0,0,0,1,0,0,1
-0.354028321069035,-0.0029888931900472625,0,1,1,0,1,0,1
-0.7233816050423879,1.0366050146287802,1,1,1,0,1,1,0
-1.0437419739489011,1.147451846338942,1,1,1,0,1,1,0
0.3417720177758875,-1.5728154296863455,0,0,0,1,0,0,0
-0.36358382102831543,-1.5228797597764558,0,0,0,1,0,0,1
0.036216049601567955,-1.7896637837713771,0,0,0,1,0,0,1
0.49441638433446217,-1.473020914933011,0,0,0,1,0,0,0
-0.6270935224226849,0.8911179261310337,1,1,1,0,1,1,0
-1.2132788108688297,1.125679933043895,1,1,1,0,1,1,0
-0.5994841061351797,-1.1113779494854397,0,0,0,1,0,0,0
-0.7109221589053665,-0.8350301394186599,0,0,0,1,0,0,0
-0.07832010142523853,-1.748645951908331,0,0,0,1,0,0,1
-0.30499301081413355,-0.4007668717887205,1,1,1,0,0,1,0
-0.5409913486490613,0.8156993086678617,0,1,1,0,1,0,1
-1.3417231190726386,1.0705981127723398,1,1,1,0,1,1,0
-1.0558564930810685,1.1726449548044129,1,1,1,0,1,1,0
-0.38350593811443295,-1.5715387439019142,0,0,0,1,0,0,1
0.6838082686500336,-0.45371264870925504,0,0,0,1,1,0,1
-0.7818854115126053,1.2107841076816575,1,1,1,0,1,1,0
-0.5093844585987733,0.6980995120143704,1,1,1,0,1,1,0
-0.503150679562484,-1.00405178047305,0,0,0,1,0,0,1
-0.6207812789224499,-1.2140842910507068,0,0,0,1,0,0,1
-0.6998374558024564,1.0354844212982786,0,1,1,0,1,0,0
-1.2545077523454982,1.1595150147672195,0,1,1,0,1,0,1
0.1274307154607551,-1.9117923188691113,0,0,0,1,0,0,1
-0.11539613725193879,-1.6172758385850157,0,0,0,1,0,0,0
-0.14700052025332186,-1.7256018004197553,0,0,0,1,0,0,1
-0.30979445363104163,-1.6736915247825648,0,0,0,1,0,0,1
0.7126461383445567,-0.5041398409342241,0,0,0,1,0,0,0
-0.6905724463007946,-0.2497210485365599,0,0,0,1,0,0,1
0.7775087825196518,-0.1871580882423454,0,0,0,1,1,0,1
-0.2849428017448505,-0.01536715614242192,0,1,1,0,1,0,1
0.6114397353952528,-1.0271783443842257,0,0,0,1,0,0,1
-0.677853759580171,0.7508525415363374,1,1,1,0,1,1,0
0.42956640520558015,-1.6543630322641734,0,0,0,1,0,0,1
-0.7001858790573661,0.9138130963697392,0,1,1,0,1,0,0
-0.3744016543295432,-0.39473102762767603,1,1,1,0,0,1,0
-0.7155728479949035,-0.19606865735041162,0,0,0,1,0,0,1
-0.33221520016510964,-0.04348935233524205,0,1,1,0,1,0,1
0.7336738349393116,-0.143764899208608,0,0,0,1,1,0,1
0.6921012277889504,-0.7240836971707171,0,0,0,1,0,0,0
-0.734728869105182,-0.25730829296744206,0,0,0,1,0,0,1
0.6644722527849074,-0.5606596684151983,0,0,0,1,0,0,1
-1.7672495356312363,-0.49204366764148577,0,1,1,0,0,0,0
-1.208497386050178,1.285366781248336,1,1,1,0,1,1,0
-0.14713639418332952,-1.8406902207997058,0,0,0,1,0,0,1
0.4762539519933068,-1.4481055896353703,0,0,0,1,0,0,0
-0.9170614555519464,1.1937554020894086,0,1,1,0,1,0,1
-0.3204817690769828,-0.09437837791585832,0,1,1,0,1,0,1
0.7320120699847515,-0.610275059769296,0,0,0,1,0,0,1
-1.7168369491910604,0.0976347090459213,1,1,1,0,0,1,0
0.6695334955390109,-0.5646809614014554,0,0,0,1,0,0,1
-1.5616697592194746,0.6045328244205539,0,1,1,0,1,0,0
-0.9967738249831066,1.1890266001739114,0,1,1,0,1,0,1
-0.30335605795098775,-0.1522603610726603,0,1,1,0,1,0,1
0.7295508324404649,-0.46080320517264917,0,0,0,1,1,0,1
-1.5207172837481995,0.8227796244729529,0,1,1,0,1,0,1
-1.721056398346003,-0.3355756803351473,0,1,1,0,0,0,1
0.7204495406569581,-0.35858709715812037,0,0,0,1,1,0,1
0.4475503762763704,-1.4253403921439227,0,0,0,1,0,0,1
-0.19217540487515966,-1.8118551417231163,0,0,0,1,0,0,0
0.3393436780966282,-1.5930841475077662,0,0,0,1,0,0,1
-0.7150575408746582,1.082690358870423,1,1,1,0,1,1,0
0.37788397113451233,-1.390593107382532,0,0,0,1,0,0,1
0.5139529892573467,-1.2725449164737521,0,0,0,1,0,0,1
-0.6928770855908285,-0.03538680995701473,0,0,0,1,1,0,1
0.780907819858838,-0.46809303879150677,0,0,0,1,1,0,1
0.3237656499106652,-1.6943452715864458,0,0,0,1,0,0,1
-0.6324004489027926,-0.7823468921684726,0,0,0,1,0,0,1
0.7328892810684016,-0.37137209906351654,0,0,0,1,1,0,1
-0.7465256208589444,0.91218964717703,0,1,1,0,1,0,0
0.5468228045837296,-0.918350434491033,0,0,0,1,0,0,1
-0.5863755403040006,0.9801505753781748,1,1,1,0,1,1,0
0.2023294126529877,-1.5981398267029507,0,0,0,1,0,0,0
0.7179434024127063,-0.24768591116184382,0,0,0,1,1,0,0
-0.0009619393568408125,-1.8543879869091853,0,0,0,1,0,0,1
-0.5053141595500968,0.5949171545311186,1,1,1,0,1,1,0
-1.0021786758265352,1.3168811245965528,1,1,1,0,1,1,0
-0.267988420732394,-1.7511894422974663,0,0,0,1,0,0,1
-0.444613772225452,0.43734613875557016,0,1,1,0,1,0,0
-1.7497094005450562,0.4206266284341304,0,1,1,0,1,0,1
-1.6188825427966453,0.2888337921582522,1,1,1,0,1,1,0
0.009423728568415075,-1.917825400512299,0,0,0,1,0,0,1
-0.6069309068909698,-1.0152502283152414,0,0,0,1,0,0,0
0.1423105594255441,-1.7503120196732576,0,0,0,1,0,0,1
-0.3675925692898792,-1.6462227359267845,0,0,0,1,0,0,1
-0.5958952728042605,0.643768358325971,1,1,1,0,1,1,0
-0.38161866129369804,0.07883203907709707,0,1,1,0,1,0,1
-0.6310587927011374,0.9846361447624701,0,1,1,0,1,0,0
-1.7041098272480883,0.34878563995935724,0,1,1,0,1,0,1
0.7054286571172503,-0.8345447460732894,0,0,0,1,0,0,1
-0.8607470502385414,1.065465443164816,1,1,1,0,1,1,0
-0.3261835737959095,-1.5150480822701284,0,0,0,1,0,0,0
0.4000150682360455,-1.4178734606072576,0,0,0,1,0,0,1
0.027102334592518547,-1.8886447566348015,0,0,0,1,0,0,0
-0.3848629740863999,-0.4992387843250399,1,1,1,0,0,1,0
0.26555426917484987,-1.662057961471179,0,0,0,1,0,0,1
-0.3224493523115975,-0.2791000148596113,1,1,1,0,0,1,0
-1.751046110058974,-0.10018267566556714,0,1,1,0,0,0,0
-0.4162582360700687,-1.2903542917837225,0,0,0,1,0,0,0
-1.06271024205053,1.3081535359280039,1,1,1,0,1,1,0
-1.2244394495182886,1.2305486869730697,0,1,1,0,1,0,1
-0.02311996015833067,-1.9286605792483258,0,0,0,1,0,0,1
-0.6403960938259807,-0.8785068220176846,0,0,0,1,0,0,1
-0.5597711869341948,-1.2731706575581547,0,0,0,1,0,0,1
-0.0606598642311748,-1.6533324964039102,0,0,0,1,0,0,1
0.5547136982997696,-1.1469158864483213,0,0,0,1,0,0,0
-1.137783018468552,1.300895245612244,1,1,1,0,1,1,0
-0.5488319859046739,-1.2904026700968745,0,0,0,1,0,0,1
-1.2695972841325065,1.1869439069775471,1,1,1,0,1,1,0
-1.6664501002290308,0.46776515868563356,1,1,1,0,1,1,0
-0.6880334204642865,0.826115097027015,0,1,1,0,1,0,1
0.204319053924939,-1.8302161692054681,0,0,0,1,0,0,1
-0.43971271050944194,-1.630936087823722,0,0,0,1,0,0,1
0.6595835880741401,-1.2117699186384103,0,0,0,1,0,0,1
-0.6317056675168075,-0.6447751992854566,0,0,0,1,0,0,0
0.5681173980392903,-1.0834657197135078,0,0,0,1,0,0,1
-1.732488015654772,-0.4088680977653426,0,1,1,0,0,0,1
-0.6299332032910032,0.9673757571261346,0,1,1,0,1,0,0
-0.5376157346593677,0.8900964891694357,1,1,1,0,1,1,0
-0.053578312991508927,-1.809039146156331,0,0,0,1,0,0,0
0.6969021519819262,-0.7033640655080682,0,0,0,1,0,0,1
-0.0533980549471444,-1.8792288662429841,0,0,0,1,0,0,0
-0.33774154718053456,-1.5890992017947427,0,0,0,1,0,0,1
-1.5071970055211337,0.8463447795099053,0,1,1,0,1,0,1
-1.776973355180462,-0.04557745488372464,1,1,1,0,0,1,0
-1.3677743299625458,1.0994707668679329,1,1,1,0,1,1,0
-0.7624715930358322,1.0411712116831149,0,1,1,0,1,0,1
-0.5185132177185813,0.8094065482043417,0,1,1,0,1,0,1
0.4657151634101446,-1.421917557959116,0,0,0,1,0,0,0
-0.5776537718494978,-1.1528646249437307,0,0,0,1,0,0,0
-0.6402278987715092,0.851059805895905,1,1,1,0,1,1,0
0.6447986937225977,-0.6629551416781642,0,0,0,1,0,0,1
-0.8309650359968344,1.088192225667422,1,1,1,0,1,1,0
-0.543394158305139,-1.191555001672857,0,0,0,1,0,0,0
-1.189000519861996,1.2532900203461674,1,1,1,0,1,1,0
-1.2683995547310805,1.1462148104880892,1,1,1,0,1,1,0
-1.5886698082558324,0.5053889676232265,1,1,1,0,1,1,0
-0.5468514271194864,0.7057474835629347,0,1,1,0,1,0,1
-0.7709597294327161,1.0180017837454964,1,1,1,0,1,1,0
-0.8814783329615071,1.0864440703443656,1,1,1,0,1,1,0
-1.6923814133966006,0.08616240987759889,1,1,1,0,0,1,0
-1.0470936895596368,1.2908459167641653,1,1,1,0,1,1,0
-1.6879238533386258,0.4223861197862584,1,1,1,0,1,1,0
0.6091851784079622,-0.8008159227083429,0,0,0,1,0,0,1
0.0816756003905483,-1.8076669209866572,0,0,0,1,0,0,0
0.5484362606642856,-0.9339300769295391,0,0,0,1,0,0,1
0.346575553703315,-1.5424723910609934,0,0,0,1,0,0,1
0.5564441577244543,-1.1176561175867459,0,0,0,1,0,0,1
-0.4843004175497145,0.6401999107192773,1,1,1,0,1,1,0
-0.48206764341530267,-1.3825638544158407,0,0,0,1,0,0,0
-1.6859186944606441,0.5553534661652327,0,1,1,0,1,0,0
0.19401139675965112,-1.7283190931642118,0,0,0,1,0,0,0
0.10982159408369296,-1.6841917261123962,0,0,0,1,0,0,0
-0.09823888713522615,-1.805031864338815,0,0,0,1,0,0,1
0.5982042601638383,-0.8963159215247984,0,0,0,1,0,0,1
-0.9860801685656305,1.1957805656058464,0,1,1,0,1,0,0
-0.4328063036624702,-1.5096635897173671,0,0,0,1,0,0,1
0.6068664340353441,-0.9536148156349964,0,0,0,1,0,0,1
0.05444890275809937,-1.9077076403912838,0,0,0,1,0,0,0
0.22827085883713327,-1.610899109792746,0,0,0,1,0,0,0
0.628494472863092,-0.984524308457071,0,0,0,1,0,0,0
-0.47562283888274687,-1.3444861752317883,0,0,0,1,0,0,0
0.5531642275751254,-1.3675392603064216,0,0,0,1,0,0,0
0.05055631491107792,-1.7318653769825059,0,0,0,1,0,0,1
-1.6098947704689293,0.6915169164657279,1,1,1,0,1,1,0
0.714842655520676,-0.19820962814955106,0,0,0,1,1,0,0
-0.6523999251076738,-0.29044418730275184,0,0,0,1,0,0,0
-1.117622870516412,1.148577275279011,1,1,1,0,1,1,0
0.32024708412777203,-1.6479159154589516,0,0,0,1,0,0,0
-1.766646420500466,0.20259037729372056,1,1,1,0,1,1,0
-1.7686723731105256,-0.5034904372945548,1,1,1,0,0,1,0
-0.5257622755964009,0.6295157092840896,1,1,1,0,1,1,0
-0.23529848106800255,-1.7120454650134471,0,0,0,1,0,0,1
-1.080127067121345,1.2211503277586735,1,1,1,0,1,1,0
0.44816634136713773,-1.3660690561804243,0,0,0,1,0,0,0
-0.6033981218215939,-1.2861282703726762,0,0,0,1,0,0,1
-0.2877317695142489,-1.6374180018918478,0,0,0,1,0,0,1
-1.5758310291187405,0.7717475323984339,0,1,1,0,1,0,1
0.7096291878501642,-0.08988034013485245,0,0,0,1,1,0,0
0.3943080386040433,-1.4990585210346645,0,0,0,1,0,0,1
-0.9479404519229163,1.3603936953908222,0,1,1,0,1,0,1
0.14145294178228934,-1.8110467023407095,0,0,0,1,0,0,1
-0.2662297927455022,-1.5642357103623021,0,0,0,1,0,0,0
-1.3150539141103748,0.9561070738381299,1,1,1,0,1,1,0
-0.3642223160775809,-1.5405823257289102,0,0,0,1,0,0,1
-1.659287952345075,0.40121396514383867,0,1,1,0,1,0,1
0.5555109942110927,-1.233596416290729,0,0,0,1,0,0,1
-0.23514108036123724,-1.751287607074795,0,0,0,1,0,0,0
-1.5658453318077454,0.740670369354374,0,1,1,0,1,0,1
-1.103642730785624,0.997928639098334,1,1,1,0,1,1,0
0.011924778086433526,-2.026806172130106,0,0,0,1,0,0,1
-0.49494612266558335,-1.3238125918798664,0,0,0,1,0,0,1
-0.4563601315031476,-1.3663438892828772,0,0,0,1,0,0,0
-1.1308847479257185,1.2127447594605016,0,1,1,0,1,0,0
-1.5332960337443506,0.6434170277870986,1,1,1,0,1,1,0
-1.5914720002538896,0.7769732011613018,1,1,1,0,1,1,0
-0.9510108153441746,1.224583812884876,0,1,1,0,1,0,0
0.7328755551569772,-0.6382002795133351,0,0,0,1,0,0,0
0.2150431854999002,-1.6540600033642492,0,0,0,1,0,0,1
-1.7302175391488663,-0.33462976378749704,0,1,1,0,0,0,1
-1.4472799894099702,0.9712149373246579,1,1,1,0,1,1,0
-0.7912779636386603,-0.2124999499451468,0,0,0,1,0,0,1
-0.4660621665162004,-1.4288383166720697,0,0,0,1,0,0,1
0.698801029216287,-0.2770166051528824,0,0,0,1,1,0,1
0.7170077015797831,-0.8384318676754454,0,0,0,1,0,0,1
0.5803471158731625,-1.051417164840592,0,0,0,1,0,0,1
-0.4981753470538582,-1.2579171668572706,0,0,0,1,0,0,1
0.4444775286336868,-1.5042791434764495,0,0,0,1,0,0,1
0.2225567906928117,-1.7721578808598888,0,0,0,1,0,0,1
-0.4184964563378349,-1.5409856205870969,0,0,0,1,0,0,1
0.4332423699248906,-1.3832136305708478,0,0,0,1,0,0,1
-0.654016402884756,-0.7097864574632916,0,0,0,1,0,0,1
0.6559253668404323,-0.3939268535815639,0,0,0,1,1,0,0
-0.6691643326729101,-0.8139428929896795,0,0,0,1,0,0,0
0.23484540589667502,-1.7676111990115477,0,0,0,1,0,0,1
-0.44855188183654326,0.2168010192733296,0,1,1,0,1,0,0
-1.0115756333760793,1.282289488002445,0,1,1,0,1,0,1
-0.2593037688760058,-1.7407824427004799,0,0,0,1,0,0,1
-0.6682850068521594,1.0059878371405266,1,1,1,0,1,1,0
-0.7016051076889024,-0.479962394466107,0,0,0,1,0,0,0
-0.3750416990787964,-0.11131207892834945,1,1,1,0,1,1,0
-0.657017969198922,-0.5639522488146121,0,0,0,1,0,0,1
-0.6338358649855396,0.8515870716905436,1,1,1,0,1,1,0
-0.418017286527527,-1.5197369695745093,0,0,0,1,0,0,1
0.5576439065877964,-1.2871271474879673,0,0,0,1,0,0,0
0.4750565150901859,-1.4017206559510236,0,0,0,1,0,0,1
0.42454012635519695,-1.4710845286186145,0,0,0,1,0,0,1
0.6696676979071016,-0.8081539886158706,0,0,0,1,0,0,1
-0.09146995924690743,-1.7949011784238895,0,0,0,1,0,0,1
-0.4575382937852914,0.4727887531529285,1,1,1,0,1,1,0
-0.6344133206948469,-0.7996460353320218,0,0,0,1,0,0,1
-1.0134413148669328,1.276950457788773,0,1,1,0,1,0,0
-0.028162750787067172,-1.9243108359036225,0,0,0,1,0,0,0
-0.6678827195334647,-0.7862341998009025,0,0,0,1,0,0,1
-0.20413305000341292,-1.5948233378683199,0,0,0,1,0,0,0
-1.7462066268688459,-0.19297906050555236,0,1,1,0,0,0,0
-0.670516651481517,-0.5105587058928722,0,0,0,1,0,0,1
0.5813066478614047,-1.2147670577832328,0,0,0,1,0,0,1
-0.8403830731406323,1.054772758265737,1,1,1,0,1,1,0
-1.6440982655551604,0.4806104198626467,1,1,1,0,1,1,0
0.22442930016272467,-1.6878635639830073,0,0,0,1,0,0,1
-1.638459805906248,0.4556250852900078,1,1,1,0,1,1,0
0.08263267460839349,-1.8509563989705347,0,0,0,1,0,0,1
0.39789511748258244,-1.4641170303145645,0,0,0,1,0,0,0
-0.9385624680812944,1.0574892929294284,1,1,1,0,1,1,0
-0.38714998199004685,-0.6073640698442957,0,1,1,0,0,0,0
0.10123246270207246,-1.7930687395209546,0,0,0,1,0,0,1
-0.4377227231854049,-1.3828533189161496,0,0,0,1,0,0,0
0.7017180987240909,-0.8707422567450598,0,0,0,1,0,0,1
-0.5239237985092793,-1.342642286987851,0,0,0,1,0,0,1
0.006367562455150951,-1.9218201952425198,0,0,0,1,0,0,0
-0.7055182742196698,-0.6256137864232185,0,0,0,1,0,0,0
-0.15646138750699204,-1.794452187256107,0,0,0,1,0,0,1
-0.27570144361575794,-1.6840245911926428,0,0,0,1,0,0,0
-0.526488357838022,0.6689325615967231,0,1,1,0,1,0,1
0.270355796843364,-1.4870180657409093,0,0,0,1,0,0,0
-0.12159367049169216,-1.717098725754162,0,0,0,1,0,0,1
-0.6073445690645008,-0.8740883224960638,0,0,0,1,0,0,1
-1.6056776099984171,0.41567476477889975,1,1,1,0,1,1,0
-0.7228433873556972,-0.4003995935759175,0,0,0,1,0,0,0
-0.35515591033858657,-0.11911165440534476,1,1,1,0,1,1,0
-0.3729467021540357,-0.25241945425454754,0,1,1,0,0,0,1
0.12837485738112225,-1.7493556706954203,0,0,0,1,0,0,0
0.39311264124657885,-1.4868875998264803,0,0,0,1,0,0,1
-0.7914973134369605,1.114220212437598,1,1,1,0,1,1,0
-0.5967740515239608,0.8730777562408035,0,1,1,0,1,0,0
-0.31170893669919697,-0.15243073632610224,1,1,1,0,1,1,0
0.5008847231356827,-1.2256036474897316,0,0,0,1,0,0,1
-0.9654114219453611,1.308797102942119,1,1,1,0,1,1,0
-1.7952701669453366,-0.5471519179176765,0,1,1,0,0,0,1
0.1350919548711445,-2.023334970191547,0,0,0,1,0,0,1
-1.6037360732367045,0.6015381873107088,0,1,1,0,1,0,1
-1.2668891561133477,1.114088245052981,1,1,1,0,1,1,0
-1.640908319426656,0.41012978877671435,1,1,1,0,1,1,0
-0.3291542489746289,-1.526142269131075,0,0,0,1,0,0,1
-1.6544397435795437,0.4792230056958386,1,1,1,0,1,1,0
-0.5616645688335947,-0.9790704930992127,0,0,0,1,0,0,0
-1.792633046453201,-0.5995166404767832,1,1,1,0,0,1,0
-0.540789071431165,0.6686045104738904,1,1,1,0,1,1,0
-0.41418773993644453,0.17108344160254424,0,1,1,0,1,0,0
-1.7002032461212793,-0.17276297259626072,0,1,1,0,0,0,0
-0.4062159469341791,-1.517290624904257,0,0,0,1,0,0,1
-0.539208733969237,0.7541824707482815,0,1,1,0,1,0,1
0.6629503213166881,-0.2584190548780842,0,0,0,1,1,0,0
-0.6693674833820973,-0.22491348727177954,0,0,0,1,0,0,0
0.3900768686131554,-1.6377946318211984,0,0,0,1,0,0,0
0.6251592842113712,-0.4645467419460854,0,0,0,1,0,0,1
-0.35729618042538835,0.258108514446039,0,1,1,0,1,0,0
0.3137145971860908,-1.6913179213430378,0,0,0,1,0,0,1
-0.3023280230057051,-0.2777786562058502,0,1,1,0,0,0,0
-0.6734731216739818,0.9959952396808875,1,1,1,0,1,1,0
-0.38055002266915916,-0.030535736431013802,1,1,1,0,1,1,0
-1.822095474027811,-0.5412995092767107,1,1,1,0,0,1,0
-1.5425314568764201,0.7643447882229613,1,1,1,0,1,1,0
-0.7590183277866196,1.1047875239386222,1,1,1,0,1,1,0
-0.016107795672356994,-1.8182025729102465,0,0,0,1,0,0,1
-0.8905725325313766,1.1450725413689773,0,1,1,0,1,0,1
0.16886860337828252,-1.6330567590601146,0,0,0,1,0,0,1
-0.37895894889582776,0.08812586292906918,1,1,1,0,1,1,0
0.5567183514196,-1.3655954731714053,0,0,0,1,0,0,1
-1.4266369632520635,1.087490549405996,0,1,1,0,1,0,0
0.06740356424543528,-1.8144132519441634,0,0,0,1,0,0,0
-0.1369053181905833,-1.7625252649956833,0,0,0,1,0,0,1
-0.09732494440348795,-1.6747952338277696,0,0,0,1,0,0,1
-1.2962556882023684,1.134887404557838,0,1,1,0,1,0,0
-0.24740430268889554,-1.8255425199554647,0,0,0,1,0,0,1
-1.050616995007938,1.3006946858119917,0,1,1,0,1,0,0
-0.12047530455677956,-1.7316968788508127,0,0,0,1,0,0,0
-1.715688735134954,0.06965502487675677,0,1,1,0,0,0,1
-1.746199015156468,-0.09094645542835995,1,1,1,0,0,1,0
0.6914031745739494,-0.20498872661771222,0,0,0,1,1,0,0
0.3417886692760992,-1.8039071460070186,0,0,0,1,0,0,1
0.5201364505002302,-1.4746662470681107,0,0,0,1,0,0,1
-1.1700039791381114,1.2039313455561724,1,1,1,0,1,1,0
-0.8665793145195776,1.2308365656903484,0,1,1,0,1,0,0
-0.6121300990715934,0.9095340855433512,1,1,1,0,1,1,0
-0.6828039814477118,-0.6815189860866533,0,0,0,1,0,0,0
-0.06424895731426418,-1.8168491993280969,0,0,0,1,0,0,1
-1.5937347545675025,0.5960575085483075,0,1,1,0,1,0,0
-0.2455395773790756,-1.6952891917792396,0,0,0,1,0,0,0
-1.7139478504008356,-0.3033428056469092,1,1,1,0,0,1,0
0.31096293511765205,-1.690439886287415,0,0,0,1,0,0,0
0.08758217864933948,-1.9473446421219747,0,0,0,1,0,0,1
-0.5377620737402646,0.5645548357585898,1,1,1,0,1,1,0
-0.5961892180809756,-0.8226275067401708,0,0,0,1,0,0,1
-1.6336282485384797,0.7487394449440734,1,1,1,0,1,1,0
-0.3784602860282792,-0.645307912273306,1,1,1,0,0,1,0
0.6437192607197415,-0.796627941664342,0,0,0,1,0,0,1
0.6606461344792879,-0.2733560702722579,0,0,0,1,1,0,1
-0.6234914029172536,-0.8407465085948185,0,0,0,1,0,0,0
-0.4247240115576777,0.36356123132585655,0,1,1,0,1,0,1
-0.8616181734184131,1.1784997440386524,1,1,1,0,1,1,0
-0.3479306744890761,-0.21236549604935764,0,1,1,0,0,0,1
0.17756193361094197,-1.6869010874714927,0,0,0,1,0,0,1
-0.6662573931676247,-0.0755448002273074,0,0,0,1,1,0,1
-1.7601200918095752,0.3318618746080268,0,1,1,0,1,0,1
-1.723893810239243,-0.15850811338149629,1,1,1,0,0,1,0
-1.546243680578925,0.8064584922302821,0,1,1,0,1,0,1
-0.3935736482269144,0.4957450634873223,0,1,1,0,1,0,0
-1.4723316193714397,1.108617138639335,0,1,1,0,1,0,1
0.5859557544854541,-1.1416602460018301,0,0,0,1,0,0,1
-0.6641268527457772,-0.9005326765218603,0,0,0,1,0,0,0
-1.4678800603323134,0.9681036774974818,1,1,1,0,1,1,0
0.11432201553449456,-1.7571653799093807,0,0,0,1,0,0,1
-1.049981743264739,1.215473306482634,1,1,1,0,1,1,0
-0.32964873992192156,-0.35267418770365067,0,1,1,0,0,0,0
-1.4031202692104003,1.0459925504649699,0,1,1,0,1,0,0
-0.511847263233723,-1.1446209075617644,0,0,0,1,0,0,0
-1.604139160476357,0.6097865894978264,1,1,1,0,1,1,0
-1.1069555953475518,1.3235916892936832,0,1,1,0,1,0,0
-0.6676645607497115,0.910286604035768,1,1,1,0,1,1,0
0.4094381528562486,-1.4933419922461386,0,0,0,1,0,0,1
0.7017536444888796,-0.22868840146036176,0,0,0,1,1,0,1
-0.3658098209614371,-1.4872763273353677,0,0,0,1,0,0,1
0.3672978630582931,-1.5716472194676132,0,0,0,1,0,0,1
-1.7582461556230455,-0.3079332308134274,0,1,1,0,0,0,0
0.672094157131839,-0.2659879048788874,0,0,0,1,1,0,1
-0.6587792777873872,-0.060656185722761165,0,0,0,1,1,0,0
0.36718074090754776,-1.4445673105995873,0,0,0,1,0,0,1
-1.0346077471419917,1.1748240204199567,1,1,1,0,1,1,0
-0.643241844852232,-0.712502833593434,0,0,0,1,0,0,1
0.4577034908299358,-1.277158574136275,0,0,0,1,0,0,0
-0.6267457757080619,-0.7623884620917036,0,0,0,1,0,0,0
-0.23115326481653756,-1.624776315780976,0,0,0,1,0,0,0
-0.713213330004438,1.0400362460822463,0,1,1,0,1,0,1
0.1847068248907343,-1.8702344146290697,0,0,0,1,0,0,1
-0.2739232437049272,-1.9079504095440092,0,0,0,1,0,0,0
-1.7485716919630634,-0.2333586505023481,0,1,1,0,0,0,0
-0.3088493827230106,-1.8129433179304957,0,0,0,1,0,0,1
-0.7333175363098892,-0.1853681303819329,0,0,0,1,0,0,1
-0.3575020208250898,0.10896503204955144,1,1,1,0,1,1,0
-1.758164001382716,-0.27132713828194005,0,1,1,0,0,0,0
-0.5963958723552284,-0.8072513525574637,0,0,0,1,0,0,0
0.43029639037914974,-1.4837613260327462,0,0,0,1,0,0,1
0.01700435553504797,-1.9082293685519394,0,0,0,1,0,0,0
-1.0637973534114649,1.2443870165716495,1,1,1,0,1,1,0
-0.3698442678631562,-0.2532352306612572,0,1,1,0,0,0,1
-1.373328282052768,0.9956018746904512,1,1,1,0,1,1,0
-1.7498563710310164,-0.22211830099161545,0,1,1,0,0,0,1
-0.7505417527669779,1.0073682332644054,0,1,1,0,1,0,1
-1.139023860728638,1.165400032435329,1,1,1,0,1,1,0
0.6761476319357697,-0.46492654381653775,0,0,0,1,1,0,1
-0.839758574286443,0.9946940799503852,1,1,1,0,1,1,0
-1.573367877098302,0.6347416725773724,1,1,1,0,1,1,0
0.29314313840141926,-1.899114531331214,0,0,0,1,0,0,1
-1.723640382372238,0.3873398602144595,0,1,1,0,1,0,0
-1.7601852355500567,-0.35013463075683554,1,1,1,0,0,1,0
-1.4501577570614934,0.9514092654365724,0,1,1,0,1,0,1
0.08283628066436341,-1.6663045459367805,0,0,0,1,0,0,1
-1.3557735266908826,1.1447001955111573,1,1,1,0,1,1,0
-0.40675176900050874,-1.5079447884391903,0,0,0,1,0,0,1
-0.6034741088352062,0.8248790586985745,0,1,1,0,1,0,1
-0.35951271964560017,-1.4140561355553884,0,0,0,1,0,0,1
0.4964383869047069,-1.2957284726011165,0,0,0,1,0,0,1
-0.5017845317937,0.48004727433808997,1,1,1,0,1,1,0
-1.5545410088424356,0.6043838707776914,0,1,1,0,1,0,0
-0.4947107073951341,0.4477142632222989,0,1,1,0,1,0,1
-1.7575445466514512,-0.1185947166983575,1,1,1,0,0,1,0
-1.4327195316685628,0.9504547005672821,0,1,1,0,1,0,0
-0.8940124454137263,1.225675888927941,0,1,1,0,1,0,1
-1.8358348104129956,-0.02926069800152055,0,1,1,0,0,0,1
-0.4890605672229571,0.48766933795867046,0,1,1,0,1,0,0
-0.493597405574322,-1.129782308893858,0,0,0,1,0,0,1
-0.34429257290768833,-0.40582129682201806,0,1,1,0,0,0,1
-0.1750843259157868,-1.7550770926573043,0,0,0,1,0,0,1
-0.3895113293835636,0.4346097807856186,0,1,1,0,1,0,0
-0.4837652192466548,0.48658932280951944,0,1,1,0,1,0,1
-1.161934037007015,1.146999262484862,0,1,1,0,1,0,1
0.4850420746661678,-1.4833963513262756,0,0,0,1,0,0,1
-1.7355398731492226,0.05954267378128399,1,1,1,0,0,1,0
-0.48654018132179166,0.547043890566429,0,1,1,0,1,0,0
0.4444439325194222,0.41260085233400523,1,2,2,1,1,0,1
1.5400924506452474,0.8942767214773617,1,2,2,1,1,0,1
1.6778891815940202,0.3729278878974632,1,2,2,1,1,0,1
0.903810087317934,1.269912049075975,1,2,2,1,1,0,1
0.7509580370378222,1.1156915008594366,1,2,2,1,1,0,1
1.3967996500208326,1.1457747075695868,1,2,2,1,1,0,1
0.5865613635849721,0.7521572011820341,1,2,2,1,1,0,1
1.1872544767585358,1.1055030141076605,1,2,2,1,1,0,1
1.1693521711909063,1.2580014575935847,1,2,2,1,1,0,1
1.6153518666976838,0.595058781443238,1,2,2,1,1,0,1
0.6890823965115764,1.0063861008873742,1,2,2,1,1,0,1
1.4515660947441869,0.8499356262089629,1,2,2,1,1,0,1
0.33695953791556926,-0.438822735149283,1,2,2,1,0,0,1
0.5231087333604847,0.5501161596461522,1,2,2,1,1,0,1
1.2850393154514832,1.3697162383250463,1,2,2,1,1,0,1
1.7282931574915972,0.021372792190218426,1,2,2,1,1,0,1
0.660433397507762,1.1861391241801937,1,2,2,1,1,0,1
1.6475972610263692,0.48694551590412094,1,2,2,1,1,0,1
0.7707565239209526,1.165151168676655,1,2,2,1,1,0,1
0.8080568035388537,1.134721170091796,1,2,2,1,1,0,1
0.9642434517543342,1.1534424819026643,1,2,2,1,1,0,1
0.4271464514985232,0.059559357185102635,1,2,2,1,1,0,1
1.0264896709968467,1.2119851095324652,1,2,2,1,1,0,1
1.724240047906755,-0.2152538832191187,1,2,2,1,1,0,1
1.7268175415771936,-0.19888979668254325,1,2,2,1,1,0,1
1.7425434011229477,-0.3890023732757434,1,2,2,1,1,0,1
1.1497237178771962,1.2610006688533852,1,2,2,1,1,0,1
0.9345068053185006,1.059710757814036,1,2,2,1,1,0,1
1.77708094836409,-0.1623678810769604,1,2,2,1,1,0,1
1.1885412355610705,1.1916652670791985,1,2,2,1,1,0,1
1.717083119051152,0.1641392710550623,1,2,2,1,1,0,1
1.585991585349129,0.5116042867948675,1,2,2,1,1,0,1
0.33489024209001234,-0.45716398423697746,1,2,2,1,0,0,1
0.8887928416815276,1.0863569275135807,1,2,2,1,1,0,1
0.8811027990909769,1.1986699655141344,1,2,2,1,1,0,1
1.7231410291562343,-0.16983209665974644,1,2,2,1,1,0,1
0.7504122378656997,1.046255052529669,1,2,2,1,1,0,1
1.7343375701289427,0.06846449580387592,1,2,2,1,1,0,1
0.979481941318914,1.0188634232024394,1,2,2,1,1,0,1
1.6423019754091095,0.15408802449326947,1,2,2,1,1,0,1
0.7840507621228378,1.0680610120072007,1,2,2,1,1,0,1
0.6540684829461091,1.0750461239797133,1,2,2,1,1,0,1
0.5892359294895895,0.7210277769879156,1,2,2,1,1,0,1
0.34653900609862043,0.05270060070263152,1,2,2,1,1,0,1
1.1551074428990986,1.24054231969488,1,2,2,1,1,0,1
0.4004134427129638,-0.04507861998428189,1,2,2,1,1,0,1
1.6092546547181337,0.4554175786710149,1,2,2,1,1,0,1
1.6577497818966471,0.09176703258255049,1,2,2,1,1,0,1
0.6957033250991939,0.8600173626520345,1,2,2,1,1,0,1
1.0420026536396276,1.0964742098064102,1,2,2,1,1,0,1
1.4733710735424719,1.0018178815311922,1,2,2,1,1,0,1
1.7037721919761837,0.3965083178229235,1,2,2,1,1,0,1
0.4231791569950296,0.2554265504513944,1,2,2,1,1,0,1
1.383859735209989,1.176735987162498,1,2,2,1,1,0,1
0.8802461283960007,1.1739844804543458,1,2,2,1,1,0,1
0.4480058848473466,0.26386240365824287,1,2,2,1,1,0,1
0.9515970481075516,1.2700718205526724,1,2,2,1,1,0,1
1.0686138301687083,1.336146255661275,1,2,2,1,1,0,1
0.3485866828467469,0.16012373789148848,1,2,2,1,1,0,1
0.9612231183762281,1.0055644734111968,1,2,2,1,1,0,1
1.694296922513274,0.1486875276102689,1,2,2,1,1,0,1
1.5619768431778531,0.6126008220922219,1,2,2,1,1,0,1
1.1683057342803946,1.0977881638495657,1,2,2,1,1,0,1
1.6899418422835417,-0.3437232855998091,1,2,2,1,1,0,1
1.6572566344935173,0.3106603458674006,1,2,2,1,1,0,1
1.734960394650692,-0.10712986266227734,1,2,2,1,1,0,1
1.1438901857278714,1.172204800757639,1,2,2,1,1,0,1
0.8515463716998862,1.2025412997687708,1,2,2,1,1,0,1
1.061036922385074,1.126988098066485,1,2,2,1,1,0,1
0.7491969711703043,1.0239290443908489,1,2,2,1,1,0,1
1.5258099395258922,1.030809749295003,1,2,2,1,1,0,1
0.3864753500021745,0.28227633363940746,1,2,2,1,1,0,1
0.31967474467321755,-0.10038220858146263,1,2,2,1,1,0,1
0.723747281667291,0.9999482461418424,1,2,2,1,1,0,1
1.6874244640193135,0.13012071681279952,1,2,2,1,1,0,1
0.8480791946007572,1.2119400407436967,1,2,2,1,1,0,1
0.8019060645113313,1.2219871381513507,1,2,2,1,1,0,1
0.7590490342432374,1.147260499719192,1,2,2,1,1,0,1
0.5721498686301217,0.7458150968254892,1,2,2,1,1,0,1
0.3117389246957222,-0.24974215836555358,1,2,2,1,1,0,1
1.617770670932019,0.6354236462693337,1,2,2,1,1,0,1
0.36262256134002085,-0.4989058499505579,1,2,2,1,0,0,1
0.5794704487261174,0.8119781321528672,1,2,2,1,1,0,1
1.0562846702295317,1.111946038899404,1,2,2,1,1,0,1
1.0603415873623476,1.245731361886746,1,2,2,1,1,0,1
0.37463237446684056,-0.5823137953642904,1,2,2,1,0,0,1
0.5259238956460834,0.6633182776765009,1,2,2,1,1,0,1
1.4998791621710688,0.8224342041349264,1,2,2,1,1,0,1
0.6197080982052182,0.8141462100678545,1,2,2,1,1,0,1
0.567077022484421,0.6124150933783107,1,2,2,1,1,0,1
1.266264859470814,1.043053398973189,1,2,2,1,1,0,1
1.2091696257367608,1.2396050647411194,1,2,2,1,1,0,1
0.40149076461191313,0.5772117804637815,1,2,2,1,1,0,1
0.7250842511763307,0.9825307678755077,1,2,2,1,1,0,1
1.2096866951869258,1.1128503026526777,1,2,2,1,1,0,1
1.7175405463509281,0.27993318504769654,1,2,2,1,1,0,1
1.774537261704563,-0.19785681363581387,1,2,2,1,1,0,1
1.3771163666720179,0.9851808418229411,1,2,2,1,1,0,1
0.2822442807399293,-0.49526289058642153,1,2,2,1,0,0,1
1.6517793348778693,0.23066105507743634,1,2,2,1,1,0,1
1.4804341841723008,0.9261380527312972,1,2,2,1,1,0,1
0.7335344667872399,0.9106882360807969,1,2,2,1,1,0,1
1.0509667014908823,1.180502057634137,1,2,2,1,1,0,1
0.822374868189049,1.280151303975446,1,2,2,1,1,0,1
1.7279536775824578,-0.04647277414449512,1,2,2,1,1,0,1
1.8037979138244962,-0.4353766186159612,1,2,2,1,1,0,1
0.6344484066680011,0.8235073879609027,1,2,2,1,1,0,1
0.6259155559710766,1.025795324084332,1,2,2,1,1,0,1
0.3283252118093078,-0.19990020096011518,1,2,2,1,1,0,1
1.7395812372649946,-0.13449226354877095,1,2,2,1,1,0,1
1.717599799327704,-0.2198929626264072,1,2,2,1,1,0,1
1.1553312351055889,1.3167939990236437,1,2,2,1,1,0,1
1.2705806520298317,1.182956899922367,1,2,2,1,1,0,1
0.6483645050064618,1.0441918090782982,1,2,2,1,1,0,1
1.7501393413138608,-0.46026874192496553,1,2,2,1,1,0,1
1.291867799969575,1.1496180648818792,1,2,2,1,1,0,1
0.7431381388766284,1.295534559127894,1,2,2,1,1,0,1
1.601830571778547,0.7471846297744816,1,2,2,1,1,0,1
0.33890271412127504,0.1716157367456788,1,2,2,1,1,0,1
1.714271108004752,0.3157303422037551,1,2,2,1,1,0,1
1.6892792452770486,0.2580293150375031,1,2,2,1,1,0,1
0.9353368568123156,1.2521243741610097,1,2,2,1,1,0,1
1.6890798443365798,0.28850925756739004,1,2,2,1,1,0,1
0.39100600689737247,0.543331636622299,1,2,2,1,1,0,1
0.6871968352113346,1.0748585261200643,1,2,2,1,1,0,1
1.7120464711258072,-0.4804950385512385,1,2,2,1,1,0,1
0.33791582462416464,-0.03413974477558921,1,2,2,1,1,0,1
1.6617264027732586,0.3660005250720725,1,2,2,1,1,0,1
0.9449145633161019,1.2661962873295423,1,2,2,1,1,0,1
0.6298663125711641,0.9527809598494722,1,2,2,1,1,0,1
0.512382840341778,0.707755803754723,1,2,2,1,1,0,1
0.521950383196634,0.6067521775865283,1,2,2,1,1,0,1
0.32727758843375276,-0.50308654454555,1,2,2,1,0,0,1
1.572106638618555,0.7056825788650016,1,2,2,1,1,0,1
1.0523180929629412,1.2696438627226123,1,2,2,1,1,0,1
1.6916625610722416,-0.15709667513114045,1,2,2,1,1,0,1
1.2558056014218157,1.1674970637443476,1,2,2,1,1,0,1
1.6868069471569211,0.2819944737666651,1,2,2,1,1,0,1
1.1316577833705326,1.2532271893981886,1,2,2,1,1,0,1
0.8521547840636845,1.1798030933819752,1,2,2,1,1,0,1
1.2291866455189087,1.218446737659214,1,2,2,1,1,0,1
0.5532482817113307,0.9745252925102795,1,2,2,1,1,0,1
0.3384165014124342,0.053539468245145556,1,2,2,1,1,0,1
1.1871685815696342,1.1908135192869544,1,2,2,1,1,0,1
0.3741351952806995,-0.07553732131632238,1,2,2,1,1,0,1
0.6283625518656162,0.788537885994954,1,2,2,1,1,0,1
0.3488047256541045,-0.26338447588084213,1,2,2,1,1,0,1
0.36963669393343174,0.3765510170331271,1,2,2,1,1,0,1
1.7118186678259664,-0.4612904698170586,1,2,2,1,1,0,1
1.4059341817560789,0.878611748849823,1,2,2,1,1,0,1
0.419005488227821,0.2542327060357048,1,2,2,1,1,0,1
0.25411532831044437,-0.3850068542807155,1,2,2,1,0,0,1
0.41576803080033503,0.39819245861788244,1,2,2,1,1,0,1
0.7369316782092747,0.8306537449795651,1,2,2,1,1,0,1
0.298845581689945,0.07268353952764817,1,2,2,1,1,0,1
0.4151873850362243,0.053158786705342735,1,2,2,1,1,0,1
1.1248830882233056,1.0761096379240247,1,2,2,1,1,0,1
0.6124578159033732,0.8661063607615402,1,2,2,1,1,0,1
1.2840531119927252,1.2012802377882557,1,2,2,1,1,0,1
1.6870027701870858,0.2378327123178142,1,2,2,1,1,0,1
1.528458561473721,0.8799970236057655,1,2,2,1,1,0,1
0.7955034883585813,1.141503499692466,1,2,2,1,1,0,1
0.6722222274810467,0.8302257396480455,1,2,2,1,1,0,1
0.3749258829495834,-0.38447172347342057,1,2,2,1,1,0,1
1.5575819312516668,0.7213154575582333,1,2,2,1,1,0,1
0.843574104117922,1.0291699920490585,1,2,2,1,1,0,1
1.7871613387046374,-0.5755981439714541,1,2,2,1,1,0,1
0.7446456004611712,1.1192990223180168,1,2,2,1,1,0,1
0.3526095904941265,-0.33836910208046744,1,2,2,1,1,0,1
0.4040052367567087,0.3025692896790171,1,2,2,1,1,0,1
1.4216030714082488,1.1231368964171657,1,2,2,1,1,0,1
1.5678790242419334,0.6754862448619255,1,2,2,1,1,0,1
0.4239088995702193,0.6068702320519758,1,2,2,1,1,0,1
0.37835142562433605,0.2575092900085855,1,2,2,1,1,0,1
1.6336455691010743,0.4844775916735864,1,2,2,1,1,0,1
1.3666453954966558,1.255204894340923,1,2,2,1,1,0,1
0.8970082360867251,1.1021358241717698,1,2,2,1,1,0,1
1.6921980115066215,0.3718920081765414,1,2,2,1,1,0,1
0.8673781742483095,1.1118255642079,1,2,2,1,1,0,1
1.5018128563745659,0.8223841155634053,1,2,2,1,1,0,1
0.7920072348163183,1.1500225145572687,1,2,2,1,1,0,1
0.4663810323186224,0.25392980871441617,1,2,2,1,1,0,1
0.7638570081252917,0.9263170624050854,1,2,2,1,1,0,1
1.4734433934358626,0.7373889294641215,1,2,2,1,1,0,1
0.41416982867209784,0.3583366526015803,1,2,2,1,1,0,1
1.4970465259405548,0.8165570787211736,1,2,2,1,1,0,1
0.34580342051201074,0.04876667443897017,1,2,2,1,1,0,1
1.4361527733055368,1.0346446070678046,1,2,2,1,1,0,1
1.7187043431415172,-0.28361732229331416,1,2,2,1,1,0,1
1.3030141817049792,1.1828685568989243,1,2,2,1,1,0,1
0.46882806963085644,0.46953340340474603,1,2,2,1,1,0,1
1.4284999420407587,1.0140103629314017,1,2,2,1,1,0,1
1.4929107043940337,0.8728759036414252,1,2,2,1,1,0,1
1.3667492882695726,1.1336690093395867,1,2,2,1,1,0,1
1.7882326522460505,-0.3935923330301579,1,2,2,1,1,0,1
0.2944112064663747,-0.312718471594794,1,2,2,1,1,0,1
1.6564841237932,0.37541042103690087,1,2,2,1,1,0,1
1.1901465107736853,1.1995374071198193,1,2,2,1,1,0,1
1.4656847498322596,0.9128040702159754,1,2,2,1,1,0,1
1.106241762959076,1.135531270852352,1,2,2,1,1,0,1
1.2005433822095881,1.2049873065339838,1,2,2,1,1,0,1
1.5442638295703406,0.7058969770795834,1,2,2,1,1,0,1
1.3087346616008761,1.0831328552664896,1,2,2,1,1,0,1
1.7242491177223591,-0.10274442989021723,1,2,2,1,1,0,1
1.619343443917398,0.5288961836246742,1,2,2,1,1,0,1
1.668969277703761,0.16933557131576352,1,2,2,1,1,0,1
0.4710128320116932,0.659428266617269,1,2,2,1,1,0,1
0.3390967864308488,0.08195099594535943,1,2,2,1,1,0,1
1.8035333462161052,-0.27698270405382486,1,2,2,1,1,0,1
0.37694181115675807,-0.09666308634066048,1,2,2,1,1,0,1
0.5990645080699445,1.1462485234706201,1,2,2,1,1,0,1
1.6887095871162376,0.03463080864350481,1,2,2,1,1,0,1
1.0251028833370583,1.1253732655967423,1,2,2,1,1,0,1
0.3261911848848844,0.05397635611480157,1,2,2,1,1,0,1
1.766892683897768,-0.16464109308916283,1,2,2,1,1,0,1
0.3429880644519189,-0.3760420302028552,1,2,2,1,1,0,1
0.35673822286981427,0.07587654588280622,1,2,2,1,1,0,1
0.5895100632944725,0.8758213092589137,1,2,2,1,1,0,1
1.656178086771545,0.3197635034177863,1,2,2,1,1,0,1
1.726116014395836,0.07937383635931114,1,2,2,1,1,0,1
0.9699180975500167,1.3269847831699277,1,2,2,1,1,0,1
0.8452531476051459,1.143156646503771,1,2,2,1,1,0,1
0.5990274158041649,0.7448520721342909,1,2,2,1,1,0,1
0.6331477402088023,0.973327049895304,1,2,2,1,1,0,1
0.3360419637564537,-0.04242473452209371,1,2,2,1,1,0,1
0.9736107819652132,1.358978057123148,1,2,2,1,1,0,1
1.7930690077716758,-0.328441559754815,1,2,2,1,1,0,1
1.3152223244471009,1.1065940371979741,1,2,2,1,1,0,1
0.5817410749349442,0.7492459214606406,1,2,2,1,1,0,1
1.189754957473824,1.218918095115934,1,2,2,1,1,0,1
1.402355101758971,1.111021237583725,1,2,2,1,1,0,1
0.48612135028245085,0.4365071138540168,1,2,2,1,1,0,1
1.439696646095033,1.0412918767230637,1,2,2,1,1,0,1
1.1390308276136596,1.3238240834076938,1,2,2,1,1,0,1
0.5165835206658569,0.7558773480636392,1,2,2,1,1,0,1
0.4269746344494846,0.3937624541126219,1,2,2,1,1,0,1
1.7214881255982846,0.1901569303335595,1,2,2,1,1,0,1
1.640260577628142,0.5888475345280788,1,2,2,1,1,0,1
0.475033219521336,0.495397943223872,1,2,2,1,1,0,1
1.62966626016713,0.6758322113248544,1,2,2,1,1,0,1
1.5389050533598296,0.537604260985292,1,2,2,1,1,0,1
0.40817721398984785,0.27677508418072705,1,2,2,1,1,0,1
0.37697891028322683,-0.026861988037915608,1,2,2,1,1,0,1
0.3821021823469586,0.5503034753180919,1,2,2,1,1,0,1
1.7114998589345596,0.3764263751123977,1,2,2,1,1,0,1
1.664917743423247,0.3413350021900296,1,2,2,1,1,0,1
0.7567923527610635,0.952490492620446,1,2,2,1,1,0,1
1.6801470508090395,0.5195025937140081,1,2,2,1,1,0,1
1.6669202188470968,-0.3213068321699474,1,2,2,1,1,0,1
0.46120790091161173,0.463244051952079,1,2,2,1,1,0,1
1.7593918440310568,-0.16470618142480173,1,2,2,1,1,0,1
1.7501588171211824,-0.006130891912356829,1,2,2,1,1,0,1
0.771572494352063,0.9228091748955559,1,2,2,1,1,0,1
1.393765334155067,1.0233097269989262,1,2,2,1,1,0,1
0.3721205236472748,-0.5161571045760537,1,2,2,1,0,0,1
1.611550042730175,0.5811902838259307,1,2,2,1,1,0,1
0.3372746107255092,0.2758846253207411,1,2,2,1,1,0,1
1.3994196263637981,1.0397455453537794,1,2,2,1,1,0,1
0.36023450327513273,0.11455745211559551,1,2,2,1,1,0,1
0.4198416388390968,0.4788411332974628,1,2,2,1,1,0,1
1.3987156884349217,1.1196880770508308,1,2,2,1,1,0,1
0.4922194872440359,0.4535155791491356,1,2,2,1,1,0,1
0.48393456983063315,0.570014276387624,1,2,2,1,1,0,1
1.019300556537652,1.1297960381308199,1,2,2,1,1,0,1
0.6899754290471076,0.991528562986853,1,2,2,1,1,0,1
1.7903571364858102,-0.33891885019001633,1,2,2,1,1,0,1
0.7207450487455705,0.989526184188692,1,2,2,1,1,0,1
1.1334865762734867,1.2535854063915945,1,2,2,1,1,0,1
1.310307382843131,1.2717721760996674,1,2,2,1,1,0,1
1.7323815969258602,-0.29856478269519365,1,2,2,1,1,0,1
0.5876247517698459,0.8059631025516373,1,2,2,1,1,0,1
0.6512352275503961,0.9683418300821952,1,2,2,1,1,0,1
0.40933244355725906,0.369304036072734,1,2,2,1,1,0,1
1.2408817219523753,1.3311854938047063,1,2,2,1,1,0,1
1.6230546028942052,0.4574073757887124,1,2,2,1,1,0,1
1.680191124111625,0.2064088848976104,1,2,2,1,1,0,1
0.8692026401340768,1.1448591294231663,1,2,2,1,1,0,1
0.3382062830171065,0.18975344670255057,1,2,2,1,1,0,1
1.4469147560567652,0.963085200592265,1,2,2,1,1,0,1
1.7010793995474047,0.27786799877930024,1,2,2,1,1,0,1
0.37346665904832205,0.13564216040444282,1,2,2,1,1,0,1
1.2859793771382708,1.1008287473727976,1,2,2,1,1,0,1
0.9898980039745434,1.2583260119459618,1,2,2,1,1,0,1
1.1576465254941288,1.1744724273208635,1,2,2,1,1,0,1
0.2670863633184087,-0.36264920868185196,1,2,2,1,1,0,1
1.5950146501909854,0.7777097009268854,1,2,2,1,1,0,1
1.5837513030235715,0.6924697224506869,1,2,2,1,1,0,1
1.575471112585579,0.6924874744300334,1,2,2,1,1,0,1
0.32079661514810187,-0.2726586430391326,1,2,2,1,1,0,1
1.7153613038639761,-0.0011544278533916134,1,2,2,1,1,0,1
0.5771509860620498,0.7606049362280911,1,2,2,1,1,0,1
0.9755740705199076,1.2145177510064848,1,2,2,1,1,0,1
1.7796684871893091,0.1105747601976644,1,2,2,1,1,0,1
0.5854750662652726,0.8772806564651954,1,2,2,1,1,0,1
1.2925537942087937,1.105462295089682,1,2,2,1,1,0,1
1.0535283616603026,1.254503386236804,1,2,2,1,1,0,1
0.3641256285097884,-0.08041831448517071,1,2,2,1,1,0,1
0.8044919326597342,0.933618596771442,1,2,2,1,1,0,1
0.6401438971983511,1.035586749727442,1,2,2,1,1,0,1
1.454283980595548,0.857284741815219,1,2,2,1,1,0,1
1.5363799248219074,0.5374719291602535,1,2,2,1,1,0,1
1.67843057765556,0.1360348703512973,1,2,2,1,1,0,1
0.6099741557843447,0.9800491234142252,1,2,2,1,1,0,1
1.5131056678567942,0.7775030569440424,1,2,2,1,1,0,1
0.38570838002559565,-0.29300064274754944,1,2,2,1,1,0,1
0.4541800371321099,0.5596634525249699,1,2,2,1,1,0,1
0.7903735181228745,1.1496482750184347,1,2,2,1,1,0,1
1.6936025392863192,-0.292772092704318,1,2,2,1,1,0,1
0.4578599675524352,0.4984668720340055,1,2,2,1,1,0,1
1.752907246216404,-0.0029888931900472625,1,2,2,1,1,0,1
1.3835539622430506,1.0366050146287802,1,2,2,1,1,0,1
1.0631935933365373,1.147451846338942,1,2,2,1,1,0,1
1.479842044862754,0.8911179261310337,1,2,2,1,1,0,1
0.8936567564166095,1.125679933043895,1,2,2,1,1,0,1
1.8019425564713052,-0.4007668717887205,1,2,2,1,1,0,1
1.5659442186363772,0.8156993086678617,1,2,2,1,1,0,1
0.7652124482128003,1.0705981127723398,1,2,2,1,1,0,1
1.05107907420437,1.1726449548044129,1,2,2,1,1,0,1
1.3250501557728347,1.2107841076816575,1,2,2,1,1,0,1
1.5975511086866654,0.6980995120143704,1,2,2,1,1,0,1
1.4070981114829828,1.0354844212982786,1,2,2,1,1,0,1
0.852427814939941,1.1595150147672195,1,2,2,1,1,0,1
1.8219927655405885,-0.01536715614242192,1,2,2,1,1,0,1
1.4290818077052683,0.7508525415363374,1,2,2,1,1,0,1
1.406749688228073,0.9138130963697392,1,2,2,1,1,0,1
1.7325339129558954,-0.39473102762767603,1,2,2,1,1,0,1
1.7747203671203293,-0.04348935233524205,1,2,2,1,1,0,1
0.339686031654203,-0.49204366764148577,1,2,2,1,0,0,1
0.8984381812352612,1.285366781248336,1,2,2,1,1,0,1
1.1898741117334921,1.1937554020894086,1,2,2,1,1,0,1
1.7864537982084554,-0.09437837791585832,1,2,2,1,1,0,1
0.39009861809437857,0.0976347090459213,1,2,2,1,1,0,1
0.5452658080659643,0.6045328244205539,1,2,2,1,1,0,1
1.1101617423023322,1.1890266001739114,1,2,2,1,1,0,1
1.803579509334451,-0.1522603610726603,1,2,2,1,1,0,1
0.5862182835372395,0.8227796244729529,1,2,2,1,1,0,1
0.3858791689394359,-0.3355756803351473,1,2,2,1,1,0,1
1.3918780264107806,1.082690358870423,1,2,2,1,1,0,1
1.3604099464264947,0.91218964717703,1,2,2,1,1,0,1
1.5205600269814383,0.9801505753781748,1,2,2,1,1,0,1
1.6016214077353417,0.5949171545311186,1,2,2,1,1,0,1
1.1047568914589037,1.3168811245965528,1,2,2,1,1,0,1
1.6623217950599867,0.43734613875557016,1,2,2,1,1,0,1
0.3572261667403827,0.4206266284341304,1,2,2,1,1,0,1
0.4880530244887936,0.2888337921582522,1,2,2,1,1,0,1
1.5110402944811785,0.643768358325971,1,2,2,1,1,0,1
1.7253169059917408,0.07883203907709707,1,2,2,1,1,0,1
1.4758767745843016,0.9846361447624701,1,2,2,1,1,0,1
0.4028257400373505,0.34878563995935724,1,2,2,1,1,0,1
1.2461885170468978,1.065465443164816,1,2,2,1,1,0,1
1.7220725931990393,-0.4992387843250399,1,2,2,1,1,0,1
1.7844862149738414,-0.2791000148596113,1,2,2,1,1,0,1
0.3558894572264649,-0.10018267566556714,1,2,2,1,1,0,1
1.0442253252349087,1.3081535359280039,1,2,2,1,1,0,1
0.8824961177671503,1.2305486869730697,1,2,2,1,1,0,1
0.9691525488168868,1.300895245612244,1,2,2,1,1,0,1
0.8373382831529326,1.1869439069775471,1,2,2,1,1,0,1
0.4404854670564081,0.46776515868563356,1,2,2,1,1,0,1
1.4189021468211527,0.826115097027015,1,2,2,1,1,0,1
0.37444755163066706,-0.4088680977653426,1,2,2,1,0,0,1
1.4770023639944356,0.9673757571261346,1,2,2,1,1,0,1
1.5693198326260709,0.8900964891694357,1,2,2,1,1,0,1
0.5997385617643058,0.8463447795099053,1,2,2,1,1,0,1
0.32996221210497695,-0.04557745488372464,1,2,2,1,1,0,1
0.7391612373228936,1.0994707668679329,1,2,2,1,1,0,1
1.3444639742496067,1.0411712116831149,1,2,2,1,1,0,1
1.5884223495668575,0.8094065482043417,1,2,2,1,1,0,1
1.4667076685139295,0.851059805895905,1,2,2,1,1,0,1
1.2759705312886047,1.088192225667422,1,2,2,1,1,0,1
0.9179350474234428,1.2532900203461674,1,2,2,1,1,0,1
0.8385360125543586,1.1462148104880892,1,2,2,1,1,0,1
0.5182657590296065,0.5053889676232265,1,2,2,1,1,0,1
1.5600841401659524,0.7057474835629347,1,2,2,1,1,0,1
1.335975837852723,1.0180017837454964,1,2,2,1,1,0,1
1.2254572343239316,1.0864440703443656,1,2,2,1,1,0,1
0.4145541538888384,0.08616240987759889,1,2,2,1,1,0,1
1.0598418777258019,1.2908459167641653,1,2,2,1,1,0,1
0.4190117139468132,0.4223861197862584,1,2,2,1,1,0,1
1.622635149735724,0.6401999107192773,1,2,2,1,1,0,1
0.4210168728247947,0.5553534661652327,1,2,2,1,1,0,1
1.120855398719808,1.1957805656058464,1,2,2,1,1,0,1
0.4970407968165097,0.6915169164657279,1,2,2,1,1,0,1
0.9893126967690271,1.148577275279011,1,2,2,1,1,0,1
0.34028914678497335,0.20259037729372056,1,2,2,1,1,0,1
0.33826319417491324,-0.5034904372945548,1,2,2,1,0,0,1
1.5811732916890382,0.6295157092840896,1,2,2,1,1,0,1
1.026808500164094,1.2211503277586735,1,2,2,1,1,0,1
0.5311045381666983,0.7717475323984339,1,2,2,1,1,0,1
1.1589951153625226,1.3603936953908222,1,2,2,1,1,0,1
0.791881653175064,0.9561070738381299,1,2,2,1,1,0,1
0.44764761494036404,0.40121396514383867,1,2,2,1,1,0,1
0.5410902354776934,0.740670369354374,1,2,2,1,1,0,1
1.003292836499815,0.997928639098334,1,2,2,1,1,0,1
0.9760508193597203,1.2127447594605016,1,2,2,1,1,0,1
0.5736395335410882,0.6434170277870986,1,2,2,1,1,0,1
0.5154635670315493,0.7769732011613018,1,2,2,1,1,0,1
1.1559247519412643,1.224583812884876,1,2,2,1,1,0,1
0.37671802813657257,-0.33462976378749704,1,2,2,1,1,0,1
0.6596555778754688,0.9712149373246579,1,2,2,1,1,0,1
1.6583836854488956,0.2168010192733296,1,2,2,1,1,0,1
1.0953599339093594,1.282289488002445,1,2,2,1,1,0,1
1.438650560433279,1.0059878371405266,1,2,2,1,1,0,1
1.7318938682066425,-0.11131207892834945,1,2,2,1,1,0,1
1.4730997022998997,0.8515870716905436,1,2,2,1,1,0,1
1.6493972735001476,0.4727887531529285,1,2,2,1,1,0,1
1.093494252418506,1.276950457788773,1,2,2,1,1,0,1
0.36072894041659315,-0.19297906050555236,1,2,2,1,1,0,1
1.2665524941448065,1.054772758265737,1,2,2,1,1,0,1
0.46283730173027854,0.4806104198626467,1,2,2,1,1,0,1
0.4684757613791909,0.4556250852900078,1,2,2,1,1,0,1
1.168373099204145,1.0574892929294284,1,2,2,1,1,0,1
1.7197855852953918,-0.6073640698442957,1,2,2,1,1,0,1
1.580447209447417,0.6689325615967231,1,2,2,1,1,0,1
0.5012579572870219,0.41567476477889975,1,2,2,1,1,0,1
1.7517796569468524,-0.11911165440534476,1,2,2,1,1,0,1
1.7339888651314033,-0.25241945425454754,1,2,2,1,1,0,1
1.3154382538484781,1.114220212437598,1,2,2,1,1,0,1
1.5101615157614783,0.8730777562408035,1,2,2,1,1,0,1
1.7952266305862419,-0.15243073632610224,1,2,2,1,1,0,1
1.1415241453400775,1.308797102942119,1,2,2,1,1,0,1
0.31166540034010226,-0.5471519179176765,1,2,2,1,0,0,1
0.5031994940487347,0.6015381873107088,1,2,2,1,1,0,1
0.8400464111720912,1.114088245052981,1,2,2,1,1,0,1
0.46602724785878297,0.41012978877671435,1,2,2,1,1,0,1
0.4524958237058952,0.4792230056958386,1,2,2,1,1,0,1
0.31430252083223803,-0.5995166404767832,1,2,2,1,0,0,1
1.5661464958542737,0.6686045104738904,1,2,2,1,1,0,1
1.6927478273489946,0.17108344160254424,1,2,2,1,1,0,1
0.40673232116415997,-0.17276297259626072,1,2,2,1,1,0,1
1.5677268333162022,0.7541824707482815,1,2,2,1,1,0,1
1.7496393868600506,0.258108514446039,1,2,2,1,1,0,1
1.8046075442797338,-0.2777786562058502,1,2,2,1,1,0,1
1.433462445611457,0.9959952396808875,1,2,2,1,1,0,1
1.7263855446162801,-0.030535736431013802,1,2,2,1,1,0,1
0.2848400932576278,-0.5412995092767107,1,2,2,1,0,0,1
0.5644041104090188,0.7643447882229613,1,2,2,1,1,0,1
1.3479172394988197,1.1047875239386222,1,2,2,1,1,0,1
1.216363034754062,1.1450725413689773,1,2,2,1,1,0,1
1.7279766183896115,0.08812586292906918,1,2,2,1,1,0,1
0.6802986040333755,1.087490549405996,1,2,2,1,1,0,1
0.8106798790830708,1.134887404557838,1,2,2,1,1,0,1
1.0563185722775008,1.3006946858119917,1,2,2,1,1,0,1
0.39124683215048506,0.06965502487675677,1,2,2,1,1,0,1
0.36073655212897093,-0.09094645542835995,1,2,2,1,1,0,1
0.9369315881473279,1.2039313455561724,1,2,2,1,1,0,1
1.2403562527658616,1.2308365656903484,1,2,2,1,1,0,1
1.4948054682138454,0.9095340855433512,1,2,2,1,1,0,1
0.5132008127179369,0.5960575085483075,1,2,2,1,1,0,1
0.3929877168846032,-0.3033428056469092,1,2,2,1,1,0,1
1.569173493545174,0.5645548357585898,1,2,2,1,1,0,1
0.4733073187469593,0.7487394449440734,1,2,2,1,1,0,1
1.7284752812571593,-0.645307912273306,1,2,2,1,1,0,1
1.682211555727761,0.36356123132585655,1,2,2,1,1,0,1
1.2453173938670263,1.1784997440386524,1,2,2,1,1,0,1
1.7590048927963629,-0.21236549604935764,1,2,2,1,1,0,1
0.3468154754758638,0.3318618746080268,1,2,2,1,1,0,1
0.38304175704619603,-0.15850811338149629,1,2,2,1,1,0,1
0.5606918867065138,0.8064584922302821,1,2,2,1,1,0,1
1.7133619190585243,0.4957450634873223,1,2,2,1,1,0,1
0.6346039479139994,1.108617138639335,1,2,2,1,1,0,1
0.6390555069531253,0.9681036774974818,1,2,2,1,1,0,1
1.0569538240207002,1.215473306482634,1,2,2,1,1,0,1
1.7772868273635174,-0.35267418770365067,1,2,2,1,1,0,1
0.7038152980750387,1.0459925504649699,1,2,2,1,1,0,1
0.5027964068090822,0.6097865894978264,1,2,2,1,1,0,1
0.999979971937887,1.3235916892936832,1,2,2,1,1,0,1
1.4392710065357273,0.910286604035768,1,2,2,1,1,0,1
0.3486894116623935,-0.3079332308134274,1,2,2,1,1,0,1
1.0723278201434474,1.1748240204199567,1,2,2,1,1,0,1
1.3937222372810008,1.0400362460822463,1,2,2,1,1,0,1
0.3583638753223752,-0.2333586505023481,1,2,2,1,1,0,1
1.7494335464603492,0.10896503204955144,1,2,2,1,1,0,1
0.348771565902723,-0.27132713828194005,1,2,2,1,1,0,1
1.043138213873974,1.2443870165716495,1,2,2,1,1,0,1
1.7370912994222827,-0.2532352306612572,1,2,2,1,1,0,1
0.7336072852326708,0.9956018746904512,1,2,2,1,1,0,1
0.3570791962544225,-0.22211830099161545,1,2,2,1,1,0,1
1.3563938145184613,1.0073682332644054,1,2,2,1,1,0,1
0.9679117065568006,1.165400032435329,1,2,2,1,1,0,1
1.267176992998996,0.9946940799503852,1,2,2,1,1,0,1
0.533567690187137,0.6347416725773724,1,2,2,1,1,0,1
0.38329518491320097,0.3873398602144595,1,2,2,1,1,0,1
0.3467503317353822,-0.35013463075683554,1,2,2,1,1,0,1
0.6567778102239454,0.9514092654365724,1,2,2,1,1,0,1
0.7511620405945569,1.1447001955111573,1,2,2,1,1,0,1
1.5034614584502328,0.8248790586985745,1,2,2,1,1,0,1
1.6051510354917389,0.48004727433808997,1,2,2,1,1,0,1
0.5523945584430033,0.6043838707776914,1,2,2,1,1,0,1
1.612224859890305,0.4477142632222989,1,2,2,1,1,0,1
0.3493910206339877,-0.1185947166983575,1,2,2,1,1,0,1
0.6742160356168766,0.9504547005672821,1,2,2,1,1,0,1
1.212923121871713,1.225675888927941,1,2,2,1,1,0,1
0.27110075687244334,-0.02926069800152055,1,2,2,1,1,0,1
1.6178750000624817,0.48766933795867046,1,2,2,1,1,0,1
1.7626429943777506,-0.40582129682201806,1,2,2,1,1,0,1
1.7174242379018756,0.4346097807856186,1,2,2,1,1,0,1
1.6231703480387842,0.48658932280951944,1,2,2,1,1,0,1
0.9450015302784242,1.146999262484862,1,2,2,1,1,0,1
0.37139569413621626,0.05954267378128399,1,2,2,1,1,0,1
1.6203953859636475,0.547043890566429,1,2,2,1,1,0,1
