,gender,age,fnlwgt,education_num,capital_gain,hours_per_week,GroundTruth,GroundTruth_DB,FairDEN,Scalable,FairSC_normalized,FairSC
32022,0,19,57145,9,0,25,0,-1,1,0,0,1
19593,0,17,146268,6,0,10,0,-1,0,1,0,1
29624,0,50,46155,11,0,40,1,-1,1,0,0,1
38344,0,45,184441,4,0,42,0,-1,0,0,0,1
30748,0,34,228406,10,0,40,0,-1,1,1,0,1
30558,0,29,197565,11,0,35,0,-1,1,1,0,1
31869,0,55,118993,10,0,10,0,-1,0,0,0,1
45182,1,52,146015,9,0,40,0,-1,1,0,0,1
13035,1,19,198668,9,0,40,0,-1,1,1,0,1
24247,1,38,115289,9,0,40,0,-1,1,0,0,1
43551,0,39,222530,10,0,40,0,-1,1,1,0,1
29137,1,21,181096,10,0,20,0,-1,1,1,0,1
18633,1,40,163455,10,0,55,1,-1,1,0,0,1
35513,0,45,86618,14,0,50,1,-1,1,0,0,1
16620,1,40,123306,11,0,40,1,-1,1,0,0,1
30674,1,17,169155,8,0,35,0,-1,1,1,0,1
17700,1,27,220748,9,0,48,0,-1,1,1,0,1
35703,0,28,402771,11,0,23,0,-1,0,1,0,1
2463,1,46,174224,11,0,40,0,-1,1,0,0,1
39379,0,31,192660,11,0,30,0,-1,0,1,0,1
42598,1,60,328011,10,0,20,0,-1,0,1,0,1
47294,1,39,233117,15,0,40,1,-1,1,1,1,0
37428,1,51,145105,10,0,30,0,-1,1,0,0,1
48266,1,32,244268,7,0,48,0,-1,0,1,0,1
5653,1,56,192869,9,0,40,1,-1,1,0,0,1
31570,0,31,190027,9,0,40,0,1,1,1,0,1
26782,1,49,122584,4,0,40,0,-1,0,0,0,1
41803,1,55,102058,13,0,40,1,-1,1,0,1,0
25694,1,36,67728,13,0,50,1,-1,1,0,1,0
39367,1,40,246949,9,0,40,0,-1,1,1,0,1
18533,0,20,238685,10,0,32,0,-1,1,1,0,1
11497,1,27,120126,13,0,45,1,-1,1,0,1,0
3617,1,17,354201,9,0,40,0,-1,1,1,0,1
13909,0,19,98605,10,0,20,0,-1,1,0,0,1
31723,1,35,189092,13,0,40,1,-1,1,0,1,0
7565,0,41,277390,13,0,30,1,-1,0,1,0,1
4865,1,22,162869,10,0,65,0,-1,0,1,1,1
39544,0,37,229647,9,0,42,0,-1,1,1,0,1
10941,1,58,373344,2,0,40,0,-1,0,1,0,1
15482,1,28,114053,10,0,30,0,-1,1,0,0,1
4878,1,29,206351,6,5013,40,0,-1,0,1,0,1
13433,1,44,175641,7,0,40,1,-1,1,0,0,1
4273,0,23,257621,13,0,45,0,-1,1,1,0,1
29060,1,28,314649,10,0,60,0,-1,0,1,0,1
30244,1,22,408383,10,0,40,0,-1,1,1,0,1
44331,1,39,256294,9,0,40,0,-1,1,1,0,1
25834,0,66,302072,12,0,40,0,-1,0,0,0,1
47079,0,46,178642,9,0,40,1,0,1,0,0,1
19148,0,17,225106,6,0,18,0,-1,0,1,0,1
20356,0,37,127918,10,0,20,0,-1,1,0,0,1
43135,0,51,237295,10,0,40,0,-1,1,0,0,1
32707,0,62,369734,9,0,40,0,-1,0,1,0,1
39221,1,44,366180,13,0,50,0,-1,0,1,1,0
42234,1,33,204374,14,0,38,0,-1,1,1,1,0
4303,1,30,65278,9,0,40,1,-1,1,0,0,1
20279,1,44,197462,9,0,40,0,-1,1,0,0,1
36257,1,59,258883,11,0,40,0,-1,1,0,1,0
32109,0,66,93318,9,0,40,0,-1,1,0,0,1
42698,0,24,175778,13,0,40,0,-1,1,1,0,1
35881,1,30,111567,10,0,40,1,-1,1,0,0,1
45485,1,34,245211,14,0,40,1,-1,1,1,1,0
25113,1,58,53481,13,0,70,0,-1,0,0,1,0
40840,1,36,101192,9,0,40,1,-1,1,0,0,1
25956,1,46,63299,9,0,50,0,-1,1,0,0,1
46629,1,67,116502,9,0,30,0,-1,0,0,0,1
44755,1,17,260978,7,0,14,0,-1,1,1,0,1
24573,1,35,140854,9,0,60,0,-1,1,0,1,1
15769,1,32,123291,8,0,40,0,-1,1,0,0,1
21240,1,54,175262,4,0,40,0,-1,0,0,0,1
4524,1,19,39026,9,0,30,0,-1,1,0,0,1
41193,0,27,89813,13,0,40,0,-1,1,0,0,1
35280,0,39,219137,12,0,40,0,-1,1,0,0,1
11335,0,43,281422,12,0,45,0,-1,1,1,0,1
21531,1,25,152503,10,0,40,0,-1,1,1,0,1
25109,1,34,195602,12,0,44,0,-1,1,1,1,0
31872,0,61,153408,14,0,40,1,-1,1,0,1,1
1175,1,58,169982,10,0,40,1,-1,1,0,0,1
19825,1,31,164190,6,0,40,0,-1,1,0,0,1
20188,1,50,65160,13,0,40,0,-1,1,0,1,0
2004,1,39,192337,13,0,50,0,-1,1,0,1,0
7133,1,41,174395,14,0,40,1,-1,1,0,1,0
45937,1,45,55272,11,0,40,0,-1,1,0,0,1
18049,1,36,484024,9,0,40,0,-1,0,1,0,1
3000,1,31,259931,4,0,40,0,-1,0,1,0,1
29683,1,25,141876,14,0,45,0,-1,1,0,1,0
16840,1,62,199193,9,0,25,0,-1,0,0,0,1
26232,1,35,218955,13,0,40,0,-1,1,1,1,0
1422,0,40,202872,12,0,45,0,-1,1,0,0,1
9194,0,55,170169,9,0,40,0,-1,1,0,0,1
26229,0,35,261012,10,0,40,0,-1,1,1,0,1
34271,0,53,94186,12,0,37,0,-1,1,0,0,1
14198,0,39,206253,13,0,40,0,-1,1,0,0,1
47220,1,27,262723,10,0,40,0,-1,1,1,0,1
48161,1,34,103642,9,0,40,0,-1,1,0,0,1
147,0,36,108293,9,0,24,0,-1,1,0,0,1
21528,0,55,194065,12,0,40,0,-1,1,0,0,1
40318,1,42,27085,10,0,40,0,-1,1,0,0,1
30170,0,20,26842,10,2176,40,0,-1,1,0,0,1
32941,1,64,192715,13,0,10,0,-1,0,0,1,0
20182,0,39,170382,14,0,50,1,-1,1,0,1,1
32206,0,18,41381,9,0,20,0,-1,1,0,0,1
40509,1,38,227615,7,0,40,0,-1,1,1,0,1
27434,1,35,253006,10,7688,38,1,-1,0,1,1,1
47104,1,34,450141,13,15024,35,1,-1,0,1,1,1
13685,0,44,277720,10,0,35,0,-1,1,1,0,1
26776,1,50,129956,9,0,48,1,-1,1,0,0,1
38529,1,34,201874,9,0,40,0,-1,1,1,0,1
4280,1,64,114994,9,0,20,0,-1,0,0,0,1
2741,1,47,189123,9,0,40,0,0,1,0,0,1
26036,0,38,277022,10,0,40,0,-1,1,1,0,1
36309,1,67,427422,10,2414,16,0,-1,0,1,0,1
11993,1,53,139671,13,0,40,1,-1,1,0,1,0
7229,0,36,285865,13,0,40,0,-1,1,1,0,1
30079,0,40,406811,9,0,40,0,-1,1,1,0,1
29081,0,19,164938,10,0,25,0,-1,1,1,0,1
5843,1,23,224954,10,0,25,0,-1,1,1,0,1
8489,1,24,189148,10,0,40,0,-1,1,1,0,1
7112,1,20,42706,10,0,25,0,-1,1,0,0,1
26852,1,58,314092,11,0,48,1,-1,0,1,0,0
44831,1,61,190955,13,7688,40,1,-1,0,0,1,0
14286,1,45,362883,9,5013,40,0,-1,0,1,0,1
10538,0,39,177728,14,0,40,0,-1,1,0,0,1
27861,0,48,70668,9,0,50,0,-1,1,0,0,1
29331,0,43,424094,16,0,40,0,-1,0,1,0,1
4348,1,33,184901,9,0,40,1,1,1,0,0,1
44067,1,42,297266,10,0,90,1,-1,0,1,1,0
46045,0,75,199826,10,0,36,1,-1,0,0,0,1
20989,1,25,236977,9,0,40,0,-1,1,1,0,1
37891,1,32,335569,9,0,40,0,-1,1,1,0,1
6915,1,46,110015,4,0,75,0,-1,0,0,0,1
27087,1,66,262552,10,0,7,0,-1,0,0,0,1
1570,0,19,62534,13,0,40,0,-1,1,0,0,1
36153,0,42,150568,10,0,45,0,-1,1,0,0,1
14453,1,36,147258,10,0,60,0,-1,1,0,1,1
20516,0,27,151626,9,0,40,0,-1,1,0,0,1
13400,1,18,184101,10,0,25,0,-1,1,1,0,1
40834,1,28,198201,9,0,40,0,-1,1,1,0,1
6478,1,29,464536,13,0,40,0,-1,0,1,0,1
37315,0,28,166634,9,0,40,0,-1,1,1,0,1
40980,0,52,121038,9,0,43,0,-1,1,0,0,1
20665,1,55,190514,4,0,75,0,-1,0,0,0,1
9189,1,38,227154,13,0,40,0,-1,1,1,1,0
1710,0,73,267408,9,0,15,0,-1,0,0,0,1
12959,1,38,32271,10,0,40,0,-1,1,0,0,1
23738,1,50,163948,14,0,40,1,-1,1,0,1,0
42269,0,31,328734,9,0,40,0,-1,1,1,0,1
30012,0,28,184078,8,0,40,0,-1,1,1,0,1
22637,0,22,223019,9,0,20,0,-1,1,1,0,1
43256,1,33,159123,10,0,40,1,-1,1,0,0,1
41432,0,37,26898,12,0,40,0,-1,1,0,0,1
10259,1,41,397280,13,0,72,0,-1,0,1,1,0
35605,1,26,316337,10,0,40,0,-1,1,1,0,1
27560,1,34,261023,10,0,38,0,-1,1,1,0,1
11463,0,36,229180,10,0,40,0,-1,1,1,0,1
12616,1,49,246891,13,0,40,1,-1,1,0,1,0
31641,1,18,157273,6,0,15,0,-1,1,1,0,1
25542,1,26,94477,10,7298,55,1,-1,0,0,1,1
46745,0,27,226441,13,0,40,0,-1,1,1,0,1
17871,1,28,381789,10,0,40,0,-1,1,1,0,1
12457,1,60,160339,10,0,40,0,-1,1,0,0,1
47933,1,18,149017,8,0,10,0,-1,0,1,0,1
39662,0,19,208066,10,0,40,0,-1,1,1,0,1
30275,1,46,295334,16,0,60,1,-1,0,1,1,0
6361,1,35,63509,11,0,50,0,-1,1,0,0,1
15686,1,24,232841,9,0,35,0,-1,1,1,0,1
20052,0,41,106982,10,0,40,1,-1,1,0,0,1
29679,1,30,177304,10,0,44,0,-1,1,1,0,1
25828,1,24,462820,13,0,40,0,-1,0,1,0,1
16584,1,52,196894,7,0,40,0,-1,1,0,0,1
4657,1,34,34374,10,0,50,0,-1,1,0,0,1
19785,0,19,208656,10,594,20,0,-1,1,1,0,1
34910,1,64,234570,10,0,40,0,-1,1,0,0,1
26704,1,40,126701,5,0,45,0,-1,0,0,0,1
20057,1,29,107812,10,0,15,0,-1,1,0,0,1
29465,1,58,31732,10,0,45,1,-1,1,0,0,1
2189,0,74,39890,10,0,18,0,-1,0,0,0,1
2791,0,55,92215,9,0,40,0,-1,1,0,0,1
19244,1,26,381618,5,0,45,0,-1,0,1,0,1
26845,1,47,173938,13,0,57,1,-1,1,0,1,0
33540,0,64,45868,4,0,35,0,-1,0,0,0,1
4162,0,29,446559,12,0,50,0,-1,0,1,0,1
18805,1,59,253062,15,0,55,1,-1,0,0,1,0
15878,1,35,115214,9,6497,65,0,-1,0,0,1,1
4,0,28,338409,13,0,40,0,-1,1,1,0,1
2385,1,56,211804,13,15024,50,1,-1,0,0,1,0
42363,1,35,91124,13,0,40,0,-1,1,0,1,0
18862,1,50,94391,11,0,50,1,-1,1,0,1,1
3494,1,21,182606,10,0,40,0,-1,1,1,0,1
5739,1,41,202168,10,0,60,1,-1,1,0,1,1
39398,1,47,189498,9,0,65,1,-1,0,0,1,1
3899,1,22,131230,10,0,40,0,-1,1,0,0,1
37154,1,27,183148,9,0,40,0,-1,1,1,0,1
45474,1,46,25894,16,0,40,1,-1,0,0,1,0
27362,1,27,269444,9,0,40,0,-1,1,1,0,1
13099,1,19,339123,10,0,40,0,-1,1,1,0,1
46184,0,61,149981,9,0,40,0,-1,1,0,0,1
23141,0,25,109419,9,0,40,0,-1,1,0,0,1
28382,1,17,228253,6,0,10,0,-1,0,1,0,1
39644,1,61,243019,1,0,40,0,-1,0,0,0,1
14764,0,39,165235,13,0,40,1,-1,1,0,0,1
18627,1,34,54850,13,0,50,0,-1,1,0,1,0
10241,1,38,179579,9,0,40,0,-1,1,0,0,1
6132,1,59,197290,5,0,40,0,-1,1,0,0,1
5604,0,47,176319,9,0,38,1,-1,1,0,0,1
46630,0,51,163606,10,0,40,0,-1,1,0,0,1
9354,0,39,358837,10,0,40,0,-1,1,1,0,1
8557,1,41,209547,9,0,40,0,-1,1,0,0,1
45556,0,19,188618,9,0,24,0,-1,1,1,0,1
4039,0,39,99065,13,0,40,1,-1,1,0,0,1
469,0,30,118551,13,0,16,1,-1,0,0,0,1
47610,0,26,33016,11,0,55,0,-1,0,0,0,1
21570,1,28,319768,14,0,45,1,-1,1,1,1,0
9061,1,56,139616,13,0,45,1,-1,1,0,1,0
26856,1,29,109001,10,0,35,0,-1,1,0,0,1
28594,1,18,135924,10,0,40,0,-1,1,1,0,1
30732,1,69,121136,9,0,13,0,-1,0,0,0,1
31635,1,27,180758,10,0,30,0,-1,1,1,0,1
15951,1,48,118889,9,2885,15,0,-1,0,0,0,1
23421,1,53,229465,14,0,55,1,-1,0,0,1,0
9060,1,67,247566,9,0,24,0,-1,0,0,0,1
7442,1,39,272950,13,0,45,1,-1,1,1,1,0
44217,0,23,122244,10,0,40,0,-1,1,0,0,1
13152,1,63,225102,9,0,40,0,-1,1,0,0,1
4248,0,43,243476,9,0,40,0,-1,1,1,0,1
11757,0,36,279615,13,0,40,0,-1,1,1,0,1
36548,0,58,95428,14,0,40,0,-1,1,0,1,1
4969,1,29,77760,9,0,45,0,-1,1,0,0,1
8358,1,43,163847,13,0,50,1,-1,1,0,1,0
12483,1,46,30219,10,7688,38,1,-1,0,0,1,1
4107,0,25,186294,9,0,50,0,-1,1,1,0,1
21194,0,25,232914,13,0,38,0,-1,1,1,0,1
39527,1,58,106740,9,0,40,1,-1,1,0,0,1
40477,0,38,202937,12,0,40,1,-1,1,0,0,1
40192,1,52,165998,15,7298,50,1,-1,0,0,1,0
28062,1,44,116358,13,0,40,1,-1,1,0,1,0
40278,1,60,40856,9,0,40,0,-1,1,0,0,1
19538,0,36,76767,10,0,39,0,-1,1,0,0,1
23943,0,40,55191,10,0,40,0,-1,1,0,0,1
37527,1,67,162009,6,0,16,0,-1,0,0,0,1
13659,1,34,73199,7,0,40,0,-1,1,0,0,1
30097,1,37,185567,9,0,40,1,-1,1,0,0,1
39938,1,30,90308,1,0,28,0,-1,0,0,0,1
48101,1,34,356882,9,0,40,0,-1,1,1,0,1
38836,0,55,421228,14,0,40,1,-1,0,1,0,1
45596,0,60,193864,9,0,40,0,-1,1,0,0,1
7439,0,31,185528,10,0,35,0,-1,1,1,0,1
14304,0,25,159603,9,0,34,0,-1,1,1,0,1
16742,1,23,182615,10,0,40,0,-1,1,1,0,1
43084,1,33,51185,10,0,40,0,-1,1,0,0,1
37293,1,23,50411,9,0,40,0,-1,1,0,0,1
9769,1,32,157887,9,0,40,0,-1,1,0,0,1
43242,0,32,113453,13,0,24,1,-1,0,0,0,1
44869,0,48,127675,14,0,44,0,-1,1,0,1,1
37215,1,24,155172,12,0,40,0,-1,1,1,1,0
32472,0,27,221561,7,0,32,0,-1,0,1,0,1
36714,1,46,149337,10,0,55,0,-1,1,0,0,1
21908,0,32,235862,10,0,45,0,-1,1,1,0,1
37993,1,33,30612,10,0,40,0,-1,1,0,0,1
26222,1,46,325372,10,0,40,0,-1,1,1,0,1
10565,1,20,140001,10,0,40,0,-1,1,1,0,1
6804,0,47,321851,13,0,50,1,-1,0,1,0,1
32102,0,32,172415,9,0,40,0,-1,1,0,0,1
21680,1,40,307767,9,0,60,0,-1,0,1,0,1
4816,0,56,191917,12,4101,40,0,-1,0,0,1,1
27417,1,31,369648,12,0,50,1,-1,0,1,0,0
20267,1,36,113337,10,0,42,1,-1,1,0,0,1
27537,0,45,32896,3,0,35,0,-1,0,0,0,1
3539,1,36,165799,14,0,50,1,-1,1,0,1,0
44577,1,63,176827,10,0,30,1,-1,0,0,0,1
41684,1,36,166115,10,0,56,0,-1,1,0,1,1
24444,1,17,321880,6,0,15,0,-1,0,1,0,1
37651,1,27,211208,7,0,40,0,-1,1,1,0,1
28536,1,36,262688,10,7688,50,1,-1,0,1,1,1
26637,1,17,101626,5,0,20,0,-1,0,0,0,1
44687,1,34,141841,9,0,40,0,-1,1,0,0,1
37363,1,30,289442,13,0,40,0,-1,1,1,1,0
9314,0,40,84232,9,0,4,0,-1,0,0,0,1
2528,1,47,102359,13,0,30,0,-1,0,0,1,0
37263,1,27,41115,10,0,40,0,-1,1,0,0,1
24163,1,66,212185,4,0,48,0,-1,0,0,0,1
28619,1,36,328466,3,0,50,1,-1,0,1,0,1
6916,1,24,104146,13,0,40,0,-1,1,0,1,0
44328,1,58,174848,8,0,40,0,-1,1,0,0,1
45789,1,32,199366,6,0,16,0,-1,0,1,0,1
6759,1,20,233624,9,0,40,0,-1,1,1,0,1
17777,1,36,202950,13,0,50,0,-1,1,0,1,0
15506,1,53,148532,13,0,60,1,-1,0,0,1,0
34927,1,42,347653,13,0,60,0,-1,1,1,1,0
6748,1,41,48087,4,0,40,0,-1,0,0,0,1
1232,0,27,175034,13,0,40,0,-1,1,1,0,1
38334,0,18,156981,7,0,20,0,-1,1,1,0,1
3705,1,41,113555,10,7298,50,1,-1,0,0,1,1
30397,0,41,202872,6,0,40,0,-1,1,0,0,1
26831,1,30,95299,9,0,40,1,-1,1,0,0,1
43080,0,39,212840,13,0,40,0,-1,1,0,0,1
15610,0,30,164309,9,0,35,0,-1,1,0,0,1
25466,1,58,248841,9,15024,40,1,-1,0,0,1,0
21634,1,66,350498,10,0,28,0,-1,0,0,0,1
18679,0,52,561489,14,0,50,0,-1,0,1,0,1
46188,1,31,203408,10,0,45,0,-1,1,1,0,1
2372,1,74,340939,5,3471,40,0,-1,0,0,0,1
9055,1,23,433669,12,0,40,0,-1,0,1,0,1
9267,1,19,233779,10,0,60,0,-1,0,1,0,1
44838,1,32,303942,3,0,48,0,-1,0,1,0,1
7918,0,20,245297,10,0,20,0,-1,1,1,0,1
41345,1,40,255824,14,0,40,1,-1,1,1,1,0
28116,1,40,272960,12,0,42,1,-1,1,1,1,0
38478,1,37,255503,15,0,55,1,-1,0,1,1,0
7330,1,46,160061,10,0,40,0,-1,1,0,0,1
6204,1,84,155057,13,0,20,0,-1,0,0,1,0
18184,0,23,195532,13,0,40,0,-1,1,1,0,1
48275,1,66,190160,15,0,20,0,-1,0,0,1,0
15917,1,41,200671,13,6497,40,0,-1,0,0,1,0
11048,1,48,237525,13,7688,65,1,-1,0,0,1,0
13019,0,42,184837,9,7298,40,1,-1,0,0,0,1
7449,0,68,170182,10,0,40,0,-1,1,0,0,1
36209,1,40,190507,9,0,60,1,-1,1,0,1,1
15181,0,28,96219,13,0,15,0,-1,0,0,0,1
36733,0,19,116385,12,0,18,0,-1,0,0,0,1
25472,1,22,119592,12,0,40,1,-1,1,0,0,0
34981,1,31,190650,14,0,40,0,-1,1,1,1,0
26072,0,39,80680,10,0,40,0,-1,1,0,0,1
34792,1,52,249196,12,0,55,1,-1,0,0,1,0
45094,1,53,206288,13,0,35,0,-1,1,0,1,0
14335,1,40,76487,9,0,40,0,-1,1,0,0,1
15056,1,53,167065,7,0,40,0,-1,1,0,0,1
2729,1,21,286853,9,0,35,0,-1,1,1,0,1
28837,0,22,171176,9,0,48,0,-1,1,1,0,1
5711,0,37,170408,11,0,30,0,-1,1,0,0,1
38109,0,35,189382,10,0,38,0,-1,1,0,0,1
985,0,63,254907,11,0,20,0,-1,0,0,0,1
3049,1,39,122742,12,15024,55,1,-1,0,0,1,0
11433,1,49,278322,9,0,40,1,-1,1,1,0,1
13041,1,40,201764,9,0,40,0,-1,1,0,0,1
19663,1,32,377836,11,0,40,0,-1,1,1,0,1
30184,1,39,48915,9,0,40,1,-1,1,0,0,1
9536,1,32,324386,13,0,40,0,-1,1,1,0,0
28058,0,20,121023,10,0,40,0,-1,1,0,0,1
30089,1,20,82777,9,0,40,0,-1,1,0,0,1
19706,1,58,111625,13,8614,40,1,-1,0,0,1,0
37872,0,25,390537,10,0,25,0,-1,1,1,0,1
18397,1,34,236861,9,0,45,0,-1,1,1,0,1
5676,0,41,163322,13,0,30,0,-1,0,0,0,1
39728,1,53,385183,10,0,60,0,-1,0,1,1,0
24608,1,39,172538,9,0,40,0,-1,1,0,0,1
6113,0,56,87584,9,0,40,0,-1,1,0,0,1
47697,0,23,223019,10,0,35,0,-1,1,1,0,1
38486,1,20,117210,10,0,40,0,-1,1,0,0,1
19570,1,18,123714,7,0,40,0,-1,1,1,0,1
35655,0,29,27436,9,0,35,0,-1,1,0,0,1
31636,0,29,499935,11,0,40,0,-1,0,1,0,1
48059,1,22,191954,11,0,45,0,-1,1,1,0,1
14894,0,31,143392,10,0,35,0,-1,1,0,0,1
3308,1,39,352248,12,0,40,0,-1,1,1,0,0
31051,1,43,306440,15,0,66,0,-1,0,1,1,0
22681,1,36,210945,10,0,70,0,-1,0,1,1,0
43269,1,36,379522,9,15024,40,1,-1,0,1,1,1
46053,1,45,272182,10,5013,40,0,-1,0,1,1,1
28319,0,54,185042,2,0,40,0,-1,0,0,0,1
6810,1,32,319280,12,0,80,0,-1,0,1,1,0
23730,0,28,33374,7,0,35,0,-1,0,0,0,1
5553,1,27,292472,10,0,40,1,-1,1,1,0,1
2875,1,29,227890,9,0,40,0,-1,1,1,0,1
45193,0,32,278940,9,0,40,0,-1,1,1,0,1
8904,1,45,201699,11,0,40,1,-1,1,0,0,1
24452,1,28,113870,9,0,40,0,-1,1,0,0,1
15679,1,44,306440,9,0,40,0,-1,1,1,0,1
34500,0,33,43608,10,0,40,0,-1,1,0,0,1
34086,0,60,338833,9,0,38,0,-1,0,1,0,1
15273,0,25,201635,13,0,50,0,-1,1,1,0,1
4057,1,40,510072,13,0,55,1,-1,0,1,0,0
31576,1,30,341051,14,15024,60,1,-1,0,1,1,0
25295,0,30,176871,10,0,40,0,-1,1,1,0,1
16290,0,29,131310,12,0,40,0,-1,1,0,0,1
8570,1,20,164574,9,0,30,0,-1,1,1,0,1
46299,0,42,236503,10,0,40,0,-1,1,1,0,1
19815,1,23,283499,9,0,40,0,-1,1,1,0,1
9401,1,39,33975,9,0,50,0,-1,1,0,0,1
38604,0,19,292136,10,0,30,0,-1,1,1,0,1
23837,1,39,269455,9,0,45,0,-1,1,1,0,1
465,0,37,126708,9,0,60,0,-1,1,0,0,1
43028,1,40,205680,14,0,50,0,-1,1,0,1,0
45285,1,21,321369,6,0,40,0,-1,0,1,0,1
9693,1,36,153976,9,0,50,0,-1,1,0,0,1
42496,1,33,513977,10,0,40,0,-1,0,1,0,1
47631,0,20,336101,10,0,30,0,-1,1,1,0,1
10151,0,17,297246,7,0,9,0,-1,0,1,0,1
45819,1,30,94145,9,0,40,0,-1,1,0,0,1
24388,0,46,551962,9,0,50,0,-1,0,1,0,1
19453,1,45,160724,9,0,40,0,-1,1,0,0,1
9731,1,29,86613,2,0,20,0,-1,0,0,0,1
40368,1,56,140729,9,0,45,0,-1,1,0,0,1
39078,0,18,308739,9,0,20,0,-1,1,1,0,1
25210,0,36,185394,6,0,34,0,-1,1,0,0,1
3272,1,33,231043,9,0,50,1,-1,1,1,0,1
47459,1,37,171524,3,0,40,0,-1,0,0,0,1
43305,1,55,314164,15,0,40,1,-1,0,1,1,0
34330,0,33,156383,13,0,40,0,-1,1,0,0,1
39043,1,33,214288,9,0,48,1,-1,1,1,0,1
33244,1,53,99516,13,0,40,0,-1,1,0,1,0
20506,0,23,189924,10,0,40,0,-1,1,1,0,1
32673,1,32,224462,9,0,84,1,-1,0,1,1,0
25002,1,35,78247,11,0,50,0,-1,1,0,0,1
36986,1,20,217467,9,0,40,0,-1,1,1,0,1
3396,1,47,55377,9,0,40,0,-1,1,0,0,1
12496,1,60,191446,9,99999,40,1,-1,0,0,1,0
5733,0,42,196001,9,0,40,0,-1,1,0,0,1
41286,0,40,197609,10,0,40,0,-1,1,0,0,1
21345,1,53,155983,14,0,65,1,-1,0,0,1,0
24479,1,17,202521,6,0,15,0,-1,1,1,0,1
8279,0,24,41356,10,0,40,0,-1,1,0,0,1
29153,0,43,143046,9,0,40,0,-1,1,0,0,1
12287,0,38,103925,9,2036,20,0,-1,0,0,0,1
35633,1,20,174436,9,0,60,0,-1,0,1,0,1
14314,1,23,175266,10,0,40,0,-1,1,1,0,1
6985,1,18,125441,7,1055,20,0,-1,1,1,0,1
45258,0,31,328734,14,0,30,0,-1,0,1,0,1
45114,0,57,207604,4,0,40,0,-1,0,0,0,1
43624,0,74,159138,9,0,12,0,-1,0,0,0,1
23826,1,29,137063,9,0,38,0,-1,1,0,0,1
46394,1,44,259674,14,5178,60,1,-1,0,1,1,0
476,1,17,211870,5,0,6,0,-1,0,1,0,1
6648,1,46,276087,9,5013,50,0,-1,0,1,1,1
16429,1,58,35551,13,0,70,1,-1,0,0,1,0
9195,1,47,344157,7,0,40,0,-1,0,1,0,1
1590,1,65,207281,10,0,16,0,-1,0,0,0,1
33524,0,38,166062,9,0,50,0,-1,1,0,0,1
43743,0,41,172712,13,0,40,1,-1,1,0,0,1
6975,0,63,346975,13,7688,36,1,-1,0,1,1,1
43537,0,42,178897,14,1151,40,0,-1,1,0,0,1
22585,1,29,90934,13,0,64,1,-1,0,0,1,0
30760,1,40,320451,16,0,45,1,-1,0,1,1,0
30838,1,50,34067,11,0,50,1,-1,0,0,0,1
12788,0,36,240323,10,0,40,0,-1,1,1,0,1
22954,1,38,184456,9,3464,80,0,-1,0,0,1,0
26491,0,24,34918,11,0,38,0,-1,1,0,0,1
12627,1,77,253642,4,0,30,0,-1,0,0,0,1
30491,0,47,142061,10,0,40,0,-1,1,0,0,1
39286,1,33,44623,9,0,45,0,-1,1,0,0,1
12088,0,26,179772,13,0,45,0,-1,1,1,0,1
34985,1,27,209301,9,0,60,0,-1,1,1,0,1
17271,0,65,209831,11,0,40,0,-1,1,0,0,1
45701,0,58,101480,11,0,40,0,-1,1,0,0,1
11933,1,46,28334,9,0,40,0,-1,1,0,0,1
9284,1,43,352005,13,15024,45,1,-1,0,1,1,0
38804,1,61,213700,13,0,32,1,-1,1,0,1,0
13660,1,50,114056,11,0,84,0,-1,0,0,1,0
4351,1,53,199720,16,15024,60,1,-1,0,0,1,0
26300,1,54,145098,10,0,40,1,-1,1,0,0,1
45207,1,47,38819,13,0,45,1,-1,1,0,1,0
39614,0,28,132750,9,0,20,0,-1,1,0,0,1
2874,0,38,115433,12,7688,33,1,-1,0,0,1,1
17912,0,31,194293,10,2463,38,0,-1,1,1,0,1
1811,1,35,183898,11,7298,50,1,-1,0,0,1,1
17841,1,48,247043,9,0,40,0,-1,1,0,0,1
18955,1,31,226443,13,0,40,0,-1,1,1,1,0
46964,1,38,39089,9,6849,50,0,-1,0,0,1,1
24985,0,40,46990,16,0,20,1,-1,0,0,0,1
40950,1,47,100009,10,0,30,0,-1,0,0,0,1
38366,0,17,53367,8,0,25,0,-1,0,0,0,1
30053,1,30,110643,10,0,52,0,-1,1,0,0,1
16922,0,21,277530,9,0,40,0,-1,1,1,0,1
17730,1,21,32639,10,0,20,0,-1,1,0,0,1
43547,0,22,339644,9,0,40,0,-1,1,1,0,1
33343,1,40,98466,9,0,40,1,-1,1,0,0,1
6526,1,34,157289,9,0,40,0,-1,1,0,0,1
23628,0,40,270147,14,0,40,1,-1,1,1,0,1
21848,1,34,62374,9,0,48,0,-1,1,0,0,1
47758,0,39,139770,14,0,30,1,-1,0,0,0,1
3953,0,42,44121,14,0,40,0,-1,1,0,0,1
7786,1,26,261278,10,0,30,0,-1,1,1,0,1
18659,0,46,195023,10,0,40,0,-1,1,0,0,1
11886,1,55,258648,6,0,40,0,-1,0,0,0,1
34476,0,35,70282,9,0,40,0,-1,1,0,0,1
11090,0,41,185616,9,0,40,0,-1,1,0,0,1
10822,0,34,154548,10,0,38,0,-1,1,0,0,1
45215,0,47,95661,10,0,45,0,-1,1,0,0,1
35966,0,61,221534,9,0,40,0,-1,1,0,0,1
8517,0,27,330132,13,0,40,1,-1,1,1,0,1
13571,1,33,333701,11,0,40,0,-1,1,1,0,1
32155,1,55,199763,9,0,81,0,-1,0,0,1,0
28556,0,50,99894,3,0,15,0,-1,0,0,0,1
22330,0,24,379418,10,0,40,0,-1,1,1,0,1
39067,0,57,47178,3,0,40,0,-1,0,0,0,1
47816,0,51,27804,10,0,35,0,-1,1,0,0,1
17965,1,33,140206,15,0,40,1,-1,1,0,1,0
32990,0,31,208458,9,0,40,0,1,1,1,0,1
30762,1,44,248876,13,0,50,0,-1,1,1,1,0
29789,1,30,55481,14,0,45,0,-1,1,0,1,0
18173,0,29,148431,12,7688,45,1,-1,0,0,1,1
22581,1,24,448026,13,0,40,0,-1,0,1,0,1
13256,0,27,175552,3,0,40,0,-1,0,1,0,1
31228,1,39,293291,9,0,50,1,-1,1,1,0,1
8870,0,52,245275,6,0,35,0,-1,0,0,0,1
6758,0,30,378723,10,0,55,0,-1,0,1,0,1
37813,1,73,30713,9,0,10,0,-1,0,0,0,1
47511,1,54,20795,9,0,40,0,-1,1,0,0,1
31372,0,56,119254,6,0,40,0,-1,1,0,0,1
4850,1,18,168288,9,0,40,0,-1,1,1,0,1
33608,0,29,245402,13,0,40,0,-1,1,1,0,1
31180,1,28,401886,9,0,20,0,-1,0,1,0,1
47844,1,60,288684,3,0,40,0,-1,0,0,0,1
6809,1,44,71269,10,0,50,0,-1,1,0,0,1
19951,1,23,133061,9,0,80,0,-1,0,0,1,0
34000,0,23,140764,13,0,40,0,-1,1,1,0,1
42464,0,65,200408,9,0,40,0,-1,1,0,0,1
38726,1,36,65382,9,0,50,0,-1,1,0,0,1
35829,0,60,113443,9,0,45,0,-1,1,0,0,1
46120,1,24,59792,14,0,40,0,-1,1,0,1,0
5071,0,35,170797,13,0,40,0,-1,1,0,0,1
32378,0,21,110677,10,0,40,0,-1,1,0,0,1
13883,1,30,23037,10,0,84,0,-1,0,0,1,0
2954,0,26,240842,9,0,40,0,-1,1,1,0,1
40942,0,18,116839,10,0,20,0,-1,1,1,0,1
29431,0,62,174711,9,0,32,0,-1,1,0,0,1
35568,1,56,36990,9,0,52,1,-1,0,0,0,1
8297,1,25,191921,10,0,40,0,-1,1,1,0,1
19888,1,22,216867,3,0,48,0,-1,0,1,0,1
9064,1,37,108913,9,0,40,0,-1,1,0,0,1
29440,1,27,183802,9,0,40,0,-1,1,1,0,1
30000,1,17,250541,7,0,8,0,-1,0,1,0,1
36711,1,33,180656,3,0,40,0,-1,0,0,0,1
24978,0,24,176321,10,0,40,0,-1,1,1,0,1
41611,1,51,165278,11,0,46,1,-1,1,0,0,1
16071,1,20,369678,9,0,43,0,-1,1,1,0,1
46269,1,17,181015,6,0,15,0,-1,1,1,0,1
34868,1,38,77792,9,0,56,0,-1,1,0,0,1
19361,1,44,191712,14,0,55,1,-1,1,0,1,0
4448,0,19,246226,9,0,40,0,-1,1,1,0,1
45145,1,55,210318,9,0,40,0,-1,1,0,0,1
40921,0,41,229472,9,0,40,0,-1,1,0,0,1
40789,1,45,137946,13,0,50,0,-1,1,0,1,0
40924,1,76,161182,10,0,20,0,-1,0,0,0,1
12783,1,54,133050,10,0,41,0,-1,1,0,0,1
36130,0,43,175133,10,0,35,0,-1,1,0,0,1
18786,1,52,144361,11,0,40,1,-1,1,0,0,1
4538,0,33,264936,9,0,40,0,-1,1,1,0,1
26178,1,41,222596,13,15024,45,1,-1,0,0,1,0
4613,0,36,130926,13,3674,40,0,-1,0,0,1,1
44385,1,19,143404,9,0,30,0,-1,1,1,0,1
12200,1,46,265554,9,0,40,0,-1,1,1,0,1
35803,1,43,153132,10,0,40,1,-1,1,0,0,1
24551,0,17,145258,7,0,25,0,-1,1,1,0,1
33222,0,19,208630,9,0,30,0,-1,1,1,0,1
3994,1,37,295949,9,0,40,0,-1,1,1,0,1
43435,0,21,88373,9,0,16,0,-1,1,0,0,1
35356,0,62,117292,14,8614,45,1,-1,0,0,1,1
2213,1,60,131852,3,0,30,1,-1,0,0,0,1
1114,0,34,290763,9,0,40,0,-1,1,1,0,1
15621,1,25,267284,9,0,40,0,-1,1,1,0,1
19185,0,18,308889,7,0,20,0,-1,0,1,0,1
3593,0,59,154236,9,7688,40,1,-1,0,0,0,1
44571,1,69,108196,13,0,25,0,-1,0,0,1,0
40802,1,42,339814,13,0,40,1,-1,1,1,1,0
38643,1,41,153095,9,0,50,0,-1,1,0,0,1
16379,1,25,31350,9,0,60,0,-1,0,0,0,1
40022,1,28,147560,10,0,40,0,-1,1,0,0,1
4222,1,27,233724,9,0,38,0,-1,1,1,0,1
6965,1,24,191954,4,0,50,0,-1,0,1,0,1
12781,0,19,209826,10,0,15,0,-1,1,1,0,1
29335,0,22,32616,10,0,30,0,-1,1,0,0,1
12512,1,46,122026,13,0,44,1,-1,1,0,1,0
36345,1,36,77953,9,0,40,0,-1,1,0,0,1
37049,0,22,197050,9,0,20,0,-1,1,1,0,1
40590,1,57,197369,9,0,40,0,-1,1,0,0,1
13511,1,38,191103,15,0,99,1,-1,0,0,1,0
44611,1,74,322789,6,0,40,0,-1,0,0,0,1
20984,1,43,154076,10,0,40,1,-1,1,0,0,1
27823,1,21,214387,10,0,64,0,-1,0,1,1,1
3104,1,28,206351,10,0,40,0,-1,1,1,0,1
27479,1,41,106679,14,27828,50,1,-1,0,0,1,0
44559,0,23,224632,13,0,38,0,-1,1,1,0,1
2360,1,34,158420,13,0,70,0,-1,0,0,1,0
28603,0,38,200904,13,0,30,1,-1,0,0,0,1
37117,0,54,64421,10,0,40,0,-1,1,0,0,1
19770,1,34,87209,14,0,60,0,-1,0,0,1,0
7217,1,30,121308,10,0,40,0,-1,1,0,0,1
32570,1,44,138634,9,0,40,0,-1,1,0,0,1
10608,0,18,186909,10,0,16,0,-1,1,1,0,1
6920,1,29,224858,10,0,45,0,-1,1,1,0,1
24784,1,45,359808,12,0,40,0,-1,0,1,0,0
13558,1,39,403489,7,0,40,0,-1,0,1,0,1
19263,1,33,35309,13,0,40,0,-1,1,0,1,0
12792,1,69,203072,16,0,50,1,-1,0,0,1,0
40424,1,65,226215,13,0,40,0,-1,0,0,1,0
25512,1,22,424494,10,0,25,0,-1,0,1,0,1
47367,1,27,365745,6,0,20,0,-1,0,1,0,1
23607,0,67,192670,9,0,20,0,-1,0,0,0,1
31203,0,27,91501,9,0,40,0,-1,1,0,0,1
35750,0,48,117310,9,0,20,0,-1,0,0,0,1
20969,0,26,265230,13,0,40,0,-1,1,1,0,1
17134,1,21,257781,10,0,30,0,-1,1,1,0,1
7339,1,42,383493,14,0,50,1,-1,0,1,1,0
37108,1,38,175268,13,0,50,0,-1,1,0,1,0
46291,0,52,295826,14,0,50,0,-1,0,1,0,1
14960,1,70,336007,3,0,20,0,-1,0,0,0,1
25648,1,49,31478,4,0,99,0,-1,0,0,1,1
47169,1,38,98080,10,0,40,0,-1,1,0,0,1
23352,1,59,98350,9,0,40,0,-1,1,0,0,1
38805,1,23,181820,13,0,40,0,-1,1,1,1,0
27580,1,46,328216,15,0,45,1,-1,0,1,1,0
18670,1,54,143804,6,0,40,0,-1,1,0,0,1
5537,1,33,342458,12,0,56,0,-1,0,1,1,0
25082,1,36,31438,9,0,43,0,-1,1,0,0,1
1162,1,33,114691,13,0,60,1,-1,1,0,1,0
19286,0,22,201268,13,0,15,0,-1,0,1,0,1
47144,0,48,121179,10,0,52,0,-1,1,0,0,1
28244,0,43,38537,10,0,38,0,-1,1,0,0,1
10783,1,29,87905,9,10520,40,1,-1,0,0,1,1
10427,1,27,94064,11,0,40,0,-1,1,0,0,1
13363,0,25,203871,11,0,40,1,-1,1,1,0,1
4672,1,32,164243,9,0,60,1,-1,1,0,1,1
3519,1,30,221043,9,0,35,0,-1,1,1,0,1
40163,1,35,302149,10,0,40,1,-1,1,1,0,1
11732,0,25,163396,10,0,40,0,-1,1,1,0,1
14401,1,19,220901,10,0,30,0,-1,1,1,0,1
26792,0,17,108273,6,0,12,0,-1,1,0,0,1
5488,0,26,288592,9,0,40,0,-1,1,1,0,1
17901,0,22,51362,13,0,16,0,-1,0,0,0,1
21501,1,48,233511,9,0,50,1,-1,1,0,0,1
15832,1,43,155106,13,0,53,0,-1,1,0,1,0
21743,1,45,208802,15,25236,36,1,-1,0,0,1,0
43627,1,53,164195,10,4386,40,1,-1,0,0,1,1
33618,1,37,112497,13,4934,50,1,-1,0,0,1,0
36351,1,38,143909,12,0,40,1,-1,1,0,1,0
26053,0,25,276249,14,0,40,0,-1,1,1,0,1
31689,1,18,218889,5,0,35,0,-1,0,1,0,1
33674,1,34,158688,10,0,45,0,-1,1,0,0,1
36619,0,46,132919,9,0,12,1,-1,0,0,0,1
40364,1,50,224207,13,0,40,1,-1,1,0,1,0
25035,1,36,203836,10,0,50,0,-1,1,0,0,1
24598,1,25,259299,10,3103,50,1,-1,0,1,0,1
32620,1,30,169269,7,0,38,0,-1,1,0,0,1
38336,1,37,175185,7,0,40,0,-1,1,0,0,1
22332,1,40,48087,9,7298,45,1,-1,0,0,1,1
39122,1,32,228873,7,7298,60,1,-1,0,1,1,1
850,0,61,99784,14,0,40,1,-1,1,0,1,1
17079,0,36,272090,13,0,45,0,-1,1,1,0,1
33943,1,22,208946,12,0,30,0,-1,0,1,0,1
17758,0,29,163003,13,2202,40,0,-1,1,0,1,1
43548,0,61,149648,7,0,40,0,-1,1,0,0,1
41866,1,38,298539,9,0,50,0,-1,1,1,0,1
39566,1,35,278553,13,0,38,0,-1,1,1,1,0
36511,0,33,184178,12,0,35,0,-1,1,0,0,1
14200,1,59,95165,16,0,40,0,-1,0,0,1,0
11401,1,26,330263,9,0,40,0,-1,1,1,0,1
43440,0,56,19896,10,0,60,1,-1,0,0,0,1
25789,0,31,124569,10,0,40,1,-1,1,0,0,1
15908,0,39,99357,14,1506,40,0,-1,1,0,0,1
314,1,22,199698,10,0,15,0,-1,1,1,0,1
47674,1,18,157193,8,0,30,0,-1,1,1,0,1
21092,1,55,196126,13,0,40,0,-1,1,0,1,0
17926,1,46,238648,9,7298,40,1,-1,0,0,1,1
26079,1,79,183686,13,0,20,1,-1,0,0,1,0
30026,1,44,147265,14,0,40,1,-1,1,0,1,0
24631,0,45,328051,14,0,60,0,-1,1,1,0,1
1226,1,36,354078,13,0,60,1,-1,0,1,1,0
40208,0,38,102478,9,0,40,0,-1,1,0,0,1
41312,1,34,192900,10,0,35,0,-1,1,0,0,1
19443,0,27,133929,13,0,36,0,-1,1,0,0,1
30068,0,33,369386,10,5178,40,1,-1,0,1,0,1
29198,1,21,265356,10,0,40,0,-1,1,1,0,1
35937,0,18,83451,9,0,25,0,-1,1,0,0,1
16541,1,73,102510,4,6418,99,1,-1,0,0,1,1
11024,1,19,344414,10,0,40,0,-1,1,1,0,1
7949,1,28,214689,7,0,40,0,-1,1,1,0,1
19590,1,31,94235,13,0,46,0,-1,1,0,1,0
8478,1,38,227615,2,0,40,0,-1,0,1,0,1
24876,1,60,121319,4,3137,40,0,-1,0,0,0,1
10398,0,37,114765,10,0,40,0,-1,1,0,0,1
16239,1,38,196123,9,0,50,0,-1,1,0,0,1
10723,1,27,501172,3,0,40,0,-1,0,1,0,1
19546,1,51,166934,9,0,40,1,-1,1,0,0,1
28780,1,23,308498,10,0,15,0,-1,1,1,0,1
38721,1,33,65018,14,0,20,0,-1,0,0,0,0
20705,1,54,129432,13,15024,40,1,-1,0,0,1,0
12261,1,37,174308,9,0,40,0,-1,1,0,0,1
3003,0,33,112584,10,0,25,0,-1,1,0,0,1
33534,1,53,56213,10,0,45,1,-1,1,0,0,1
34448,1,51,88020,13,0,40,0,-1,1,0,1,0
11823,0,45,305739,10,0,40,0,-1,1,1,0,1
17447,0,26,292303,9,0,40,0,-1,1,1,0,1
7427,1,36,199739,9,7298,60,1,-1,0,0,1,1
7568,1,32,170108,9,0,50,0,-1,1,0,0,1
29065,1,36,148581,9,0,55,1,-1,1,0,0,1
2098,1,52,266529,10,0,45,1,-1,1,0,0,1
6699,0,25,120041,13,0,40,0,-1,1,0,0,1
6067,0,42,180032,14,0,40,0,-1,1,0,0,1
14625,1,35,216256,5,0,50,0,-1,0,1,0,1
40888,1,49,77404,10,0,44,1,-1,1,0,0,1
10153,1,39,112158,10,0,26,0,-1,1,0,0,1
12498,0,40,205987,15,0,40,0,-1,1,0,0,1
24994,1,52,270728,4,0,48,0,-1,0,0,0,1
8763,1,24,32732,9,0,50,0,-1,0,0,0,1
48080,1,59,190997,6,0,36,0,-1,1,0,0,1
17394,0,31,309974,10,0,40,0,-1,1,1,0,1
40899,1,19,239862,10,0,40,0,-1,1,1,0,1
26263,1,45,20534,10,0,84,1,-1,0,0,1,0
16437,1,52,178983,16,0,40,1,-1,0,0,1,0
26419,0,21,177420,10,0,40,0,-1,1,1,0,1
7212,1,27,233421,10,0,20,0,-1,1,1,0,1
32790,1,39,149347,14,0,40,1,-1,1,0,1,0
28868,0,25,288519,13,0,40,0,-1,1,1,0,1
11275,1,48,186539,10,0,40,0,-1,1,0,0,1
16730,0,63,113756,9,0,40,0,-1,1,0,0,1
16064,1,20,133061,5,0,40,0,-1,0,1,0,1
13131,1,20,58740,10,0,15,0,-1,1,0,0,1
44135,1,43,37869,13,0,40,1,-1,1,0,1,0
43220,1,30,198091,9,0,44,0,-1,1,1,0,1
949,1,44,325159,10,0,40,0,-1,1,1,0,1
48265,0,18,86150,9,0,15,0,-1,1,0,0,1
44048,1,64,208862,7,0,15,0,-1,0,0,0,1
6536,1,26,177482,12,0,45,1,-1,1,1,1,0
24114,1,26,37023,10,0,78,0,-1,0,0,1,0
11832,1,47,328216,10,7298,40,1,-1,0,1,1,1
18592,0,30,166961,10,0,20,1,-1,1,0,0,1
28983,1,67,111321,13,0,16,0,-1,0,0,1,0
26257,1,22,33087,9,0,45,0,-1,1,0,0,1
30115,1,22,313873,7,0,30,0,-1,0,1,0,1
34423,1,57,239486,10,7688,45,1,-1,0,0,1,1
21048,1,40,222756,10,0,40,1,-1,1,0,0,1
25300,1,54,182314,16,0,50,1,-1,0,0,1,0
22690,0,34,177596,11,0,40,1,-1,1,0,0,1
29597,1,47,359461,13,0,40,0,-1,0,1,1,0
42919,1,32,418617,13,0,55,0,-1,0,1,1,0
19292,1,17,95446,6,0,15,0,-1,1,0,0,1
20697,1,49,115784,10,0,40,0,-1,1,0,0,1
24190,1,61,186451,15,0,40,1,-1,0,0,1,0
2893,0,21,108670,9,0,40,0,-1,1,0,0,1
24414,0,53,182855,6,0,48,0,-1,0,0,0,1
24787,1,34,199934,10,7298,40,1,-1,0,1,1,1
17555,0,48,98719,9,0,44,0,-1,1,0,0,1
26747,0,28,175987,9,0,40,0,-1,1,1,0,1
22049,1,56,232139,9,0,40,0,-1,1,0,0,1
47536,1,49,181970,13,0,40,0,-1,1,0,1,0
40962,1,49,90907,10,0,40,1,-1,1,0,0,1
46183,1,41,606347,4,0,40,0,-1,0,1,0,1
30214,0,23,129767,10,0,40,0,-1,1,0,0,1
842,1,51,146813,10,0,40,1,-1,1,0,0,1
29380,1,47,84790,10,0,40,0,-1,1,0,0,1
31325,1,42,152676,9,0,40,0,-1,1,0,0,1
38234,0,48,198000,13,0,38,1,-1,1,0,0,1
44973,1,52,261198,9,0,40,0,-1,1,0,0,1
24121,1,61,204908,5,0,40,0,-1,0,0,0,1
46640,0,28,113922,9,0,17,0,-1,1,0,0,1
29096,1,43,180599,15,15024,60,1,-1,0,0,1,0
6129,1,30,108023,10,0,40,0,-1,1,0,0,1
24039,0,39,218249,10,0,37,0,-1,1,0,0,1
44093,0,20,129240,10,0,30,0,-1,1,1,0,1
10520,1,46,139268,14,0,45,1,-1,1,0,1,0
3184,0,54,93415,13,0,40,1,-1,1,0,1,1
15789,0,46,207301,9,0,37,0,-1,1,0,0,1
16423,1,51,282744,13,0,40,0,-1,0,1,1,0
20856,0,52,72743,9,0,50,0,-1,1,0,0,1
15671,1,38,104280,16,0,55,1,-1,0,0,1,0
36729,1,38,349951,9,4508,55,0,-1,0,1,0,1
30477,0,47,162494,10,0,45,1,-1,1,0,0,1
18046,0,32,328060,5,0,40,0,-1,0,1,0,1
40349,1,29,192237,10,0,40,0,-1,1,1,0,1
3265,1,30,186269,13,0,40,0,-1,1,1,1,0
38184,1,42,344624,16,0,99,1,-1,0,1,1,0
17224,0,36,84848,9,0,16,0,-1,0,0,0,1
10746,1,54,146574,9,0,40,1,-1,1,0,0,1
7650,1,23,215395,9,0,40,0,-1,1,1,0,1
5152,1,27,109001,10,0,49,0,-1,1,0,0,1
35214,1,45,30690,4,0,10,0,-1,0,0,0,1
6943,1,46,106255,10,0,40,0,-1,1,0,0,1
27671,0,45,380127,13,0,40,0,-1,0,1,0,1
13713,0,18,127827,8,0,25,0,-1,1,1,0,1
30474,0,42,215219,7,0,30,0,-1,0,0,0,1
43675,0,36,953588,7,0,40,0,-1,0,1,0,1
25659,1,41,138975,13,7688,45,1,-1,0,0,1,0
23933,0,33,192286,10,0,52,0,-1,1,1,0,1
34295,1,21,123868,10,0,40,0,-1,1,0,0,1
16947,1,41,206948,13,0,40,1,-1,1,0,1,0
11306,1,40,145504,9,0,40,0,-1,1,0,0,1
48065,1,37,504871,10,0,40,0,-1,0,1,0,1
8407,1,19,70982,11,0,16,0,-1,1,0,0,1
6100,1,54,339667,9,0,41,0,-1,1,1,0,1
14857,1,41,262038,3,0,35,0,-1,0,1,0,1
23593,1,44,152150,12,0,40,0,-1,1,0,1,0
37753,0,41,92717,10,0,40,0,-1,1,0,0,1
40235,1,31,124483,14,0,60,1,-1,1,0,1,0
19530,1,64,50171,9,0,10,0,-1,0,0,0,1
18513,0,17,19752,7,0,25,0,-1,0,0,0,1
19707,1,45,246431,13,0,30,0,-1,0,0,1,0
26453,0,41,207375,9,0,50,0,-1,1,0,0,1
42625,1,35,161496,10,0,50,0,-1,1,0,0,1
39636,1,46,340651,13,0,60,1,-1,1,1,1,0
2726,1,30,68330,13,0,40,1,-1,1,0,1,0
144,1,70,105376,10,0,40,0,-1,0,0,0,1
6684,0,35,267891,9,0,38,0,-1,1,1,0,1
14977,0,28,197932,10,0,16,0,-1,1,1,0,1
15209,1,49,39986,5,0,40,0,-1,0,0,0,1
24069,1,39,278557,11,0,48,0,-1,1,1,0,0
11427,1,19,299050,7,0,60,0,-1,0,1,0,1
20392,0,52,194788,14,4787,60,1,-1,0,0,1,1
30410,0,32,100135,13,0,35,1,-1,1,0,0,1
35293,1,32,159322,10,0,80,0,-1,0,0,1,0
20636,0,37,76767,15,0,39,1,-1,1,0,0,1
40666,0,45,72393,13,0,38,0,-1,1,0,0,1
13557,1,39,192614,9,0,56,0,-1,1,0,0,1
8844,1,34,56121,7,0,40,0,-1,1,0,0,1
20124,1,45,81487,10,0,40,1,-1,1,0,0,1
3829,1,24,123983,7,0,40,0,-1,1,0,0,1
37838,1,32,72591,9,0,40,0,-1,1,0,0,1
42167,0,31,93326,10,0,40,0,-1,1,0,0,1
47993,0,37,328301,10,4934,60,1,-1,0,1,0,1
26977,0,18,389147,9,0,30,0,-1,0,1,0,1
9985,0,24,185821,10,0,40,0,-1,1,1,0,1
30231,1,46,192323,9,0,40,0,0,1,0,0,1
2441,1,61,355645,5,0,20,0,-1,0,1,0,1
29554,0,19,135162,10,0,10,0,-1,0,1,0,1
564,1,52,334273,13,0,60,1,-1,0,1,1,0
7762,1,25,102460,13,0,40,0,-1,1,0,1,0
48023,1,38,455379,8,0,56,1,-1,0,1,0,1
19841,0,21,211601,10,0,40,0,-1,1,1,0,1
501,1,62,114060,9,0,40,0,-1,1,0,0,1
27741,1,41,191814,9,0,40,0,-1,1,0,0,1
28616,1,23,117767,9,0,35,0,-1,1,0,0,1
40207,1,37,287031,14,0,50,1,-1,0,1,1,0
46395,0,41,182217,10,0,30,0,-1,1,0,0,1
14577,1,57,200316,10,0,40,1,-1,1,0,0,1
32090,1,42,138162,10,0,40,0,-1,1,0,0,1
34799,1,24,354351,13,0,40,0,-1,0,1,0,0
22489,1,39,37314,14,0,50,1,-1,1,0,1,0
18378,1,66,182470,15,0,25,1,-1,0,0,1,0
31581,1,51,170086,13,0,45,1,-1,1,0,1,0
35957,1,66,74263,9,0,86,1,-1,0,0,1,0
15529,0,33,160776,11,0,40,0,-1,1,0,0,1
5975,0,24,203518,13,0,40,0,-1,1,1,0,1
36016,0,42,188465,9,0,25,0,-1,1,0,0,1
35311,1,54,99208,1,0,16,0,-1,0,0,0,1
21920,1,52,282674,9,0,40,1,-1,1,0,0,1
32621,0,38,34744,10,0,38,0,-1,1,0,0,1
24641,0,49,98010,13,0,50,0,-1,1,0,0,1
31000,1,46,165138,11,0,40,0,-1,1,0,0,1
1792,0,47,178309,5,0,50,0,-1,0,0,0,1
27972,0,19,210308,10,0,15,0,-1,1,1,0,1
31427,0,32,46691,13,0,40,0,-1,1,0,0,1
20894,1,29,104423,10,4386,45,1,-1,0,0,0,1
10445,1,38,49020,9,0,40,0,-1,1,0,0,1
15650,1,27,70657,10,0,35,0,-1,1,0,0,1
12623,1,44,427952,13,0,40,0,-1,0,1,0,0
664,0,20,81145,10,0,25,0,-1,1,0,0,1
4086,1,23,449432,10,0,40,0,-1,1,1,0,1
10592,0,20,301199,10,0,24,0,-1,1,1,0,1
42349,0,39,186719,10,0,25,0,-1,1,0,0,1
1566,1,29,111900,10,0,40,0,-1,1,0,0,1
22328,1,34,112115,15,0,55,1,-1,0,0,1,0
42705,1,43,210013,10,0,50,1,-1,1,0,0,1
35020,1,24,300275,9,0,40,0,-1,1,1,0,1
43655,1,39,183081,14,0,60,1,-1,0,0,1,0
44573,1,26,384276,10,0,60,1,-1,0,1,0,1
11487,1,47,272182,10,0,40,0,-1,1,1,0,1
5794,1,27,224421,10,0,40,0,-1,1,1,0,1
10463,1,48,177018,14,0,50,1,-1,1,0,1,0
5308,1,32,183356,9,0,40,0,1,1,0,0,1
11499,1,79,142370,15,0,10,0,-1,0,0,1,0
11466,1,33,54782,13,0,42,0,-1,1,0,1,0
30710,1,24,375313,10,0,40,0,-1,1,1,0,1
24758,1,61,202106,9,0,40,1,-1,1,0,0,1
20630,0,40,202872,10,0,24,0,-1,1,0,0,1
39704,1,36,33157,10,0,50,1,-1,1,0,0,1
43093,1,71,94358,9,0,6,0,-1,0,0,0,1
27017,0,26,176008,9,0,40,0,-1,1,1,0,1
45705,0,58,36091,14,0,40,0,-1,1,0,1,1
33512,0,46,165346,14,0,8,0,-1,0,0,0,1
40804,0,33,174215,13,0,55,1,-1,1,0,0,1
34382,1,18,191817,7,0,20,0,-1,1,1,0,1
2494,1,38,258761,9,0,50,0,-1,1,1,0,1
23015,1,21,296158,6,0,25,0,-1,0,1,0,1
28474,0,40,59460,10,0,38,0,-1,1,0,0,1
23186,1,33,246038,13,0,40,1,-1,1,1,1,0
15938,1,58,141165,9,0,50,0,-1,1,0,0,1
16841,1,32,286689,12,0,42,1,-1,1,1,1,0
27622,0,32,114746,9,0,60,0,-1,1,0,0,1
37850,0,38,233571,10,0,40,1,-1,1,1,0,1
41072,1,36,305935,9,0,40,0,-1,1,1,0,1
27325,0,22,187052,7,0,30,0,-1,0,1,0,1
42558,1,40,32185,9,0,44,0,-1,1,0,0,1
26789,1,32,513416,14,0,10,0,-1,0,1,0,1
17050,1,37,176967,10,0,50,1,-1,1,0,0,1
5762,1,46,137354,14,0,40,1,-1,1,0,1,0
9846,1,47,285060,14,0,41,1,-1,1,1,1,0
31397,1,54,229272,9,0,40,1,-1,1,0,0,1
28848,1,46,188325,9,0,40,0,0,1,0,0,1
11671,1,20,146879,9,0,40,0,-1,1,1,0,1
30246,1,32,193260,10,0,40,0,-1,1,1,0,1
40832,1,31,157568,10,0,40,0,-1,1,0,0,1
27847,1,52,68982,13,0,50,1,-1,1,0,1,0
37898,1,28,79874,10,0,37,0,-1,1,0,0,1
31800,0,20,344394,10,0,30,0,-1,1,1,0,1
399,1,52,132178,13,0,50,1,-1,1,0,1,0
17566,0,20,238685,7,0,40,0,-1,1,1,0,1
14355,1,52,31533,9,0,40,0,-1,1,0,0,1
36031,1,31,111567,9,0,50,1,-1,1,0,0,1
33788,1,44,64632,13,0,55,0,-1,1,0,1,0
10636,1,27,206889,12,0,40,0,-1,1,1,1,0
34437,1,46,169711,10,0,40,1,-1,1,0,0,1
31434,1,67,261203,4,0,35,0,-1,0,0,0,1
44307,1,39,497525,6,0,40,0,-1,0,1,0,1
32677,1,32,149573,12,0,40,0,-1,1,0,1,0
11797,1,38,167725,13,0,84,0,-1,0,0,1,0
27879,0,40,202872,9,0,40,1,-1,1,0,0,1
46860,0,20,374116,7,0,40,0,-1,0,1,0,1
23287,0,52,194259,4,0,50,0,-1,0,0,0,1
15526,0,28,191088,13,0,40,1,-1,1,1,0,1
46918,1,26,414916,9,0,40,0,-1,1,1,0,1
16123,1,51,101722,4,3908,47,0,-1,0,0,0,1
22711,1,58,53481,14,0,35,0,-1,1,0,1,0
6954,0,60,230545,4,0,35,0,-1,0,0,0,1
29681,1,32,379412,11,0,40,0,-1,1,1,0,1
27373,0,20,232022,10,0,40,0,-1,1,1,0,1
41134,0,21,132247,10,0,35,0,-1,1,1,0,1
16166,1,18,205894,7,0,15,0,-1,1,1,0,1
1941,1,56,31782,6,0,40,0,-1,0,0,0,1
26595,1,50,100480,14,0,60,1,-1,0,0,1,0
43074,1,22,124971,9,0,45,0,-1,1,0,0,1
2554,1,36,49626,9,0,40,0,-1,1,0,0,1
21877,1,59,165315,13,99999,43,1,-1,0,0,1,0
8370,1,24,153082,9,0,30,0,-1,1,1,0,1
46890,1,42,123838,13,0,60,1,-1,1,0,1,0
32674,1,37,123361,13,0,50,1,-1,1,0,1,0
18148,1,34,137814,10,0,45,0,-1,1,0,0,1
20442,0,55,148590,6,0,40,0,-1,1,0,0,1
167,1,46,102628,14,0,40,0,-1,1,0,1,0
46530,1,60,116746,6,0,40,0,-1,0,0,0,1
4740,1,55,110871,13,0,40,0,-1,1,0,1,0
18087,1,18,111476,7,0,40,0,-1,1,0,0,1
39053,1,35,150057,9,4386,48,0,-1,0,0,1,1
28915,1,33,194901,13,0,40,1,-1,1,1,1,0
41383,1,32,236861,12,0,45,1,-1,1,1,1,0
42786,1,44,271756,9,0,40,1,-1,1,1,0,1
45895,0,22,372898,10,0,20,0,-1,1,1,0,1
43588,1,38,230329,9,0,48,0,-1,1,1,0,1
32197,0,34,213307,9,7443,35,0,-1,0,1,0,1
5266,1,35,113322,11,0,40,0,-1,1,0,0,1
29589,0,47,358465,10,0,40,0,-1,1,1,0,1
1219,1,38,200818,15,0,40,1,-1,1,0,1,0
35071,1,55,248841,9,0,45,1,-1,1,0,0,1
32908,0,18,352640,10,0,20,0,-1,0,1,0,1
45627,0,52,76081,13,0,40,0,-1,1,0,1,1
27064,0,46,169953,10,0,40,0,-1,1,0,0,1
3401,1,66,190324,9,0,18,0,-1,0,0,0,1
15578,1,58,115605,14,0,50,1,-1,0,0,1,0
4844,1,34,253438,10,0,60,1,-1,1,1,0,1
31049,1,45,181307,15,15024,43,1,-1,0,0,1,0
43033,1,46,141058,9,7298,40,1,-1,0,0,1,1
11250,0,18,329054,7,0,15,0,-1,0,1,0,1
33438,1,44,120277,15,99999,60,1,-1,0,0,1,0
4962,0,44,402397,14,0,60,1,-1,0,1,0,1
33842,0,40,285000,13,0,40,0,-1,1,1,0,1
2191,0,22,355686,10,0,40,0,-1,1,1,0,1
14474,1,32,206609,9,0,40,0,1,1,1,0,1
22172,1,22,162667,9,0,50,0,-1,1,1,0,1
32759,1,24,102258,13,0,40,0,-1,1,0,1,0
36614,1,46,32290,10,0,40,0,-1,1,0,0,1
8617,1,30,219110,9,0,46,0,-1,1,1,0,1
44133,1,40,277647,10,0,35,1,-1,1,1,0,1
40939,1,34,117963,5,0,45,0,-1,1,0,0,1
3939,1,28,37215,13,0,45,0,-1,1,0,1,0
23905,1,64,105748,9,0,40,0,-1,1,0,0,1
2982,1,43,175485,10,0,40,0,-1,1,0,0,1
29386,0,21,108687,10,0,40,0,-1,1,0,0,1
7155,1,54,94055,13,0,40,0,-1,1,0,1,0
41482,1,51,25932,11,0,99,1,-1,0,0,1,0
43770,1,36,558344,9,0,48,0,-1,0,1,0,1
26161,1,24,216469,9,0,50,0,-1,1,1,0,1
16339,1,24,77665,9,0,42,0,-1,1,0,0,1
23204,0,19,307496,10,0,23,0,-1,1,1,0,1
45439,1,20,168165,10,0,40,0,-1,1,1,0,1
36554,1,38,218015,10,0,48,1,-1,1,1,0,1
17484,0,37,253420,9,0,25,0,-1,0,1,0,1
23292,1,30,19302,10,7688,40,1,-1,0,0,1,1
8037,0,30,205659,12,0,50,1,-1,1,1,0,1
43928,1,32,264554,10,0,40,1,-1,1,1,0,1
32399,1,69,174379,9,0,30,0,-1,0,0,0,1
39152,0,45,132847,13,0,50,0,-1,1,0,0,1
4775,1,28,200819,4,0,84,0,-1,0,1,1,1
16507,0,18,96483,9,0,20,0,-1,1,0,0,1
31712,1,41,117585,9,0,40,1,-1,1,0,0,1
5528,1,25,49092,13,0,40,0,-1,1,0,1,0
38037,1,51,200450,9,0,40,1,-1,1,0,0,1
34653,1,48,97470,10,0,40,1,-1,1,0,0,1
19234,1,39,315640,13,0,60,0,-1,0,1,1,0
39421,1,61,244261,9,0,40,0,-1,1,0,0,1
26896,1,53,134854,11,0,40,1,-1,1,0,0,1
29359,1,25,363707,9,0,40,0,-1,1,1,0,1
32950,1,41,253250,13,7298,40,1,-1,0,1,1,0
22989,0,21,145651,10,0,12,0,-1,1,1,0,1
14854,1,59,186308,14,0,50,0,-1,0,0,1,0
6802,0,55,308373,10,0,40,1,-1,1,1,0,1
13466,1,22,151991,10,0,20,0,-1,1,1,0,1
43935,1,58,147098,15,15024,60,1,-1,0,0,1,0
12081,1,39,355468,9,0,46,1,-1,1,1,0,1
30144,1,43,48193,12,0,40,0,-1,1,0,1,0
46140,0,45,101825,10,5721,45,0,-1,0,0,0,1
42450,1,50,221495,13,0,40,0,-1,1,0,1,0
33022,1,62,153891,11,3137,40,0,-1,0,0,1,0
28844,0,34,222548,10,0,4,0,-1,0,1,0,1
31240,1,42,112607,9,0,50,0,-1,1,0,0,1
33554,1,55,135339,13,0,40,1,-1,1,0,1,0
38127,0,36,327435,10,0,40,0,-1,1,1,0,1
18841,0,47,151087,9,0,40,0,-1,1,0,0,1
9618,0,18,238401,10,0,25,0,-1,1,1,0,1
10311,1,27,156266,5,0,40,0,-1,1,0,0,1
19735,0,23,193090,13,0,30,0,-1,1,1,0,1
32731,1,22,213291,12,0,25,0,-1,0,1,0,1
9134,1,23,235894,7,0,55,0,-1,0,1,0,1
11986,0,67,64148,10,0,41,0,-1,1,0,0,1
45598,0,20,253612,9,0,30,0,-1,1,1,0,1
45609,1,19,134252,10,0,15,0,-1,1,1,0,1
39981,0,24,118792,10,0,12,0,-1,1,0,0,1
48176,1,24,194848,13,0,40,0,-1,1,1,1,0
33047,1,20,190968,4,0,20,0,-1,0,1,0,1
30639,1,46,172822,9,0,40,0,0,1,0,0,1
28789,1,49,99335,10,0,50,0,-1,1,0,0,1
45854,1,32,208761,9,0,60,0,-1,1,1,1,1
27770,0,47,204900,9,0,40,0,-1,1,0,0,1
5854,0,64,256019,14,0,35,0,-1,0,0,0,1
30726,1,34,340880,9,0,60,1,-1,0,1,0,1
36807,1,40,163628,11,0,40,0,-1,1,0,0,1
43640,0,52,103995,9,0,40,0,-1,1,0,0,1
22317,1,36,336367,12,0,50,0,-1,0,1,1,0
38776,1,37,141584,12,0,47,0,-1,1,0,1,0
3885,1,46,32825,9,0,40,0,-1,1,0,0,1
3227,1,39,129597,13,3464,40,0,-1,0,0,1,0
6994,0,22,227994,10,0,39,0,-1,1,1,0,1
25928,1,57,125000,15,0,35,1,-1,1,0,1,0
36136,0,38,101387,9,0,43,0,-1,1,0,0,1
1824,1,51,158948,9,0,84,1,-1,0,0,1,0
46244,0,42,111468,9,3325,40,0,-1,1,0,0,1
34232,1,49,106207,13,0,40,0,-1,1,0,1,0
30030,1,34,106761,13,0,45,1,-1,1,0,1,0
14552,1,42,177937,13,0,45,0,-1,1,0,1,0
42812,1,26,331806,9,0,37,0,-1,1,1,0,1
40868,1,36,186934,9,0,50,1,-1,1,0,0,1
1900,1,29,149943,10,0,40,0,-1,1,0,0,1
17937,1,60,282066,13,0,45,1,-1,0,0,1,0
41686,1,45,107231,9,0,55,0,-1,1,0,0,1
47164,1,58,32367,10,0,40,0,-1,1,0,0,1
38394,1,52,180949,10,0,30,0,-1,1,0,0,1
26358,0,17,72321,7,0,12,0,-1,0,0,0,1
45504,1,59,43103,10,0,40,0,-1,1,0,0,1
47214,0,40,235523,9,0,40,0,-1,1,1,0,1
41672,1,49,95636,6,0,40,0,-1,0,0,0,1
46736,0,20,259301,10,0,35,0,-1,1,1,0,1
12915,1,37,117760,11,4650,40,0,-1,0,0,1,1
22646,0,35,90406,7,0,40,0,-1,1,0,0,1
24224,1,28,31493,13,0,40,1,-1,1,0,1,0
2116,1,37,35330,9,0,55,0,-1,0,0,0,1
2084,0,28,308493,9,0,17,0,-1,0,1,0,1
19826,1,23,380281,12,0,25,0,-1,0,1,0,1
29342,0,28,171133,11,0,40,0,-1,1,1,0,1
45923,1,67,249043,10,6767,40,0,-1,0,0,1,0
5923,1,20,325493,9,0,40,0,-1,1,1,0,1
7356,1,42,166740,13,0,40,0,-1,1,0,1,0
24868,0,44,194049,10,0,35,0,-1,1,0,0,1
13431,0,33,122220,10,0,40,1,-1,1,0,0,1
10229,1,35,202027,10,0,60,0,-1,1,1,1,1
3940,0,49,371299,9,0,35,0,-1,0,1,0,1
19793,1,46,185847,9,0,54,0,-1,1,0,0,1
15044,0,23,368739,13,0,40,0,-1,0,1,0,1
6631,1,46,353824,12,0,40,0,-1,0,1,0,0
46850,0,29,120645,12,0,40,0,-1,1,0,0,1
31146,1,61,113080,5,0,58,1,-1,0,0,0,1
15780,0,51,87205,13,0,55,0,-1,1,0,0,1
38063,1,27,203697,14,0,50,0,-1,1,1,1,0
30476,1,63,331527,6,0,40,0,-1,0,0,0,1
41940,1,79,160758,4,0,15,0,-1,0,0,0,1
44579,0,29,197565,9,0,35,1,-1,1,1,0,1
46200,1,37,162834,10,0,40,0,-1,1,0,0,1
25314,1,43,117158,10,0,45,1,-1,1,0,0,1
33574,1,44,67874,10,0,50,0,-1,1,0,0,1
23264,1,19,158603,6,0,25,0,-1,1,1,0,1
9520,1,60,25141,10,0,60,0,-1,0,0,1,1
46706,1,29,425830,12,0,40,0,-1,0,1,0,1
30536,0,28,119287,13,15024,28,1,-1,0,0,1,1
8230,1,23,91189,13,0,20,0,-1,0,0,0,1
36753,1,41,116493,10,0,52,0,-1,1,0,0,1
41700,0,17,110916,7,0,10,0,-1,0,1,0,1
11309,1,42,126094,9,0,39,0,-1,1,0,0,1
609,0,17,169658,6,0,21,0,-1,1,1,0,1
30948,0,31,157886,10,0,40,0,-1,1,0,0,1
25695,0,70,163057,9,2009,40,0,-1,0,0,0,1
15607,0,84,132806,9,0,13,0,-1,0,0,0,1
6484,0,36,162256,9,0,40,0,-1,1,0,0,1
32466,0,47,174995,9,0,30,0,-1,1,0,0,1
3168,1,31,111567,13,0,70,1,-1,0,0,1,0
31946,1,58,250206,6,5178,40,1,-1,0,0,0,1
41000,0,23,215616,9,0,20,0,-1,1,1,0,1
7544,1,38,159179,15,0,45,1,-1,1,0,1,0
48211,0,26,143280,9,0,40,0,-1,1,0,0,1
27917,1,22,324922,9,0,50,0,-1,0,1,0,1
24803,0,47,374580,9,0,52,0,-1,0,1,0,1
47818,0,29,101108,9,0,15,0,-1,1,0,0,1
2514,1,29,490332,10,0,45,1,-1,0,1,0,1
5158,1,22,36011,11,0,30,0,-1,0,0,0,1
43174,0,32,19447,9,0,40,0,-1,1,0,0,1
2829,1,36,107302,14,0,60,1,-1,1,0,1,0
38919,0,56,106850,10,0,40,0,-1,1,0,0,1
41085,0,44,190531,13,0,35,0,-1,1,0,0,1
17011,0,48,245948,9,2174,40,0,-1,1,0,0,1
43771,1,18,131825,7,0,21,0,-1,1,1,0,1
35005,0,33,149902,10,0,40,0,-1,1,0,0,1
7337,1,37,538443,9,14344,40,1,-1,0,1,0,1
9620,0,62,26911,4,0,66,0,-1,0,0,0,1
23323,1,37,161141,9,0,40,0,-1,1,0,0,1
14023,1,27,183523,10,0,40,1,-1,1,1,0,1
31405,1,53,155594,13,0,40,1,-1,1,0,1,0
13294,1,47,255934,10,0,80,0,-1,0,0,1,0
16794,0,35,139770,9,6849,40,0,-1,0,0,0,1
34548,0,24,211968,13,0,40,0,-1,1,1,0,1
18111,0,42,119359,15,15024,40,1,-1,0,0,1,1
48261,0,23,113735,10,0,20,0,-1,1,0,0,1
27492,1,34,473133,9,0,60,0,-1,0,1,0,1
18701,0,34,226629,9,0,40,0,-1,1,1,0,1
9452,1,47,464945,9,0,45,0,-1,0,1,0,1
43278,1,38,312232,13,0,55,1,-1,1,1,1,0
10351,1,38,222450,10,0,40,0,-1,1,1,0,1
14421,1,38,40077,9,0,50,1,-1,1,0,0,1
33131,0,28,191088,13,2354,60,0,-1,0,1,0,1
31108,0,25,137296,12,0,38,0,-1,1,0,0,1
23656,1,40,75313,13,7688,66,1,-1,0,0,1,0
853,0,26,96467,13,0,40,0,-1,1,0,0,1
13097,1,28,154863,13,0,35,0,-1,1,0,1,0
36064,0,34,176244,9,0,40,0,-1,1,0,0,1
26577,0,23,210474,10,0,20,0,-1,1,1,0,1
33462,1,39,42478,13,0,40,0,-1,1,0,1,0
10587,1,42,204450,9,0,40,0,-1,1,0,0,1
33494,1,30,157990,9,0,40,0,-1,1,0,0,1
884,0,33,258498,10,0,60,0,-1,0,1,0,1
22708,0,61,26254,9,0,40,0,-1,1,0,0,1
29626,1,32,112650,9,0,40,0,-1,1,0,0,1
34219,1,29,328981,9,0,40,0,-1,1,1,0,1
7180,1,37,218184,13,0,40,1,-1,1,1,1,0
27756,1,57,188877,5,0,40,0,-1,1,0,0,1
10849,1,51,123011,13,0,50,1,-1,1,0,1,0
31939,0,36,54229,12,0,37,0,-1,1,0,0,1
19602,0,43,96483,9,0,40,0,-1,1,0,0,1
9733,1,47,114754,9,0,40,0,-1,1,0,0,1
8675,1,33,196385,14,0,37,1,-1,1,1,1,0
17023,1,53,104879,9,0,40,1,-1,1,0,0,1
23242,0,17,806316,7,0,20,0,-1,0,1,0,1
39705,1,45,187563,9,5013,45,0,-1,0,0,1,1
37349,0,33,109920,13,0,40,0,-1,1,0,0,1
40685,1,42,214781,13,0,38,0,-1,1,0,1,0
5994,1,52,99307,12,3103,48,1,-1,0,0,1,0
37908,1,38,402522,2,0,40,0,-1,0,1,0,1
24986,1,32,388672,10,0,16,0,-1,0,1,0,1
37543,0,53,255927,13,0,52,0,-1,0,0,0,1
3919,0,22,73203,9,0,40,0,-1,1,0,0,1
43343,1,61,149855,4,0,70,0,-1,0,0,0,1
7497,0,33,121966,9,0,40,0,-1,1,0,0,1
31292,0,46,327786,11,3325,42,0,-1,0,1,0,1
15509,0,34,200192,10,0,40,0,-1,1,1,0,1
40075,0,22,175586,9,0,20,0,-1,1,1,0,1
31319,0,26,491862,11,0,40,0,-1,0,1,0,1
19819,1,26,314798,9,0,50,0,-1,0,1,0,1
1584,1,48,65535,9,0,50,0,-1,1,0,0,1
14981,0,19,211553,10,0,35,0,-1,1,1,0,1
46049,0,34,228386,9,0,70,0,-1,0,1,0,1
22543,1,40,153031,14,7298,35,1,-1,0,0,1,0
32730,1,19,164339,9,1055,70,0,-1,0,1,1,1
35837,0,55,97197,10,0,50,0,-1,1,0,0,1
30196,0,32,147215,13,0,55,1,-1,1,0,0,1
42713,0,23,131699,10,0,14,0,-1,1,0,0,1
27058,1,44,247880,11,8614,40,1,-1,0,1,1,1
30570,1,36,126569,9,0,45,1,-1,1,0,0,1
33985,0,23,197286,13,0,40,0,-1,1,1,0,1
1388,1,19,194095,10,0,40,0,-1,1,1,0,1
19105,1,27,213421,15,0,50,0,-1,0,1,1,0
25982,1,34,35595,13,0,30,0,-1,0,0,1,0
12829,1,30,340917,14,15024,60,1,-1,0,1,1,0
16332,0,23,199915,13,0,35,0,-1,1,1,0,1
19486,1,53,145419,2,7688,67,1,-1,0,0,0,1
24588,0,21,197050,10,0,35,0,-1,1,1,0,1
34402,0,32,101345,14,0,40,0,-1,1,0,0,1
36423,1,36,31023,14,0,50,1,-1,0,0,1,0
34641,1,25,232938,10,0,40,0,-1,1,1,0,1
13709,1,27,263552,9,0,50,0,-1,1,1,0,1
12967,1,39,203070,11,0,49,0,-1,1,0,0,1
7168,0,22,62865,12,0,40,0,-1,1,0,0,1
39340,0,58,32954,10,0,40,0,-1,1,0,0,1
15681,1,28,201186,9,99999,40,1,-1,-1,1,1,0
28126,1,57,287229,9,0,48,1,-1,0,0,0,1
22177,0,30,203258,9,0,35,0,-1,1,1,0,1
21479,1,27,128730,11,10520,65,1,-1,0,0,1,1
8807,1,69,169717,13,6418,45,1,-1,0,0,1,0
35682,0,35,123939,9,0,40,0,-1,1,0,0,1
1282,1,65,36039,9,0,40,1,-1,1,0,0,1
15217,1,51,90363,10,15024,40,1,-1,0,0,1,0
8869,0,23,40021,10,0,70,0,-1,0,0,0,1
35680,1,29,51260,9,0,40,0,-1,1,0,0,1
11416,1,41,120277,13,0,40,0,-1,1,0,1,0
30625,1,31,190228,14,0,45,0,-1,1,1,1,0
35649,1,46,60751,11,0,40,1,-1,1,0,0,1
45085,0,38,212143,10,0,35,1,-1,1,0,0,1
23751,0,22,201569,13,0,20,0,-1,0,1,0,1
41472,0,34,85632,10,0,40,1,-1,1,0,0,1
672,1,17,368700,7,0,10,0,-1,0,1,0,1
3610,0,45,177543,9,0,50,0,-1,1,0,0,1
33194,1,54,409173,9,0,50,1,-1,0,1,0,1
24539,0,42,236323,9,0,40,0,-1,1,1,0,1
24810,1,28,115438,13,0,40,0,-1,1,0,1,0
17922,1,26,279145,9,0,50,0,-1,1,1,0,1
9988,1,41,144995,14,0,55,0,-1,1,0,1,0
42798,0,25,64671,2,0,40,0,-1,0,0,0,1
38132,1,19,197057,10,0,30,0,-1,1,1,0,1
3714,1,44,286750,13,0,50,1,-1,1,1,1,0
30973,1,21,119665,10,0,35,0,-1,1,0,0,1
17846,0,48,224870,9,0,38,0,-1,1,0,0,1
3366,1,36,84306,13,5013,50,0,-1,0,0,1,0
33702,0,82,220667,4,0,40,0,-1,0,0,0,1
32960,0,22,119474,9,1055,25,0,-1,1,0,0,1
47760,1,62,99470,9,0,45,1,-1,1,0,0,1
46623,1,32,246282,16,2961,99,0,-1,0,1,1,0
10069,1,51,203015,9,0,40,0,-1,1,0,0,1
18747,0,90,115306,14,0,40,0,-1,0,0,0,1
41599,1,30,160594,13,0,50,0,-1,1,0,1,0
9828,0,32,191856,14,0,45,1,-1,1,1,0,1
34956,1,32,269355,10,5178,50,1,-1,0,1,1,1
13328,1,23,440456,13,0,40,0,-1,0,1,0,1
18683,1,34,143766,10,0,40,0,-1,1,0,0,1
24534,0,19,410543,9,0,40,0,-1,1,1,0,1
44527,0,32,189265,13,0,40,0,-1,1,1,0,1
12208,1,42,198316,14,0,40,1,-1,1,0,1,0
20841,0,35,452283,9,0,40,0,-1,1,1,0,1
28929,0,21,204425,10,0,20,0,-1,1,1,0,1
41592,1,20,181796,9,0,40,0,-1,1,1,0,1
40587,1,50,391016,12,0,50,0,-1,0,1,1,0
48022,0,59,190748,9,0,40,0,-1,1,0,0,1
22583,0,53,283602,14,15024,40,1,-1,0,0,1,1
10962,0,19,198668,4,0,40,0,-1,0,1,0,1
15143,0,42,143582,4,0,48,0,-1,0,0,0,1
25434,0,52,153751,5,0,30,0,-1,0,0,0,1
44119,0,48,369522,10,0,60,0,-1,0,1,0,1
20230,1,65,213477,14,0,28,0,-1,0,0,1,0
31827,1,44,188436,13,0,45,0,-1,1,0,1,0
17136,1,50,297906,10,0,50,1,-1,0,1,0,1
24775,0,39,333305,10,0,45,1,-1,1,1,0,1
28066,0,19,206599,9,0,40,0,-1,1,1,0,1
18392,1,43,88233,10,0,60,0,-1,0,0,0,1
30490,1,53,183973,7,0,48,1,-1,0,0,0,1
11808,1,25,156334,6,0,40,0,-1,1,1,0,1
26048,1,46,216164,9,0,40,0,-1,1,0,0,1
35695,1,34,223267,9,2829,78,0,-1,0,1,1,0
34037,1,44,178417,9,0,40,1,0,1,0,0,1
198,1,35,138992,14,7298,40,1,-1,0,0,1,0
45981,0,24,96844,10,0,20,0,-1,1,0,0,1
13062,1,37,52465,9,0,40,0,-1,1,0,0,1
30578,1,20,130840,6,0,40,0,-1,1,1,0,1
16812,0,49,216734,15,0,40,0,-1,1,0,0,1
22292,0,23,173945,13,0,27,0,-1,0,1,0,1
10393,1,59,200700,12,0,40,0,-1,1,0,1,0
44704,1,40,33795,11,0,40,0,-1,1,0,0,1
11790,1,23,34113,9,0,45,0,-1,1,0,0,1
37511,1,40,339814,10,0,40,1,-1,1,1,0,1
24698,0,57,24384,4,0,10,0,-1,0,0,0,1
7040,1,49,43479,10,0,40,0,-1,1,0,0,1
41512,1,58,156873,7,0,35,0,-1,1,0,0,1
34823,1,34,136331,9,0,60,0,-1,1,0,1,1
24428,0,29,177398,14,0,40,1,-1,1,1,0,1
13745,0,20,386643,10,0,40,0,-1,1,1,0,1
45632,1,34,51854,9,0,40,0,-1,1,0,0,1
7270,0,40,163215,13,0,40,0,-1,1,0,0,1
28323,1,57,127277,16,0,40,1,-1,0,0,1,0
13983,0,48,155372,9,0,36,0,-1,1,0,0,1
43901,1,33,41210,13,0,75,0,-1,0,0,1,0
9955,0,28,118861,6,0,48,0,-1,0,0,0,1
11605,1,40,145439,3,4064,40,0,-1,0,0,0,1
2740,1,38,236391,13,7688,40,1,-1,0,1,1,0
28188,1,53,208321,9,0,40,0,-1,1,0,0,1
26864,0,35,328301,12,0,40,0,-1,1,1,0,1
2710,1,50,92079,10,0,45,1,-1,1,0,0,1
44947,0,18,391257,10,0,16,0,-1,0,1,0,1
5369,1,43,86750,11,0,99,0,-1,0,0,1,0
21517,0,38,75024,4,0,40,0,-1,0,0,0,1
5146,0,41,59938,9,0,43,0,-1,1,0,0,1
28823,0,26,189238,5,0,38,0,-1,0,1,0,1
37478,1,30,80933,10,0,40,0,-1,1,0,0,1
19962,1,24,190015,9,0,40,0,-1,1,1,0,1
37413,0,21,37783,10,0,38,0,-1,1,0,0,1
681,1,37,161141,11,0,40,1,-1,1,0,0,1
8932,0,30,250499,10,0,55,1,-1,1,1,0,1
27851,1,33,85355,9,0,30,0,-1,1,0,0,1
39893,0,64,210464,14,0,40,0,-1,1,0,0,1
47256,0,67,132586,9,0,15,0,-1,0,0,0,1
16159,1,31,332379,9,0,40,0,-1,1,1,0,1
31915,0,50,240922,12,0,5,0,-1,0,0,0,1
3180,1,30,326104,9,0,40,1,-1,1,1,0,1
11500,1,24,173679,11,0,20,0,-1,1,1,0,1
34922,1,29,212588,13,0,53,0,-1,1,1,1,0
39547,1,32,226010,9,0,60,0,-1,1,1,0,1
46849,1,33,213722,9,0,35,0,-1,1,1,0,1
41927,0,62,394645,9,0,40,0,-1,0,1,0,1
37303,1,52,172511,14,0,36,0,-1,1,0,1,0
7220,0,58,136982,9,0,40,0,-1,1,0,0,1
39080,1,52,297906,16,0,40,1,-1,0,1,1,0
39731,1,37,119992,6,0,40,0,-1,1,0,0,1
37247,1,50,28765,14,0,40,1,-1,1,0,1,0
31451,1,51,289436,13,0,60,1,-1,0,1,1,0
28232,1,57,184553,9,0,50,1,-1,0,0,0,1
40357,1,36,68798,9,0,30,0,-1,1,0,0,1
17756,1,36,217926,12,0,50,0,-1,1,1,1,0
22848,1,58,97634,3,0,40,0,-1,0,0,0,1
32065,0,44,159960,10,0,40,0,-1,1,0,0,1
2705,0,40,218903,9,0,40,0,-1,1,0,0,1
42313,0,21,212213,12,0,40,0,-1,1,1,0,1
32011,0,58,99141,9,0,10,0,-1,0,0,0,1
29948,0,56,158752,14,0,50,0,-1,0,0,1,1
39444,1,55,72812,9,0,36,0,-1,1,0,0,1
11734,0,18,36251,6,0,15,0,-1,0,0,0,1
13904,0,49,94215,8,0,40,0,-1,1,0,0,1
12793,1,17,126771,8,0,7,0,-1,0,1,0,1
12216,1,73,92298,7,0,15,0,-1,0,0,0,1
5754,0,20,190457,9,0,30,0,-1,1,1,0,1
7852,1,50,69614,6,0,56,0,-1,0,0,0,1
3085,1,20,157145,10,0,10,0,-1,1,1,0,1
19741,1,47,192053,9,0,40,0,0,1,0,0,1
11402,1,46,247043,9,0,40,1,-1,1,0,0,1
2996,1,39,202950,13,0,45,0,-1,1,0,1,0
13964,0,29,87523,9,0,40,0,-1,1,0,0,1
32688,0,26,190873,6,0,40,0,-1,1,1,0,1
3863,1,54,22743,10,15024,60,1,-1,0,0,1,0
3780,1,33,131568,9,0,66,0,-1,1,0,1,1
48146,0,45,102288,10,0,40,0,-1,1,0,0,1
22281,1,28,69107,9,0,40,0,-1,1,0,0,1
25516,1,30,154950,13,0,72,1,-1,0,0,1,0
44549,0,48,101016,14,0,40,0,-1,1,0,1,1
36583,1,18,184502,7,0,30,0,-1,0,1,0,1
48241,1,27,202062,13,0,40,0,-1,1,1,1,0
5582,1,30,149184,13,0,45,1,-1,1,0,1,0
22105,1,38,40955,14,0,43,0,-1,1,0,1,0
25243,0,21,119474,9,0,40,0,-1,1,0,0,1
40261,1,27,132686,9,0,50,0,-1,1,0,0,1
10930,1,36,175232,9,5178,40,1,-1,0,0,1,1
40306,1,34,349148,10,0,63,0,-1,0,1,1,0
20458,1,38,119992,10,0,40,0,-1,1,0,0,1
45377,0,51,251346,5,0,38,0,-1,0,0,0,1
29854,0,33,393376,7,0,40,0,-1,0,1,0,1
48201,0,51,176608,9,0,40,0,-1,1,0,0,1
6211,1,34,316470,10,0,40,0,-1,1,1,0,1
24508,1,42,139126,10,0,40,1,-1,1,0,0,1
19828,1,55,209535,14,0,40,1,-1,1,0,1,0
35536,1,28,34452,11,0,50,0,-1,0,0,0,1
26565,1,22,385540,6,0,40,0,-1,0,1,0,1
13129,0,29,31935,9,0,40,0,-1,1,0,0,1
47157,1,46,187505,14,0,40,0,-1,1,0,1,0
36480,1,35,171062,13,0,40,0,-1,1,0,1,0
24586,1,37,120590,9,0,45,1,-1,1,0,0,1
25220,1,22,306593,9,0,40,0,-1,1,1,0,1
11863,1,40,214242,9,0,50,0,-1,1,0,0,1
37869,1,59,64102,6,0,40,0,-1,0,0,0,1
15423,0,24,133586,13,0,40,0,-1,1,0,0,1
35630,0,64,344014,10,0,40,0,-1,0,1,0,1
4326,1,63,149756,12,0,40,1,-1,0,0,1,0
15968,1,40,206066,9,0,50,0,-1,1,0,0,1
5042,1,30,296509,4,0,45,0,-1,0,1,0,1
20038,1,36,127772,13,0,40,0,-1,1,0,1,0
32397,1,17,165361,6,0,40,0,-1,1,1,0,1
45925,1,70,30772,4,0,40,0,-1,0,0,0,1
34885,0,51,67198,12,0,50,0,-1,1,0,0,1
10276,1,33,357954,9,0,35,0,-1,1,1,0,1
7673,1,27,175387,13,0,40,0,-1,1,1,1,0
26388,0,22,127647,9,0,36,0,-1,1,0,0,1
25353,1,46,294907,3,0,40,0,-1,0,1,0,1
34517,0,36,247547,9,0,40,0,-1,1,1,0,1
15463,1,20,228686,7,0,40,0,-1,1,1,0,1
3737,1,49,115613,5,0,40,0,-1,0,0,0,1
1599,1,24,216129,13,0,50,0,-1,1,1,1,0
42492,0,33,152744,10,0,40,0,-1,1,0,0,1
28777,0,46,363875,10,0,40,0,-1,1,1,0,1
18067,0,27,96219,13,0,45,0,-1,1,0,0,1
35172,0,22,201615,12,0,37,0,-1,1,1,0,1
17242,0,53,174020,14,0,38,0,-1,1,0,1,1
18082,0,44,121781,10,0,37,0,-1,1,0,0,1
45095,0,32,187936,6,0,50,0,-1,0,1,0,1
6194,1,49,61885,7,0,40,0,-1,0,0,0,1
14761,0,19,189574,9,0,30,0,-1,1,1,0,1
23209,0,33,167771,10,0,30,0,-1,1,0,0,1
21298,0,37,238959,9,0,40,0,-1,1,1,0,1
37790,0,30,96480,14,0,60,1,-1,0,0,0,1
31112,0,28,138332,16,0,40,0,-1,0,0,0,1
20347,1,44,151089,14,0,60,1,-1,1,0,1,0
37048,0,30,159323,10,0,65,0,-1,1,0,0,1
31588,1,80,26865,4,0,20,0,-1,0,0,0,1
36164,1,51,27539,10,0,60,0,-1,0,0,1,1
39941,1,22,467759,9,0,48,0,-1,0,1,0,1
17009,1,24,172496,13,0,30,0,-1,1,1,0,0
32768,1,37,111275,9,0,40,0,-1,1,0,0,1
24988,0,24,134787,10,0,40,0,-1,1,0,0,1
15033,1,27,113635,9,0,35,0,-1,1,0,0,1
26218,0,42,165916,13,0,45,0,-1,1,0,0,1
5377,0,19,308064,9,0,40,0,-1,1,1,0,1
13847,1,37,204277,9,0,48,1,-1,1,0,0,1
322,1,35,186110,9,0,45,0,-1,1,0,0,1
7708,1,24,382146,10,0,40,0,-1,1,1,0,1
20815,1,52,98588,9,0,40,0,-1,1,0,0,1
31305,1,29,297054,9,0,40,0,-1,1,1,0,1
31530,1,35,129305,9,0,30,0,-1,1,0,0,1
1163,1,54,96062,12,0,40,1,-1,1,0,1,0
28735,1,23,347292,9,0,40,0,-1,1,1,0,1
31632,1,35,112264,9,0,50,0,-1,1,0,0,1
2531,0,20,157599,10,0,25,0,-1,1,1,0,1
27351,1,34,173495,10,0,48,1,-1,1,0,0,1
2767,1,41,443508,13,0,48,1,-1,0,1,0,0
14631,0,50,96657,13,0,40,0,-1,1,0,1,1
43226,1,23,61777,13,2580,40,0,-1,1,0,1,0
45034,1,42,23157,13,0,50,1,-1,1,0,1,0
8059,1,43,230961,9,0,40,0,-1,1,0,0,1
12639,0,19,357059,9,0,35,0,-1,1,1,0,1
27600,0,21,231573,10,0,40,0,-1,1,1,0,1
10827,1,34,349169,14,0,40,0,-1,0,1,1,0
26566,1,30,196342,14,0,40,0,-1,1,1,1,0
32514,1,79,48574,4,0,40,0,-1,0,0,0,1
4246,1,68,253866,13,0,30,0,-1,0,0,1,0
41892,1,63,190296,7,0,40,1,-1,0,0,0,1
47548,0,29,218650,10,0,40,0,-1,1,1,0,1
12711,1,28,408473,8,0,40,0,-1,1,1,0,1
15647,0,18,144711,9,0,40,0,-1,1,1,0,1
13519,1,43,243432,9,0,60,0,-1,1,1,1,1
18662,1,17,183784,6,0,15,0,-1,1,1,0,1
6808,1,17,130795,6,0,20,0,-1,1,1,0,1
19802,1,23,324637,10,0,30,0,-1,1,1,0,1
34916,1,25,211392,9,0,48,0,-1,1,1,0,1
48316,1,32,173449,9,0,40,0,-1,1,0,0,1
8895,1,34,314375,10,0,60,1,-1,0,1,0,1
24622,0,47,161950,13,0,25,0,-1,0,0,0,1
6847,0,18,202516,9,0,35,0,-1,1,1,0,1
47842,1,32,198265,2,0,21,0,-1,0,1,0,1
40963,1,42,165309,9,0,50,0,-1,1,0,0,1
35593,1,46,171850,9,0,42,0,-1,1,0,0,1
22274,1,49,168262,6,0,48,0,-1,0,0,0,1
40671,1,23,234108,12,0,40,0,-1,1,1,1,0
24185,1,41,169995,10,0,20,0,-1,1,0,0,1
10413,1,20,528616,3,0,40,0,-1,0,1,0,1
15124,1,27,369522,9,0,45,0,-1,1,1,0,1
26712,1,29,190525,13,0,60,1,-1,0,1,1,0
38224,1,62,191118,9,0,40,0,-1,1,0,0,1
9303,1,52,110977,16,0,40,1,-1,0,0,1,0
35299,1,26,208881,13,0,42,0,-1,1,1,1,0
29922,0,37,45937,12,0,40,1,-1,1,0,0,1
48320,0,25,350977,9,0,40,0,-1,1,1,0,1
46857,1,51,150999,9,0,40,1,-1,1,0,0,1
4377,1,35,340110,13,0,70,1,-1,0,1,1,0
43608,1,72,138790,9,0,30,0,-1,0,0,0,1
4128,1,41,221947,10,0,50,1,-1,1,0,0,1
33701,0,48,191013,13,0,40,0,-1,1,0,0,1
32456,0,30,142921,12,0,40,0,-1,1,0,0,1
40881,0,58,49159,9,0,40,1,-1,1,0,0,1
3607,0,23,244771,10,0,20,0,-1,1,1,0,1
14073,1,41,339682,3,0,40,0,-1,0,1,0,1
10552,0,51,63424,14,0,40,1,-1,1,0,1,1
38735,1,46,247053,14,0,40,1,-1,1,0,1,0
30683,1,17,192387,5,0,45,0,-1,0,1,0,1
30863,1,32,194740,13,0,40,1,-1,1,1,1,0
30689,1,22,191444,9,0,40,0,-1,1,1,0,1
19711,0,28,263128,10,0,60,0,-1,1,1,0,1
62,1,48,149640,9,0,40,0,-1,1,0,0,1
31199,0,36,279485,9,0,38,0,-1,1,1,0,1
14539,0,45,213620,9,0,40,0,-1,1,0,0,1
5086,1,38,172571,10,0,58,0,-1,1,0,1,1
28431,1,57,201991,13,0,40,0,-1,1,0,1,0
16381,0,29,196420,9,0,45,0,-1,1,1,0,1
6013,1,34,297094,9,0,40,0,-1,1,1,0,1
6392,1,20,49179,10,0,35,0,-1,1,0,0,1
3425,1,39,357173,12,0,59,0,-1,0,1,1,0
47747,0,41,425444,13,15024,50,1,-1,0,1,1,1
35455,1,32,195744,9,0,40,0,1,1,1,0,1
35963,0,36,82488,13,0,40,0,-1,1,0,0,1
11097,0,48,145886,13,0,60,0,-1,1,0,0,1
20296,0,33,219034,7,0,40,0,-1,1,1,0,1
35021,0,28,255254,13,0,37,0,-1,1,1,0,1
36327,1,61,227119,9,0,40,1,-1,1,0,0,1
14475,1,48,101299,9,0,40,1,-1,1,0,0,1
15312,1,31,377850,9,0,65,0,-1,0,1,0,1
29791,1,61,167347,10,0,35,0,-1,1,0,0,1
42886,1,90,188242,9,11678,40,1,-1,0,0,1,1
14598,1,37,112497,14,0,50,1,-1,1,0,1,0
20574,0,44,163215,8,0,40,0,-1,1,0,0,1
45890,1,41,176716,13,0,40,1,-1,1,0,1,0
9389,1,26,318644,15,0,20,0,-1,0,1,0,0
10342,1,37,164898,10,0,52,0,-1,1,0,0,1
10883,0,40,191982,11,0,40,1,-1,1,0,0,1
7468,0,59,192983,9,0,40,0,-1,1,0,0,1
6750,0,63,273010,9,3471,40,0,-1,0,0,0,1
25258,1,34,34080,11,0,40,0,-1,1,0,0,1
13826,1,37,184964,14,0,45,1,-1,1,0,1,0
45409,1,30,113364,10,0,30,0,-1,1,0,0,1
17735,1,36,36423,9,0,25,1,-1,0,0,0,1
1985,1,29,421065,9,0,48,0,-1,0,1,0,1
46131,1,40,226027,9,0,20,0,-1,0,1,0,1
36223,1,50,237503,9,0,40,0,-1,1,0,0,1
20367,1,57,275943,4,0,40,0,-1,0,0,0,1
23643,1,68,168794,4,0,30,0,-1,0,0,0,1
23329,1,69,230417,16,0,40,1,-1,0,0,1,0
21622,1,30,231826,10,0,40,1,-1,1,1,0,1
5692,1,23,149224,9,0,40,0,-1,1,1,0,1
25644,1,67,150264,16,0,20,1,-1,0,0,1,0
42166,1,46,192203,10,0,40,0,-1,1,0,0,1
1655,1,44,120277,13,15024,50,1,-1,0,0,1,0
28540,0,59,131916,9,0,40,1,-1,1,0,0,1
428,1,63,222289,9,0,40,1,-1,1,0,0,1
31945,0,43,170230,14,0,40,0,-1,1,0,0,1
8692,0,55,113912,11,0,20,0,-1,0,0,0,1
3377,1,38,200153,9,0,60,0,-1,1,0,1,1
35345,0,23,305609,12,0,52,0,-1,0,1,0,1
31535,1,44,69333,13,0,50,1,-1,1,0,1,0
44681,0,36,162358,14,0,40,0,-1,1,0,0,1
41626,1,48,186256,9,0,40,0,-1,1,0,0,1
45862,1,24,118514,9,0,40,0,-1,1,0,0,1
6268,1,52,305053,9,0,40,0,-1,1,1,0,1
25777,1,46,270693,9,3674,30,0,-1,0,1,0,1
24199,1,48,174533,9,0,40,0,0,1,0,0,1
36243,1,29,199116,9,2407,40,0,-1,1,1,0,1
20926,0,31,90668,6,0,40,0,-1,1,0,0,1
24720,0,57,121362,10,0,38,1,-1,1,0,0,1
42773,1,54,99185,14,0,40,1,-1,1,0,1,0
16604,1,37,348960,12,0,50,1,-1,0,1,1,0
46485,0,38,32989,9,0,40,0,-1,1,0,0,1
24181,1,49,213140,9,0,60,1,-1,0,0,1,1
12154,1,52,168553,9,0,40,1,-1,1,0,0,1
33774,1,48,26502,9,0,40,0,-1,1,0,0,1
6428,1,33,342730,10,0,52,0,-1,0,1,0,1
32787,0,19,47235,10,0,20,0,-1,1,0,0,1
40291,0,32,51150,8,0,40,0,-1,1,0,0,1
43784,1,47,361390,6,4064,40,0,-1,0,1,0,1
46661,0,57,98466,9,0,16,0,-1,0,0,0,1
21416,0,37,299090,9,0,30,0,-1,0,1,0,1
30724,0,19,100009,9,0,40,0,-1,1,0,0,1
29594,1,42,126320,10,0,40,0,-1,1,0,0,1
24393,1,46,368561,13,0,55,1,-1,1,1,1,0
19166,0,50,425804,13,0,40,1,-1,0,1,0,1
15046,1,63,420629,11,0,45,0,-1,0,1,0,0
7817,1,41,116493,9,13550,44,1,-1,0,0,1,1
44106,0,21,231511,10,0,20,0,-1,1,1,0,1
33501,1,39,450770,9,0,40,0,-1,0,1,0,1
5215,1,54,392502,10,0,40,1,-1,0,1,0,1
2210,0,39,179352,10,0,35,0,-1,1,0,0,1
23278,0,46,75256,9,0,40,0,-1,1,0,0,1
25468,1,34,123270,9,0,40,1,-1,1,0,0,1
45847,1,19,146189,7,0,43,0,-1,1,1,0,1
19967,1,49,265295,9,0,40,0,-1,1,0,0,1
29905,1,33,183612,9,0,20,0,-1,1,0,0,1
41730,1,36,172571,9,0,45,0,-1,1,0,0,1
41380,0,19,216413,9,0,55,0,-1,1,1,0,1
5504,0,48,94461,9,0,16,0,-1,0,0,0,1
15000,1,37,42044,9,0,35,0,-1,1,0,0,1
48295,1,24,374763,7,0,40,0,-1,0,1,0,1
3221,1,53,135102,9,0,45,0,-1,1,0,0,1
18376,0,51,137253,9,0,40,1,-1,1,0,0,1
628,1,33,205469,10,0,40,1,-1,1,1,0,1
3222,1,25,113436,10,0,35,0,-1,1,0,0,1
41201,1,40,226902,13,0,40,1,-1,1,1,1,0
21047,0,19,106273,10,0,38,0,-1,1,0,0,1
19647,1,27,191129,10,0,40,0,-1,1,1,0,1
9743,1,57,298507,13,3103,40,1,-1,0,0,1,0
21272,0,57,173580,10,0,40,0,-1,1,0,0,1
45032,1,40,258589,14,0,80,0,-1,0,1,1,0
20066,1,42,196626,4,0,40,0,-1,0,0,0,1
31466,1,40,141649,11,0,40,1,-1,1,0,0,1
38056,0,28,181291,10,7688,40,1,-1,0,1,0,1
41969,0,35,193094,9,0,35,0,-1,1,0,0,1
6736,1,81,122651,10,0,15,0,-1,0,0,0,1
33237,1,39,41017,6,0,70,0,-1,0,0,0,1
16974,1,36,89508,10,0,50,0,-1,1,0,0,1
33700,0,24,103277,11,0,40,0,-1,1,0,0,1
15821,1,40,166662,15,15024,45,1,-1,0,0,1,0
29695,1,38,91039,14,0,65,1,-1,0,0,1,0
8690,1,67,127543,6,2414,80,0,-1,0,0,0,1
9025,1,27,132686,8,0,50,0,-1,1,0,0,1
2182,1,41,438696,14,0,5,1,-1,0,1,0,1
27291,1,25,114483,10,0,50,0,-1,1,0,0,1
11708,1,33,167309,13,0,40,0,-1,1,0,1,0
26089,1,28,55360,10,0,50,0,-1,1,0,0,1
9961,0,18,192409,8,0,25,0,-1,1,1,0,1
11062,1,40,277647,13,0,40,1,-1,1,1,1,0
9613,1,46,330087,13,0,55,1,-1,1,1,1,0
17786,1,20,283969,10,0,15,0,-1,1,1,0,1
8899,0,36,66173,13,0,50,0,-1,1,0,0,1
15868,1,21,103205,9,0,40,0,-1,1,0,0,1
10803,1,21,201603,9,2176,40,0,-1,1,1,0,1
25263,1,39,120074,9,0,40,0,-1,1,0,0,1
16723,1,64,59145,16,0,60,1,-1,0,0,1,0
34111,0,23,202416,9,0,30,0,-1,1,1,0,1
35425,1,50,134680,9,0,40,0,-1,1,0,0,1
44767,1,18,150675,6,0,40,0,-1,1,1,0,1
33454,1,20,316702,10,0,40,0,-1,1,1,0,1
29254,0,67,53588,9,0,40,0,-1,1,0,0,1
15980,0,24,182163,7,0,40,0,-1,1,1,0,1
1901,0,65,27012,4,0,50,0,-1,0,0,0,1
36260,1,20,216672,10,0,30,0,-1,1,1,0,1
3016,1,40,184378,13,0,40,0,-1,1,0,1,0
31691,1,26,154571,10,0,45,1,-1,1,0,0,1
6658,0,31,37546,13,0,35,1,-1,1,0,0,1
14948,1,30,167476,10,0,60,0,-1,1,0,1,1
42258,1,66,366425,9,0,40,0,-1,0,1,0,1
38822,1,34,152109,9,0,40,0,-1,1,0,0,1
22513,1,53,284329,14,0,50,1,-1,0,0,1,0
35702,1,30,133250,10,0,50,0,-1,1,0,0,1
39774,0,31,192039,12,0,40,0,-1,1,1,0,1
10477,1,27,200733,9,0,55,0,-1,1,1,0,1
24128,1,56,238806,4,0,26,0,-1,0,0,0,1
14493,0,17,73145,5,0,16,0,-1,0,0,0,1
23014,1,26,456618,9,0,40,0,-1,1,1,0,1
24636,1,54,288992,6,14344,68,1,-1,0,0,1,1
32992,1,48,67716,14,7688,50,1,-1,0,0,1,0
36010,1,40,192878,9,0,40,0,-1,1,0,0,1
385,0,23,396099,9,0,25,0,-1,0,1,0,1
36941,0,52,92469,10,0,32,0,-1,1,0,0,1
14365,1,64,134378,14,0,50,1,-1,0,0,1,0
32741,1,24,302195,13,0,45,0,-1,1,1,1,0
3707,0,41,343079,13,0,20,0,-1,0,1,0,1
11904,1,25,335005,10,3137,40,0,-1,1,1,0,1
19577,1,36,184655,9,0,48,0,-1,1,0,0,1
13179,1,22,60331,10,0,35,0,-1,1,0,0,1
18804,1,26,162312,10,0,20,0,-1,1,1,0,1
41782,0,20,227594,9,0,40,0,-1,1,1,0,1
9532,0,47,119199,10,0,35,1,-1,1,0,0,1
4867,1,42,174216,15,0,38,1,-1,1,0,1,0
8790,1,47,246396,9,0,40,0,-1,1,0,0,1
31651,1,49,94342,13,0,60,0,-1,0,0,1,0
35521,1,18,217302,9,0,30,0,-1,1,1,0,1
28980,1,25,181772,10,0,40,0,-1,1,1,0,1
30503,0,40,163342,9,0,70,0,-1,0,0,0,1
21898,1,69,200560,13,0,20,0,-1,0,0,1,0
23588,1,25,245628,10,0,15,0,-1,1,1,0,1
1414,1,52,173839,6,0,60,0,-1,0,0,0,1
26163,1,28,145284,9,0,70,0,-1,0,0,1,1
2493,1,18,415520,7,0,20,0,-1,0,1,0,1
45309,1,50,270221,10,0,43,1,-1,1,0,0,1
23272,1,39,186130,15,0,55,1,-1,1,0,1,0
30350,1,59,50929,10,0,60,1,-1,0,0,1,1
47657,0,65,109221,4,0,60,0,-1,0,0,0,1
20912,1,53,84278,13,0,48,1,-1,1,0,1,0
16253,0,52,43909,9,0,40,0,-1,1,0,0,1
27817,0,35,98986,4,0,30,0,-1,0,0,0,1
33369,0,18,185522,9,0,33,0,-1,1,1,0,1
25837,1,64,125684,9,0,40,0,-1,1,0,0,1
39541,1,33,488720,3,0,40,0,-1,0,1,0,1
24449,1,32,209317,9,0,40,0,1,1,1,0,1
32457,1,36,182863,9,0,60,1,-1,1,0,1,1
29890,1,28,407043,9,0,40,0,-1,1,1,0,1
8929,1,37,66686,9,0,40,1,-1,1,0,0,1
7029,0,37,33487,10,0,20,0,-1,0,0,0,1
13154,1,35,350247,15,0,50,1,-1,0,1,1,0
44672,0,21,24598,10,0,40,0,-1,1,0,0,1
18335,0,41,331651,15,0,50,1,-1,0,1,0,1
1281,0,42,158926,12,0,40,1,-1,1,0,0,1
28631,1,41,104334,10,0,50,1,-1,1,0,0,1
31701,1,45,44489,9,0,45,0,-1,1,0,0,1
19681,1,59,176647,9,0,40,1,-1,1,0,0,1
31855,1,42,169995,10,0,45,0,-1,1,0,0,1
13534,0,55,200992,10,0,35,0,-1,1,0,0,1
914,1,23,543028,9,0,40,0,-1,0,1,0,1
17252,0,33,49593,10,0,30,0,-1,1,0,0,1
41619,1,65,538099,13,0,30,0,-1,0,1,0,1
32044,0,90,313749,9,0,25,0,-1,0,0,0,1
45971,0,24,300008,9,0,40,0,-1,1,1,0,1
4976,1,22,99543,10,0,20,0,-1,1,0,0,1
2868,1,25,210278,13,0,30,0,-1,1,1,0,0
28674,0,51,198186,13,0,40,0,-1,1,0,0,1
46383,0,26,184303,3,0,8,0,-1,0,1,0,1
29617,0,47,191389,9,0,35,0,-1,1,0,0,1
2432,1,35,356250,15,0,35,0,-1,0,1,0,0
6515,1,26,126829,10,0,40,0,-1,1,0,0,1
14791,0,19,219742,10,0,15,0,-1,1,1,0,1
898,1,30,87418,13,0,45,1,-1,1,0,1,0
6322,1,66,127139,13,0,40,1,-1,0,0,1,0
32107,1,74,199136,13,15831,8,1,-1,0,0,1,0
11438,1,37,77820,13,0,45,1,-1,1,0,1,0
38499,0,34,63338,9,0,40,0,-1,1,0,0,1
19357,1,35,61343,9,0,90,0,-1,0,0,1,0
29046,0,58,142326,13,0,50,0,-1,0,0,1,1
35002,1,42,212894,14,0,23,1,-1,0,0,1,0
19789,0,19,162954,8,0,20,0,-1,1,1,0,1
40292,1,41,118544,10,0,12,0,-1,0,0,0,1
5245,0,24,157332,10,0,42,0,-1,1,1,0,1
15393,1,28,328949,15,0,60,0,-1,0,1,1,0
47389,1,54,150999,10,0,44,0,-1,1,0,0,1
30584,0,33,138142,10,0,25,0,-1,1,0,0,1
11690,1,17,289405,7,0,12,0,-1,0,1,0,1
46958,1,24,97676,10,0,40,0,-1,1,0,0,1
2593,1,39,315776,14,8614,52,1,-1,0,1,1,0
24520,0,57,78707,9,0,40,0,-1,1,0,0,1
9666,0,37,330826,11,0,30,0,-1,0,1,0,1
18353,1,37,118681,9,0,38,0,-1,1,0,0,1
30149,1,61,176689,9,0,40,0,-1,1,0,0,1
6605,0,39,182828,14,0,45,0,-1,1,0,0,1
34944,1,65,228182,13,0,40,1,-1,0,0,1,0
25250,0,63,20323,10,0,40,0,-1,1,0,0,1
37400,0,24,249956,13,0,40,0,-1,1,1,0,1
37851,0,26,131913,13,0,40,0,-1,1,0,0,1
25361,1,43,193882,10,0,55,0,-1,1,0,0,1
11269,1,31,217962,8,0,40,0,-1,1,1,0,1
7779,0,28,148645,12,0,40,0,-1,1,0,0,1
11713,1,58,100960,9,0,50,0,-1,1,0,0,1
16957,1,24,326334,13,0,20,0,-1,0,1,0,1
3788,1,23,249277,9,0,75,0,-1,0,1,1,1
13168,1,34,208043,11,7298,45,1,-1,0,1,1,1
26378,1,32,124919,13,0,50,1,-1,1,0,1,0
17983,1,71,77253,9,0,17,0,-1,0,0,0,1
46248,0,29,177562,9,3781,35,0,-1,0,1,0,1
22678,0,24,488541,10,0,35,0,-1,0,1,0,1
2851,0,20,243986,10,0,20,0,-1,1,1,0,1
1012,1,50,767403,9,3103,40,1,-1,0,1,0,1
15566,1,41,208470,9,0,40,1,-1,1,0,0,1
23080,0,30,327825,9,0,32,0,-1,1,1,0,1
1122,1,34,50178,10,0,38,0,-1,1,0,0,1
40000,0,29,239511,10,0,50,0,-1,1,1,0,1
40370,1,34,214288,9,3411,80,0,-1,0,1,1,0
34339,1,58,244605,13,0,40,1,-1,1,0,1,0
27947,1,28,207213,12,0,5,0,-1,0,1,0,1
33968,0,20,176321,10,0,40,0,-1,1,1,0,1
36353,0,45,94809,10,0,24,0,-1,0,0,0,1
24324,0,26,214637,9,0,35,0,-1,1,1,0,1
22905,1,19,206777,9,0,40,0,-1,1,1,0,1
48204,1,44,77373,13,0,50,1,-1,1,0,1,0
11398,0,31,82473,5,0,25,0,-1,0,0,0,1
6623,1,24,258120,13,0,55,0,-1,0,1,1,0
47957,1,19,260275,7,0,40,0,-1,0,1,0,1
7132,1,20,209955,10,0,25,0,-1,1,1,0,1
29780,1,44,456236,14,0,40,0,-1,0,1,0,0
46678,0,39,286730,9,0,40,0,-1,1,1,0,1
18238,1,26,341353,13,0,15,0,-1,0,1,0,1
7844,0,41,169628,9,0,40,0,-1,1,0,0,1
5235,1,35,82622,10,0,80,0,-1,0,0,1,0
8040,0,50,166419,7,3674,40,0,-1,0,0,0,1
41036,1,62,194660,9,0,40,1,-1,1,0,0,1
40066,0,24,192812,14,0,40,0,-1,1,1,0,1
27174,1,52,222405,9,0,40,0,-1,1,0,0,1
12376,0,31,297188,14,0,60,0,-1,0,1,0,1
10279,1,25,113436,10,0,15,0,-1,1,0,0,1
19718,0,35,187089,11,0,42,1,-1,1,0,0,1
9501,1,24,112706,11,0,40,0,-1,1,0,0,1
11380,0,33,98995,6,0,36,0,-1,0,0,0,1
41009,1,19,149823,10,0,20,0,-1,1,1,0,1
28318,1,40,45054,10,0,40,1,-1,1,0,0,1
13314,0,24,317443,13,0,40,0,-1,1,1,0,1
11461,1,37,267085,10,0,40,0,-1,1,1,0,1
24494,1,23,481175,10,0,24,0,-1,0,1,0,1
36003,1,49,81535,13,0,75,1,-1,0,0,1,0
17345,1,29,178564,13,0,40,0,-1,1,1,1,0
6202,1,43,401623,10,0,40,1,-1,0,1,0,1
12678,1,26,167350,8,0,40,0,-1,1,1,0,1
39474,1,51,156877,5,0,60,0,-1,0,0,0,1
13114,1,30,189759,13,4865,40,0,-1,0,1,1,0
11810,1,40,112362,14,0,40,0,-1,1,0,1,0
22986,1,24,270872,9,594,40,0,-1,1,1,0,1
32656,0,56,197875,6,0,40,0,-1,1,0,0,1
8225,1,29,133136,8,0,40,1,-1,1,0,0,1
8042,1,47,155659,9,0,60,0,-1,1,0,0,1
27644,1,30,270889,10,0,40,1,-1,1,1,0,1
30787,1,35,267866,9,0,50,1,-1,1,1,0,1
24178,1,51,231495,16,7688,55,1,-1,0,0,1,0
38835,0,20,243981,9,0,40,0,-1,1,1,0,1
35810,0,29,214385,14,0,35,0,-1,1,1,0,1
30946,1,29,404998,11,0,90,0,-1,0,1,1,0
21497,1,38,203169,11,0,50,1,-1,1,0,0,1
24854,0,44,162028,7,0,44,0,-1,1,0,0,1
19260,1,59,189721,13,0,40,1,-1,1,0,1,0
34499,1,30,267281,13,0,50,0,-1,1,1,1,0
17969,1,52,240013,14,0,70,0,-1,0,0,1,0
8402,1,40,37869,9,0,50,0,-1,1,0,0,1
30082,1,19,355477,9,0,25,0,-1,1,1,0,1
5367,1,55,157079,10,0,40,1,-1,1,0,0,1
14766,1,44,230684,13,7688,50,1,-1,0,0,1,0
10490,0,26,386949,9,0,25,0,-1,0,1,0,1
33215,1,41,143069,16,0,60,0,-1,0,0,1,0
25055,0,30,355571,9,0,40,0,-1,1,1,0,1
33029,1,33,54318,9,0,40,1,-1,1,0,0,1
20759,1,55,126117,9,0,40,0,-1,1,0,0,1
13643,1,39,82622,13,0,45,0,-1,1,0,1,0
11583,1,37,126675,11,0,60,1,-1,0,0,1,1
15278,1,29,109814,13,0,40,0,-1,1,0,1,0
39742,0,35,97136,10,0,37,0,-1,1,0,0,1
34428,1,61,32209,5,0,40,0,-1,0,0,0,1
44790,0,41,112763,9,2597,40,0,-1,1,0,0,1
16185,1,35,135436,15,0,50,1,-1,0,0,1,0
8901,1,29,159479,9,0,55,0,-1,1,0,0,1
16540,0,30,145231,12,0,40,0,-1,1,0,0,1
47707,1,31,185216,13,0,40,1,-1,1,1,1,0
45477,0,31,122612,14,0,25,1,-1,0,0,0,1
277,0,35,190174,10,0,40,0,-1,1,0,0,1
47306,1,30,175761,7,2580,40,0,-1,1,1,0,1
46981,1,17,318918,6,0,30,0,-1,0,1,0,1
30530,1,21,118023,9,0,24,0,-1,1,0,0,1
20896,1,38,167440,9,0,20,0,-1,1,0,0,1
34494,0,23,215616,9,0,45,0,-1,1,1,0,1
10189,1,52,135339,10,0,40,1,-1,1,0,0,1
5010,0,44,202872,10,0,25,0,-1,0,0,0,1
32492,1,34,189759,14,0,40,0,-1,1,0,1,0
29172,0,42,22831,9,0,40,0,-1,1,0,0,1
11124,0,20,181032,10,0,40,0,-1,1,1,0,1
42282,1,29,66473,10,0,50,0,-1,1,0,0,1
38242,1,34,162604,9,0,40,0,-1,1,0,0,1
40982,0,29,99297,9,0,40,0,-1,1,0,0,1
42360,1,88,141646,4,0,5,0,-1,0,0,0,1
25845,1,28,198258,11,0,40,0,-1,1,1,0,1
30670,1,59,206487,10,0,40,1,-1,1,0,0,1
33443,1,38,248694,10,0,36,0,-1,1,1,0,1
17309,1,17,225211,5,0,35,0,-1,0,1,0,1
40676,1,60,142769,10,0,40,1,-1,1,0,0,1
23349,0,51,57698,9,0,40,0,-1,1,0,0,1
2608,0,23,203240,10,0,40,0,-1,1,1,0,1
625,1,30,124187,9,0,60,0,-1,1,0,0,1
36689,1,33,160261,13,0,40,0,-1,1,0,1,0
45097,1,49,414448,4,0,40,0,-1,0,1,0,1
14189,1,53,303462,9,0,30,0,-1,0,1,0,1
17052,0,33,37546,15,0,40,1,-1,0,0,0,1
16655,1,51,155963,10,0,55,0,-1,1,0,0,1
15075,1,42,210534,3,0,40,0,-1,0,0,0,1
484,1,52,271749,8,594,40,0,-1,1,0,0,1
27019,1,45,174426,10,0,35,0,-1,1,0,0,1
30059,0,60,106282,5,0,40,0,-1,0,0,0,1
15368,1,42,350387,9,0,15,0,-1,0,1,0,1
2975,0,27,37933,10,0,40,0,-1,1,0,0,1
27625,0,19,268524,10,0,15,0,-1,1,1,0,1
1911,1,39,191807,9,0,48,0,-1,1,0,0,1
1876,1,44,144778,10,0,45,1,-1,1,0,0,1
1138,1,27,138705,9,0,53,0,-1,1,0,0,1
15387,1,26,365289,9,0,40,0,-1,1,1,0,1
12896,0,18,123856,7,0,49,0,-1,0,1,0,1
9826,0,22,213902,3,0,40,0,-1,0,1,0,1
17293,1,48,141511,14,0,40,1,-1,1,0,1,0
36732,0,36,126896,10,0,35,0,-1,1,0,0,1
8940,0,90,77053,9,0,40,0,-1,0,0,0,1
40064,1,51,173987,9,0,40,1,-1,1,0,0,1
23829,1,19,286435,10,594,40,0,-1,1,1,0,1
10240,1,40,284706,15,0,60,1,-1,0,1,1,0
43251,1,30,255424,15,0,55,0,-1,0,1,1,0
40707,1,76,99328,13,6514,40,1,-1,0,0,1,0
15165,0,26,147821,13,0,45,0,-1,1,0,0,1
39776,1,40,50191,5,5455,40,0,-1,0,0,0,1
15666,1,50,248619,9,0,40,0,-1,1,0,0,1
5931,1,53,152373,10,0,48,1,-1,1,0,0,1
4336,1,46,162187,13,0,40,1,-1,1,0,1,0
44272,1,46,116143,13,0,40,0,-1,1,0,1,0
7519,1,26,224361,9,0,40,0,-1,1,1,0,1
48138,1,48,277946,10,0,40,1,-1,1,1,0,1
29737,1,69,361561,15,0,3,0,-1,0,0,0,0
38844,1,68,90526,8,0,35,0,-1,0,0,0,1
39557,1,53,151411,9,0,40,1,-1,1,0,0,1
35584,1,54,183668,9,0,40,0,-1,1,0,0,1
4181,1,22,244366,13,0,40,0,-1,1,1,1,0
13941,1,20,109952,9,0,40,0,-1,1,0,0,1
16425,1,33,119918,13,0,45,0,-1,1,0,1,0
5987,1,20,293091,7,0,60,0,-1,0,1,0,1
34646,1,53,93449,15,0,40,1,-1,1,0,1,0
23120,0,38,391040,11,0,20,0,-1,0,1,0,1
12995,1,28,190060,9,0,40,1,-1,1,1,0,1
5572,0,27,255582,9,0,40,0,-1,1,1,0,1
273,1,27,209109,14,0,35,0,-1,1,1,1,0
4519,0,27,225291,10,0,40,0,-1,1,1,0,1
5875,1,42,184018,9,1151,50,0,-1,1,0,0,1
44018,1,37,516701,14,0,50,1,-1,0,1,0,0
41681,1,31,72887,13,0,47,1,-1,1,0,1,0
25487,0,27,118230,13,0,40,0,-1,1,0,0,1
21349,1,24,256240,4,0,60,0,-1,0,1,0,1
41678,0,38,275338,10,0,45,0,-1,1,1,0,1
6128,0,21,29810,9,0,50,0,-1,0,0,0,1
10369,1,43,397963,9,594,16,0,-1,0,1,0,1
39548,1,28,116298,4,0,45,0,-1,0,0,0,1
37514,0,45,59380,13,0,40,0,-1,1,0,0,1
30889,0,62,113443,14,10520,33,1,-1,0,0,1,1
971,0,28,161538,13,0,35,0,-1,1,0,0,1
3402,1,26,31350,7,0,50,0,-1,0,0,0,1
8546,0,57,46699,9,0,40,0,-1,1,0,0,1
1536,1,34,122116,10,0,40,0,-1,1,0,0,1
1704,0,22,376277,10,0,35,0,-1,1,1,0,1
20986,1,30,97723,9,0,45,0,-1,1,0,0,1
38815,1,44,229148,10,0,40,0,-1,1,0,0,1
42658,1,36,64874,14,0,60,1,-1,0,0,1,0
3211,1,82,29441,4,0,5,0,-1,0,0,0,1
17018,1,36,192664,7,0,40,0,-1,1,0,0,1
38995,1,33,183778,9,0,40,1,1,1,0,0,1
35074,1,27,176683,10,0,40,0,-1,1,1,0,1
8474,1,36,146311,5,0,40,0,-1,1,0,0,1
30797,1,50,187830,14,0,62,1,-1,0,0,1,0
1818,1,52,185407,9,0,40,0,-1,1,0,0,1
20992,0,23,227594,8,0,40,0,-1,1,1,0,1
38059,0,22,81145,9,0,40,0,-1,1,0,0,1
17183,1,28,181916,10,0,40,0,-1,1,1,0,1
23825,1,41,104892,14,0,40,1,-1,1,0,1,0
40436,1,17,102446,8,0,35,0,-1,1,0,0,1
36361,1,62,103344,9,0,40,0,-1,1,0,0,1
5227,0,42,204033,13,0,35,0,-1,1,0,0,1
18750,1,39,224566,13,0,60,1,-1,0,1,1,0
41893,1,33,198827,9,0,40,0,1,1,1,0,1
11107,0,51,174754,9,0,38,0,-1,1,0,0,1
23619,1,33,152351,10,3908,40,0,-1,0,0,0,1
2980,1,37,98941,14,0,40,1,-1,1,0,1,0
35025,0,24,99697,9,0,40,0,-1,1,0,0,1
39021,0,29,195557,12,0,40,0,-1,1,1,0,1
14792,0,55,153788,10,0,37,0,-1,1,0,0,1
20649,1,37,120074,9,0,40,0,-1,1,0,0,1
28468,1,22,178390,9,0,40,0,-1,1,1,0,1
8188,1,43,260960,13,0,35,0,-1,1,1,1,0
31787,0,50,99476,14,0,35,0,-1,1,0,1,1
25652,0,47,99911,8,0,55,0,-1,0,0,0,1
29325,1,20,164441,9,0,40,0,-1,1,1,0,1
37309,0,20,35448,10,0,12,0,-1,0,0,0,1
5872,1,62,224953,6,0,40,0,-1,0,0,0,1
4119,1,44,242619,10,0,40,0,-1,1,0,0,1
40571,0,40,51233,13,0,38,0,-1,1,0,0,1
14326,1,33,103860,10,0,50,0,-1,1,0,0,1
13642,0,40,207025,9,6849,38,0,-1,0,0,0,1
4305,1,35,166416,9,0,99,0,-1,0,0,1,0
46913,1,36,414056,9,0,40,0,-1,1,1,0,1
10289,1,35,287658,10,0,40,1,-1,1,1,0,1
44433,1,28,159623,10,0,30,0,-1,1,0,0,1
40324,0,59,201159,8,0,48,0,-1,1,0,0,1
5011,0,27,198813,9,0,40,0,-1,1,1,0,1
45427,1,67,194456,14,0,10,0,-1,0,0,1,0
28403,1,26,189502,13,0,80,1,-1,0,1,1,0
14916,1,47,250170,9,0,40,1,-1,1,0,0,1
2530,0,21,294789,10,0,25,0,-1,1,1,0,1
34545,1,40,262461,9,0,40,0,-1,1,1,0,1
42370,1,18,294720,7,0,12,0,-1,0,1,0,1
351,1,26,192262,9,0,40,0,-1,1,1,0,1
27591,1,27,384308,10,0,45,0,-1,1,1,0,1
12052,0,20,216563,10,0,20,0,-1,1,1,0,1
30245,1,36,255454,9,0,30,0,-1,1,1,0,1
22472,1,51,246820,9,7298,48,1,-1,0,0,1,1
46673,1,34,107417,9,0,40,0,-1,1,0,0,1
46724,1,49,272780,10,15024,60,1,-1,0,1,1,0
17816,1,35,139086,9,0,40,0,-1,1,0,0,1
1640,0,52,158993,9,0,38,0,-1,1,0,0,1
33411,0,27,171133,6,0,38,0,-1,1,1,0,1
45843,1,18,115815,7,0,20,0,-1,1,1,0,1
43452,1,56,183580,13,0,30,0,-1,0,0,1,0
12892,1,44,157249,13,0,50,1,-1,1,0,1,0
45565,0,62,125832,5,0,35,0,-1,0,0,0,1
7205,1,47,315110,10,0,20,0,-1,0,1,0,1
24640,0,18,157131,7,0,40,0,-1,1,1,0,1
17717,1,26,106406,10,0,40,0,-1,1,0,0,1
5070,0,32,128714,9,0,32,0,-1,1,0,0,1
42190,1,37,178877,9,0,45,0,-1,1,0,0,1
32622,0,26,98114,9,0,40,0,-1,1,0,0,1
13922,1,45,480717,13,0,38,0,-1,0,1,0,0
34155,1,37,177420,9,0,40,1,-1,1,0,0,1
9026,0,55,201112,9,0,40,0,-1,1,0,0,1
9459,1,33,252168,9,0,40,0,-1,1,1,0,1
30450,1,57,199847,13,15024,60,1,-1,0,0,1,0
18641,0,20,215495,10,0,40,0,-1,1,1,0,1
36325,1,49,182313,9,0,40,0,-1,1,0,0,1
5610,0,26,306225,13,0,40,0,-1,1,1,0,1
37054,0,30,287737,10,3325,40,0,-1,0,1,0,1
26396,1,43,240504,9,0,40,0,-1,1,1,0,1
20788,1,35,170174,9,7298,60,1,-1,0,0,1,1
18304,1,33,116508,6,0,40,0,-1,1,0,0,1
23571,1,39,53569,11,0,40,0,-1,1,0,0,1
28045,1,72,258761,9,0,40,0,-1,0,0,0,1
11081,1,28,263614,13,0,40,1,-1,1,1,1,0
23877,1,30,202051,13,0,42,1,-1,1,1,1,0
45200,1,38,186191,9,0,60,0,-1,1,0,1,1
37075,1,45,181363,10,0,46,0,-1,1,0,0,1
26373,0,42,138662,10,0,40,0,-1,1,0,0,1
27743,1,17,143331,7,0,20,0,-1,1,1,0,1
2059,0,20,176321,8,0,40,0,-1,1,1,0,1
37435,1,62,162876,10,0,40,0,-1,1,0,0,1
23690,0,28,114158,13,0,15,0,-1,0,0,0,1
10951,0,24,182276,9,0,25,0,-1,1,1,0,1
37775,1,54,276005,15,0,40,1,-1,0,0,1,0
23709,1,47,185041,10,7298,40,1,-1,0,0,1,1
10855,0,23,141264,10,0,40,0,-1,1,1,0,1
43027,1,62,202958,10,0,40,0,-1,1,0,0,1
34186,0,47,139701,3,0,40,0,-1,0,0,0,1
23898,1,60,118197,10,0,65,0,-1,0,0,1,1
8952,1,44,182402,9,0,40,1,0,1,0,0,1
37161,1,55,200448,10,0,40,0,-1,1,0,0,1
10263,0,18,27620,9,0,25,0,-1,1,0,0,1
1603,1,57,236944,9,0,40,1,-1,1,0,0,1
14183,1,40,77975,10,0,40,0,-1,1,0,0,1
32843,1,41,240900,7,0,40,0,-1,1,1,0,1
15400,1,48,182211,9,0,44,1,-1,1,0,0,1
21011,1,61,35001,4,2885,40,0,-1,0,0,0,1
22772,1,46,124733,10,0,40,0,-1,1,0,0,1
41466,1,56,169560,9,0,40,0,-1,1,0,0,1
3792,1,53,137428,4,0,60,1,-1,0,0,0,1
47750,1,48,213140,12,0,60,1,-1,0,0,1,0
1406,1,30,30226,7,0,40,0,-1,0,0,0,1
44519,1,52,142757,10,0,56,1,-1,1,0,0,1
47686,1,36,167284,11,0,40,0,-1,1,0,0,1
36054,0,25,124111,13,0,36,0,-1,1,0,0,1
30295,0,23,227070,10,0,48,0,-1,1,1,0,1
23372,1,39,315565,9,0,40,0,-1,1,1,0,1
25299,1,31,87891,10,0,40,0,-1,1,0,0,1
32211,1,61,137554,4,0,40,0,-1,0,0,0,1
13604,1,55,199067,13,15024,42,1,-1,0,0,1,0
34040,0,29,149902,16,0,80,0,-1,0,0,1,0
5228,0,22,271274,7,0,40,0,-1,0,1,0,1
19805,0,29,119004,9,0,40,0,-1,1,0,0,1
30711,1,56,107165,9,0,18,0,-1,0,0,0,1
47416,0,36,127865,13,4650,25,0,-1,0,0,0,1
47019,1,45,243743,10,0,50,1,-1,1,0,0,1
14564,0,18,177648,9,0,25,0,-1,1,1,0,1
27099,1,39,152023,7,0,40,0,-1,1,0,0,1
