,Unnamed: 0,race,age,fnlwgt,education_num,capital_gain,hours_per_week,GroundTruth,GroundTruth_DB,FairDEN,FairSC_normalized,FairSC
0,32022,4,51,213296,9,0,30,0,0,0,0,1
1,19593,2,27,207948,10,0,40,0,0,0,0,1
2,29624,4,32,112650,9,0,40,0,0,0,0,0
3,38343,4,28,167737,14,5178,40,1,0,1,1,1
4,30748,2,54,127943,9,0,40,0,0,0,0,1
5,30558,4,38,190895,13,0,40,1,0,0,1,1
6,31869,4,45,174794,13,0,56,0,0,0,1,1
7,45181,4,41,195096,13,0,50,0,0,0,1,1
8,13035,4,29,215504,9,0,40,0,0,0,0,0
9,24247,4,43,152617,10,0,40,0,0,0,0,0
10,43550,4,49,140644,13,5013,45,0,0,1,1,1
11,29137,2,44,222635,3,0,40,0,0,1,0,1
12,18633,4,32,100135,9,0,40,0,0,0,0,0
13,35513,4,63,90393,10,0,48,0,0,0,1,1
14,16620,4,59,38573,10,0,40,1,0,0,1,1
15,30674,4,18,110142,9,0,40,0,0,0,0,0
16,17700,4,39,387068,9,0,40,1,0,0,0,1
17,35703,4,21,116234,10,0,44,0,0,0,0,0
18,2463,2,46,174224,11,0,40,0,0,0,0,1
19,39378,1,30,170449,14,0,40,1,0,0,0,1
20,42597,4,19,375079,10,0,35,0,0,0,0,0
21,47293,4,39,233117,15,0,40,1,0,0,1,1
22,37428,4,60,80927,4,0,50,1,0,1,0,1
23,48265,4,32,244268,7,0,48,0,0,1,0,0
24,5653,4,56,192869,9,0,40,1,0,0,1,1
25,31570,4,31,77634,1,0,24,0,0,1,0,0
26,26782,4,46,162030,9,0,43,0,0,0,0,1
27,40276,4,60,40856,9,0,40,0,0,0,1,1
28,25694,4,42,102069,4,0,30,0,0,1,0,0
29,39366,4,31,284889,13,0,41,0,0,0,1,1
30,18533,2,27,251854,13,0,35,1,0,0,0,1
31,11497,4,27,120126,13,0,45,1,0,0,1,1
32,3617,4,17,354201,9,0,40,0,0,0,0,0
33,13909,4,30,188398,9,0,30,0,0,0,0,0
34,31723,4,57,317969,9,0,50,0,0,1,0,1
35,7565,4,41,277390,13,0,30,1,0,1,1,1
36,4865,4,22,162869,10,0,65,0,0,1,1,1
37,39543,4,57,321456,9,0,20,0,0,1,0,1
38,10941,4,58,373344,2,0,40,0,0,1,0,1
39,15482,4,46,202560,9,0,40,1,0,0,0,1
40,4878,4,29,206351,6,5013,40,0,0,1,0,0
41,13433,2,21,173324,10,0,20,0,0,0,0,1
42,4273,4,23,257621,13,0,45,0,0,0,1,1
43,29060,4,60,206339,9,0,40,0,0,0,1,1
44,30244,1,32,193260,10,0,40,0,0,0,0,1
45,43895,4,46,481258,13,0,45,1,0,1,0,1
46,25834,4,69,58213,13,20051,45,1,0,1,1,1
47,47078,4,46,178642,9,0,40,1,0,0,0,1
48,19148,4,29,253262,10,0,40,0,0,0,0,0
49,20356,4,25,250038,5,0,45,0,0,1,0,0
50,43134,4,38,43311,3,0,40,0,0,1,0,0
51,32707,4,50,138193,13,0,50,1,0,0,1,1
52,41570,4,26,61996,9,0,62,0,0,1,1,1
53,42233,4,30,136832,5,0,40,0,0,0,0,0
54,4303,4,30,65278,9,0,40,1,0,0,0,0
55,20279,4,47,191978,10,0,40,1,0,0,0,1
56,36257,4,43,95246,15,0,5,1,0,1,0,1
57,32109,4,18,347336,8,0,12,0,0,1,0,0
58,42697,4,26,340126,9,0,50,0,0,0,0,1
59,35881,4,34,424988,5,0,40,0,0,1,0,0
60,45484,2,31,463601,9,0,40,0,0,0,0,1
61,25113,4,22,188274,12,0,40,0,0,0,1,1
62,40839,2,33,207561,13,0,40,0,0,0,0,1
63,25956,4,18,344742,6,0,40,0,0,1,0,0
64,44485,4,24,245361,9,0,40,0,0,0,0,0
65,44754,4,36,280570,10,0,45,0,0,0,0,1
66,24573,4,53,113176,9,2597,40,0,0,0,1,1
67,15769,4,64,146110,10,0,24,0,0,1,0,1
68,21240,4,30,196385,13,15024,35,1,0,1,1,1
69,4524,4,19,39026,9,0,30,0,0,0,0,0
70,41192,4,41,149576,10,0,40,1,0,0,0,0
71,35280,4,38,186815,9,0,43,0,0,0,0,0
72,11335,2,43,281422,12,0,45,0,0,0,0,1
73,21531,4,46,96552,10,0,17,0,0,1,0,1
74,25109,4,53,142717,13,0,40,0,0,0,1,1
75,31872,2,26,385278,9,0,60,0,0,1,0,1
76,1175,4,58,169982,10,0,40,1,0,0,1,1
77,19825,4,58,190763,13,0,40,1,0,0,1,1
78,20188,2,34,263307,13,0,45,0,0,0,0,1
79,2004,4,39,192337,13,0,50,0,0,0,1,1
80,7133,4,41,174395,14,0,40,1,0,0,1,1
81,48057,4,76,239900,9,0,3,0,0,1,0,1
82,18049,4,40,208470,9,0,40,0,0,0,0,0
83,3000,4,31,259931,4,0,40,0,0,1,0,0
84,29683,4,32,329993,10,0,50,0,0,0,0,1
85,16840,4,32,286689,12,0,42,1,0,0,1,1
86,26232,1,39,80638,10,0,84,1,0,1,0,1
87,1422,4,40,202872,12,0,45,0,0,0,1,1
88,9194,4,55,170169,9,0,40,0,0,0,1,1
89,26229,4,25,113654,9,0,37,0,0,0,0,0
90,34271,4,46,66934,13,0,45,0,0,0,1,1
91,14198,4,37,172571,9,0,40,0,0,0,0,0
92,47219,2,27,262723,10,0,40,0,0,0,0,1
93,48160,4,34,103642,9,0,40,0,0,0,0,0
94,147,4,36,108293,9,0,24,0,0,0,0,0
95,21528,2,33,185336,11,0,40,0,0,0,0,1
96,44932,4,44,89172,14,0,40,0,0,0,1,1
97,30170,4,36,256636,9,0,40,0,0,0,0,0
98,32941,4,49,39140,9,0,60,0,0,1,1,1
99,20182,4,50,191130,11,0,40,1,0,0,1,1
100,32206,2,61,190682,9,0,50,0,0,1,0,1
101,40508,4,54,155737,13,8614,40,1,0,1,1,1
102,27434,4,37,336880,10,0,50,0,0,0,0,1
103,47103,4,34,450141,13,15024,35,1,0,1,1,1
104,13685,2,48,493862,9,7298,38,1,0,1,0,1
105,26776,4,44,317320,10,0,40,0,0,0,0,1
106,38528,4,50,143804,9,0,55,0,0,0,1,1
107,4280,4,64,114994,9,0,20,0,0,1,0,1
108,2741,4,47,189123,9,0,40,0,0,0,0,1
109,26036,4,24,179203,8,0,55,0,0,0,0,0
110,36309,4,47,189680,4,0,40,1,0,1,0,0
111,11993,4,53,139671,13,0,40,1,0,0,1,1
112,7229,2,36,285865,13,0,40,0,0,0,0,1
113,30079,4,47,140644,9,0,40,1,0,0,0,1
114,29081,4,26,253841,9,0,45,0,0,0,0,0
115,5843,4,23,224954,10,0,25,0,0,0,0,0
116,8489,4,24,189148,10,0,40,0,0,0,0,0
117,7112,4,20,42706,10,0,25,0,0,0,0,0
118,26852,2,36,257380,9,0,35,0,0,0,0,1
119,44830,4,50,185846,9,3103,40,1,0,0,1,1
120,14286,4,43,182757,9,0,40,1,0,0,0,0
121,10538,4,39,177728,14,0,40,0,0,0,1,1
122,27861,2,61,63526,8,0,52,0,0,1,0,1
123,29331,4,42,185764,10,0,60,0,0,0,1,1
124,4348,4,33,184901,9,0,40,1,0,0,0,0
125,44066,2,24,188073,10,0,40,0,0,0,0,1
126,44310,4,39,91039,14,0,45,0,0,0,1,1
127,20989,2,36,197495,13,0,40,0,0,0,0,1
128,37891,4,50,170326,9,0,40,0,0,0,0,1
129,6915,4,46,110015,4,0,75,0,0,1,0,1
130,27087,4,26,77661,13,0,40,0,0,0,1,1
131,1570,2,19,62534,13,0,40,0,0,0,0,1
132,36153,4,63,75813,15,99999,60,1,1,1,1,1
133,14453,2,27,139903,9,0,30,0,0,0,0,1
134,20516,4,28,109001,9,0,40,0,0,0,0,0
135,13400,4,60,103344,9,15024,40,1,0,1,1,1
136,40833,4,57,167483,11,0,50,0,0,1,1,1
137,6478,4,29,464536,13,0,40,0,0,1,0,1
138,37315,4,49,219751,9,0,40,0,0,0,0,1
139,40979,4,53,119570,13,0,45,1,0,0,1,1
140,20665,4,28,378460,13,10520,60,1,0,1,1,1
141,9189,1,38,227154,13,0,40,0,0,0,0,1
142,1710,4,73,267408,9,0,15,0,0,1,0,1
143,12959,4,44,116825,15,15024,80,1,0,1,1,1
144,23738,4,54,332243,8,0,40,0,0,0,0,1
145,42268,4,34,41210,9,0,60,0,0,1,1,1
146,30012,4,44,150533,10,0,55,0,0,0,1,1
147,22637,4,60,95490,9,0,45,0,0,0,1,1
148,43255,4,51,231230,9,0,45,0,0,0,0,1
149,41431,4,42,435356,12,0,44,1,0,1,0,1
150,10259,4,41,397280,13,0,72,0,0,1,1,1
151,35605,4,26,191765,13,0,40,0,0,0,1,1
152,27560,4,34,116910,9,0,50,0,0,0,1,1
153,11463,4,36,229180,10,0,40,0,0,0,0,0
154,12616,2,22,450920,12,0,40,0,0,1,0,1
155,31641,4,34,177675,10,0,65,1,0,0,1,1
156,25542,2,31,106347,10,0,40,0,0,0,0,1
157,46744,4,27,226441,13,0,40,0,0,0,1,1
158,17871,4,57,368797,9,0,40,0,0,0,0,1
159,12457,4,28,120135,11,0,40,0,0,0,0,0
160,47932,4,18,149017,8,0,10,0,0,1,0,0
161,42173,2,51,379797,6,0,40,0,0,1,0,1
162,30275,4,61,142922,9,0,40,0,0,0,1,1
163,6361,4,35,63509,11,0,50,0,0,1,1,1
164,15686,4,19,131982,10,0,40,0,0,0,0,0
165,20052,4,23,344278,10,0,25,0,0,0,0,0
166,29679,4,32,379412,11,0,40,0,0,0,0,1
167,25828,4,61,219886,10,0,40,1,0,0,1,1
168,16584,4,39,132879,13,0,40,1,0,0,1,1
169,4657,4,34,34374,10,0,50,0,0,0,1,1
170,19785,4,31,259531,11,0,40,0,0,0,0,0
171,34910,4,20,143062,9,0,40,0,0,0,0,0
172,26704,4,32,400132,13,0,40,1,0,0,0,1
173,20057,4,36,143068,10,0,40,0,0,0,0,0
174,29465,4,34,100593,10,0,6,0,0,1,0,0
175,2189,4,74,39890,10,0,18,0,0,1,0,1
176,2791,4,55,92215,9,0,40,0,0,0,1,1
177,19244,4,35,226789,14,0,75,0,0,1,1,1
178,26845,2,65,143732,9,0,40,0,0,0,0,1
179,33540,4,48,322183,9,0,35,1,0,0,0,1
180,4162,4,29,446559,12,0,50,0,0,1,0,1
181,18805,2,36,359249,10,0,40,0,0,0,0,1
182,15878,4,27,289484,10,0,40,0,0,0,0,0
183,4,2,28,338409,13,0,40,0,0,0,0,1
184,2385,4,56,211804,13,15024,50,1,0,1,1,1
185,42362,2,30,318912,13,0,55,0,0,1,0,1
186,18862,4,50,153064,9,5178,40,1,0,1,1,1
187,3494,2,21,182606,10,0,40,0,0,0,0,1
188,5739,4,41,202168,10,0,60,1,0,0,1,1
189,39397,4,32,65942,9,0,56,0,0,0,1,1
190,3899,4,22,131230,10,0,40,0,0,0,0,0
191,37154,4,54,351760,10,0,35,0,0,0,0,1
192,41799,4,37,185068,13,0,20,0,0,1,0,1
193,27362,4,34,29254,10,0,70,0,0,1,1,1
194,13099,4,51,548361,13,0,26,0,0,1,0,1
195,46183,4,29,234972,10,0,50,1,0,0,0,0
196,23141,4,41,252986,10,0,48,1,0,0,0,1
197,28382,2,38,506830,10,0,40,0,0,1,0,1
198,40324,4,27,164725,9,3464,35,0,0,0,0,0
199,14764,4,22,105043,10,0,40,0,0,0,0,0
200,18627,2,30,293512,11,0,40,0,0,0,0,1
201,10241,4,38,179579,9,0,40,0,0,0,0,0
202,6132,4,59,197290,5,0,40,0,0,1,0,1
203,5604,4,47,176319,9,0,38,1,0,0,0,1
204,46629,4,51,163606,10,0,40,0,0,0,1,1
205,9354,2,39,358837,10,0,40,0,0,0,0,1
206,8557,4,41,209547,9,0,40,0,0,0,0,0
207,45555,4,35,95653,9,0,56,0,0,0,1,1
208,4039,4,39,99065,13,0,40,1,0,0,1,1
209,469,4,30,118551,13,0,16,1,0,1,0,1
210,47609,4,26,33016,11,0,55,0,0,1,1,1
211,21570,2,25,324609,9,0,40,0,0,0,0,1
212,9061,4,56,139616,13,0,45,1,0,0,1,1
213,26856,2,60,153356,9,2597,55,0,0,1,0,1
214,28594,4,20,142233,9,0,35,0,0,0,0,0
215,30732,3,24,136687,9,0,40,0,0,0,0,0
216,31635,4,40,107762,13,0,45,0,0,0,1,1
217,15951,4,50,166220,12,3942,40,0,0,1,1,1
218,23421,4,21,180052,10,0,30,0,0,0,0,0
219,9060,4,67,247566,9,0,24,0,0,1,0,1
220,7442,4,39,272950,13,0,45,1,0,0,1,1
221,44216,4,36,116546,9,0,40,0,0,0,0,0
222,13152,4,55,105582,9,3103,40,1,0,0,1,1
223,4248,4,43,243476,9,0,40,0,0,0,0,0
224,11757,4,36,279615,13,0,40,0,0,0,1,1
225,36548,4,25,150312,9,0,40,0,0,0,0,0
226,4969,4,29,77760,9,0,45,0,0,0,0,0
227,8358,4,43,163847,13,0,50,1,0,0,1,1
228,12483,2,48,167967,9,0,40,0,0,0,0,1
229,4107,4,25,186294,9,0,50,0,0,0,0,0
230,21194,4,23,27776,9,0,40,0,0,0,0,0
231,39526,4,57,122562,6,0,60,1,0,1,0,1
232,40476,2,53,201062,9,0,2,0,0,1,0,1
233,40191,2,40,41888,10,0,70,1,0,1,0,1
234,28062,2,47,264244,9,0,40,0,0,0,0,1
235,41802,4,51,421132,10,0,40,0,0,0,0,1
236,19538,4,22,615367,13,0,60,0,0,1,0,1
237,23943,4,49,334787,9,0,40,0,0,0,0,1
238,37527,4,28,68393,9,0,46,0,0,0,0,0
239,13659,4,50,114056,11,0,84,0,0,1,1,1
240,30097,4,35,216256,11,0,60,0,0,0,1,1
241,40524,1,50,85815,11,0,38,1,0,0,0,1
242,48100,4,34,356882,9,0,40,0,0,0,0,0
243,38835,4,56,94156,9,0,50,0,0,0,1,1
244,45595,4,38,139364,13,15024,35,1,0,1,1,1
245,7439,4,31,185528,10,0,35,0,0,0,0,0
246,14304,4,29,134331,6,0,40,0,0,0,0,0
247,16742,4,29,211482,13,0,50,1,0,0,1,1
248,42228,4,19,208066,10,0,20,0,0,0,0,0
249,37293,2,19,171868,9,0,20,0,0,0,0,1
250,9769,4,32,157887,9,0,40,0,0,0,0,0
251,45627,4,35,187693,12,0,80,1,0,1,1,1
252,44868,4,47,101825,9,0,40,1,0,0,0,1
253,37215,4,41,397346,10,0,50,0,0,1,0,1
254,32472,4,22,315476,7,0,40,0,0,1,0,0
255,36714,4,32,377017,13,0,32,0,0,1,0,1
256,21908,4,35,38294,9,0,40,0,0,0,0,0
257,37993,4,57,113090,9,0,40,1,0,0,1,1
258,26222,4,23,216472,10,0,20,0,0,0,0,0
259,10565,4,20,140001,10,0,40,0,0,0,0,0
260,6804,4,47,321851,13,0,50,1,0,1,1,1
261,32102,4,33,318921,9,0,35,0,0,0,0,0
262,21680,4,30,104052,9,0,42,0,0,0,0,0
263,4816,4,56,191917,12,4101,40,0,0,1,1,1
264,27417,4,59,145574,12,0,35,1,0,0,1,1
265,20267,2,51,384248,10,0,50,0,0,1,0,1
266,27537,4,19,72355,10,0,20,0,0,0,0,0
267,3539,4,36,165799,14,0,50,1,0,0,1,1
268,44576,4,42,209547,10,5178,40,1,0,1,0,1
269,41683,4,26,213383,9,0,40,0,0,0,0,0
270,24444,4,24,127647,10,0,35,0,0,0,0,0
271,37651,4,49,205694,9,0,40,0,0,0,0,1
272,28536,4,55,41108,10,0,62,1,0,1,1,1
273,26637,4,36,110791,12,0,40,0,0,0,1,1
274,44686,4,58,194733,10,0,45,0,0,0,1,1
275,37363,4,47,105495,10,0,50,1,0,0,1,1
276,9314,4,40,84232,9,0,4,0,0,1,0,0
277,2528,4,47,102359,13,0,30,0,0,1,1,1
278,37263,4,41,37618,12,0,60,1,0,1,1,1
279,24163,4,31,202450,9,0,40,0,0,0,0,0
280,28619,4,38,414791,13,0,42,1,0,0,0,1
281,6916,1,24,104146,13,0,40,0,0,0,0,1
282,47145,4,57,138777,13,0,45,1,0,0,1,1
283,45788,0,34,484911,9,0,40,0,0,0,0,1
284,6759,4,20,233624,9,0,40,0,0,0,0,0
285,17777,4,40,197012,13,8614,40,1,0,1,1,1
286,15506,2,33,281784,13,0,52,1,0,0,0,1
287,34927,2,46,272792,13,0,40,0,0,0,0,1
288,6748,4,41,48087,4,0,40,0,0,1,0,0
289,1232,4,27,175034,13,0,40,0,0,0,1,1
290,41881,4,34,62327,13,0,40,0,0,0,1,1
291,3705,0,41,113555,10,7298,50,1,0,1,0,1
292,30397,4,51,24790,10,0,99,1,0,1,1,1
293,26831,4,32,169973,14,0,38,0,0,0,1,1
294,43079,4,56,191330,10,0,40,1,0,0,1,1
295,15610,4,38,40955,13,0,40,1,0,0,1,1
296,25466,4,34,123270,9,0,40,1,0,0,0,0
297,21634,3,33,142383,12,0,36,0,0,0,1,1
298,18679,4,22,100345,9,0,43,0,0,0,0,0
299,46187,4,43,297510,15,0,60,1,0,1,1,1
300,2372,4,74,340939,5,3471,40,0,0,1,0,1
301,9055,4,23,433669,12,0,40,0,0,1,0,1
302,9267,4,19,233779,10,0,60,0,0,1,1,1
303,44837,4,51,378126,9,0,40,0,0,0,0,1
304,7918,4,20,245297,10,0,20,0,0,0,0,0
305,41344,4,23,255252,10,0,20,0,0,0,0,0
306,28116,4,50,301583,9,0,40,0,0,0,0,1
307,38477,4,39,116546,10,0,50,1,0,0,1,1
308,7330,2,46,160061,10,0,40,0,0,0,0,1
309,6204,4,84,155057,13,0,20,0,0,1,1,1
310,18184,4,50,191299,9,0,50,0,0,0,1,1
311,48274,4,66,190160,15,0,20,0,0,1,1,1
312,15917,4,57,32365,10,0,40,0,0,0,1,1
313,11048,4,48,237525,13,7688,65,1,0,1,1,1
314,13019,4,49,228372,10,0,20,1,0,1,0,1
315,7449,2,68,170182,10,0,40,0,0,0,0,1
316,36209,4,31,74501,13,0,40,0,0,0,1,1
317,15181,4,20,104164,9,0,40,0,0,0,0,0
318,36733,4,22,106615,13,0,15,0,0,1,0,0
319,25472,4,60,205934,9,0,25,0,0,1,0,1
320,34981,4,61,313170,9,0,40,0,0,0,0,1
321,26072,4,52,273514,9,0,40,0,0,0,0,1
322,34792,4,52,188644,10,0,30,0,0,0,0,1
323,42069,1,19,98283,10,0,32,0,0,0,0,1
324,14335,4,58,215245,13,0,37,0,0,0,1,1
325,15056,4,29,53642,11,0,40,0,0,0,0,0
326,2729,4,21,286853,9,0,35,0,0,0,0,0
327,28837,4,45,185397,12,0,40,0,0,0,1,1
328,5711,4,37,170408,11,0,30,0,0,1,0,0
329,38108,4,45,201080,10,0,60,1,0,0,1,1
330,985,4,63,254907,11,0,20,0,0,1,0,1
331,3049,4,39,122742,12,15024,55,1,0,1,1,1
332,11433,4,49,278322,9,0,40,1,0,0,0,1
333,13041,4,25,250038,11,0,40,0,0,0,0,0
334,19663,4,32,337696,10,0,50,0,0,0,0,1
335,30184,4,28,144833,10,0,40,0,0,0,0,0
336,9536,4,32,324386,13,0,40,0,0,0,1,1
337,28058,4,34,190228,13,0,48,1,0,0,1,1
338,30089,4,18,115815,9,0,20,0,0,0,0,0
339,19706,4,31,147654,9,0,40,0,0,0,0,0
340,37872,4,22,230248,12,0,40,0,0,0,1,1
341,18397,4,30,109282,10,0,20,0,0,0,0,0
342,5676,4,41,163322,13,0,30,0,0,0,1,1
343,39727,4,33,232650,13,0,40,1,0,0,1,1
344,24608,2,39,158956,10,0,40,0,0,0,0,1
345,6113,4,56,87584,9,0,40,0,0,0,1,1
346,47696,4,23,223019,10,0,35,0,0,0,0,0
347,38485,4,26,379246,10,0,40,0,0,0,0,0
348,19570,4,51,334273,9,0,40,0,0,0,0,1
349,35655,4,54,139127,9,0,40,0,0,0,0,1
350,31636,4,17,214787,8,0,25,0,0,0,0,0
351,48058,4,22,191954,11,0,45,0,0,0,0,0
352,14894,4,21,277408,10,0,35,0,0,0,0,0
353,3308,4,39,352248,12,0,40,0,0,1,0,1
354,31051,4,53,127117,9,0,40,0,0,0,1,1
355,22681,4,25,109390,9,0,70,0,0,1,1,1
356,43268,4,29,51461,12,0,45,0,0,0,1,1
357,46052,4,29,108574,14,0,40,1,0,0,1,1
358,28319,4,34,258666,11,0,40,0,0,0,0,1
359,6810,4,32,319280,12,0,80,0,0,1,1,1
360,23730,4,77,83601,15,0,40,0,0,1,1,1
361,5553,1,27,292472,10,0,40,1,0,0,0,1
362,2875,2,29,227890,9,0,40,0,0,0,0,1
363,42863,4,55,199212,10,5178,40,1,0,1,1,1
364,8904,4,45,201699,11,0,40,1,0,0,1,1
365,24452,4,46,121124,13,15024,40,1,0,1,1,1
366,15679,2,33,615893,14,0,40,0,0,1,0,1
367,34500,4,28,110145,5,0,40,0,0,0,0,0
368,34086,4,35,233786,9,0,40,0,0,0,0,0
369,15273,4,41,188738,9,0,27,0,0,0,0,0
370,4057,4,40,510072,13,0,55,1,0,1,0,1
371,31576,2,20,347935,10,0,40,0,0,0,0,1
372,25295,4,17,266134,6,0,12,0,0,1,0,0
373,16290,4,54,249322,13,7688,50,1,0,1,1,1
374,8570,4,20,164574,9,0,30,0,0,0,0,0
375,46298,4,69,47341,14,0,5,0,0,1,1,1
376,19815,2,56,136472,4,0,48,0,0,1,0,1
377,9401,4,39,33975,9,0,50,0,0,0,1,1
378,38603,4,60,176731,9,0,40,0,0,0,1,1
379,23837,4,28,109621,12,0,40,0,0,0,1,1
380,465,4,37,126708,9,0,60,0,0,0,1,1
381,43027,4,29,193932,9,0,40,0,0,0,0,0
382,44516,1,41,79586,13,0,60,1,0,1,0,1
383,9693,4,36,153976,9,0,50,0,0,0,1,1
384,40744,4,53,96062,5,0,50,0,0,1,0,1
385,47630,4,20,336101,10,0,30,0,0,0,0,0
386,10151,4,17,297246,7,0,9,0,0,1,0,0
387,45818,4,32,178449,9,0,50,0,0,0,0,1
388,24388,4,39,257942,13,0,60,1,0,1,1,1
389,19453,4,54,185936,5,0,15,0,0,1,0,0
390,9731,4,29,86613,2,0,20,0,0,1,0,0
391,40367,4,22,54560,9,0,60,0,0,1,1,1
392,39077,4,58,179781,13,0,70,1,0,1,1,1
393,25210,4,23,183945,10,0,60,0,0,0,1,1
394,3272,4,33,231043,9,0,50,1,0,0,0,0
395,41239,4,20,190916,9,0,40,0,0,0,0,0
396,43304,4,56,337065,4,0,40,0,0,1,0,1
397,34330,4,75,226593,9,0,20,0,0,1,0,1
398,39042,4,28,228075,3,0,40,0,0,1,0,0
399,33244,4,57,27385,10,0,48,1,0,1,1,1
400,20506,4,42,120837,9,0,48,0,0,0,1,1
401,32673,4,33,90409,13,0,45,0,0,0,1,1
402,25002,4,40,165108,13,0,40,0,0,0,1,1
403,36986,4,28,230503,10,0,40,0,0,0,0,0
404,3396,2,47,55377,9,0,40,0,0,0,0,1
405,12496,4,50,27484,9,0,50,1,0,1,1,1
406,5733,4,42,196001,9,0,40,0,0,0,0,0
407,39120,4,32,228873,7,7298,60,1,0,1,0,1
408,21345,4,34,170276,13,0,10,1,0,1,0,0
409,24479,4,40,88368,10,914,40,0,0,0,0,0
410,8279,4,24,41356,10,0,40,0,0,0,0,0
411,29153,4,43,172364,9,0,48,0,0,0,1,1
412,12287,4,22,112164,10,0,40,0,0,0,0,0
413,35633,4,23,164901,10,0,20,0,0,0,0,0
414,14314,2,19,188008,10,0,20,0,0,0,0,1
415,6985,4,18,125441,7,1055,20,0,0,0,0,0
416,45257,2,29,336167,9,0,30,0,0,0,0,1
417,46013,4,27,132412,6,0,40,0,0,0,0,0
418,39177,4,58,143266,9,0,40,0,0,0,1,1
419,23826,4,36,126675,14,0,50,1,0,0,1,1
420,46268,4,36,230329,16,7298,40,1,0,1,1,1
421,476,4,17,211870,5,0,6,0,0,1,0,0
422,6648,4,46,276087,9,5013,50,0,0,1,1,1
423,16429,4,23,42706,10,0,45,0,0,0,0,0
424,9195,4,47,344157,7,0,40,0,0,1,0,1
425,1590,4,65,207281,10,0,16,0,0,1,0,1
426,33524,4,53,53833,10,0,32,1,0,0,0,1
427,43742,1,33,205249,14,0,55,0,0,0,0,1
428,6975,4,63,346975,13,7688,36,1,0,1,1,1
429,43536,4,65,220788,14,0,60,0,0,1,1,1
430,22585,4,28,181776,10,0,40,0,0,0,0,0
431,30760,4,44,248876,13,0,50,0,0,0,1,1
432,30838,4,31,44464,13,0,60,1,0,1,1,1
433,12788,4,18,270544,8,0,30,0,0,1,0,0
434,22954,4,48,101684,9,0,40,0,0,0,0,1
435,26491,4,18,201686,7,0,4,0,0,1,0,0
436,12627,4,21,219086,9,0,35,0,0,0,0,0
437,30491,4,37,29145,11,0,40,0,0,0,0,1
438,39285,4,22,199005,12,0,40,0,0,0,1,1
439,12088,4,26,179772,13,0,45,0,0,0,1,1
440,34985,4,36,171393,13,0,40,1,0,0,1,1
441,17271,4,70,143833,10,0,40,1,0,0,1,1
442,45700,4,20,134815,5,0,40,0,0,1,0,0
443,11933,4,46,28334,9,0,40,0,0,0,0,1
444,9284,4,43,352005,13,15024,45,1,0,1,1,1
445,38803,4,23,181820,13,0,40,0,0,0,1,1
446,13660,4,57,110417,10,0,75,0,0,1,1,1
447,4351,4,53,199720,16,15024,60,1,0,1,1,1
448,26300,4,19,216804,4,0,33,0,0,1,0,0
449,45206,4,57,191873,9,0,40,0,0,0,1,1
450,42991,1,29,375313,10,0,45,0,0,0,0,1
451,2874,4,38,115433,12,7688,33,1,0,1,1,1
452,17912,4,43,102180,14,0,50,1,0,0,1,1
453,1811,4,35,183898,11,7298,50,1,0,1,1,1
454,17841,4,40,187702,13,0,40,0,0,0,1,1
455,18955,2,30,366065,10,0,40,0,0,0,0,1
456,46963,4,38,39089,9,6849,50,0,0,1,1,1
457,24985,2,48,149210,13,0,40,1,0,0,0,1
458,40949,4,27,222442,10,0,25,0,0,0,0,0
459,38365,4,20,358355,5,0,40,0,0,1,0,0
460,30053,4,34,193285,9,0,40,0,0,0,0,0
461,16922,4,50,104501,14,0,40,1,0,0,1,1
462,17730,4,18,234953,10,0,25,0,0,0,0,0
463,43546,4,61,149648,7,0,40,0,0,1,0,1
464,33343,1,35,77792,9,0,40,0,0,0,0,1
465,6526,4,34,157289,9,0,40,0,0,0,0,0
466,23628,2,36,255454,13,0,40,0,0,0,0,1
467,21848,4,21,136873,10,0,10,0,0,0,0,0
468,47757,4,39,139770,14,0,30,1,0,1,1,1
469,3953,4,42,44121,14,0,40,0,0,0,1,1
470,7786,2,26,261278,10,0,30,0,0,0,0,1
471,18659,2,43,122473,5,0,40,0,0,1,0,1
472,11886,4,55,258648,6,0,40,0,0,1,0,1
473,34476,4,45,192360,14,0,50,1,0,0,1,1
474,11090,4,41,185616,9,0,40,0,0,0,0,0
475,10822,4,34,154548,10,0,38,0,0,0,0,0
476,45214,1,55,79011,9,0,70,0,0,1,0,1
477,35966,4,68,353524,4,0,60,0,0,1,0,1
478,8517,4,27,330132,13,0,40,1,0,0,1,1
479,13571,4,21,48121,10,0,10,0,0,1,0,0
480,32155,4,43,191712,13,0,40,0,0,0,1,1
481,28556,4,51,79324,10,0,40,0,0,0,1,1
482,22330,4,40,48087,9,7298,45,1,0,1,1,1
483,39066,4,62,97950,13,0,6,0,0,1,1,1
484,47815,0,51,27804,10,0,35,0,0,0,0,1
485,17965,4,48,378221,13,0,60,1,0,1,1,1
486,32990,4,48,67716,14,7688,50,1,0,1,1,1
487,30762,4,41,359696,13,15024,60,1,0,1,1,1
488,29789,4,61,167347,10,0,35,0,0,0,1,1
489,18173,4,22,160398,10,0,38,0,0,0,0,0
490,22581,4,53,283602,14,15024,40,1,0,1,1,1
491,13256,4,55,170287,10,0,40,1,0,0,1,1
492,31228,4,36,199346,14,0,50,1,0,0,1,1
493,8870,4,52,245275,6,0,35,0,0,1,0,0
494,6758,4,30,378723,10,0,55,0,0,0,0,1
495,37813,4,23,244480,10,0,15,0,0,0,0,0
496,47510,4,54,20795,9,0,40,0,0,0,1,1
497,31372,1,39,72338,14,0,40,1,0,0,0,1
498,4850,4,18,168288,9,0,40,0,0,0,0,0
499,33608,4,18,36779,7,0,20,0,0,1,0,0
500,31180,4,26,30793,13,0,55,1,0,1,1,1
501,47843,4,60,288684,3,0,40,0,0,1,0,1
502,6809,4,44,71269,10,0,50,0,0,0,1,1
503,19951,4,32,27051,13,0,44,0,0,0,1,1
504,34000,4,32,149368,13,0,40,1,0,0,1,1
505,42463,4,67,219687,10,0,18,0,0,1,0,1
506,38725,4,19,179422,9,0,35,0,0,0,0,0
507,35829,1,44,69236,10,0,40,0,0,0,0,1
508,46119,4,52,24185,9,0,84,0,0,1,1,1
509,5071,4,35,170797,13,0,40,0,0,0,1,1
510,32378,4,34,382078,13,3103,50,1,0,1,1,1
511,13883,1,23,226891,9,0,20,0,0,0,0,1
512,2954,2,26,240842,9,0,40,0,0,0,0,1
513,47926,4,36,202207,9,0,69,1,0,1,1,1
514,29431,4,30,77689,13,7688,50,1,0,1,1,1
515,35568,4,76,217043,6,0,15,0,0,1,0,1
516,8297,4,25,191921,10,0,40,0,0,0,0,0
517,19888,4,30,40338,9,0,40,0,0,0,0,0
518,9064,4,37,108913,9,0,40,0,0,0,0,0
519,29440,4,22,190903,7,0,20,0,0,0,0,0
520,30000,4,56,140558,9,0,40,0,0,0,0,1
521,36711,4,84,157778,10,0,6,0,0,1,0,1
522,24978,4,29,95423,9,0,80,0,0,1,1,1
523,41610,4,51,279452,3,0,70,0,0,1,0,1
524,16071,4,17,53611,8,0,6,0,0,1,0,0
525,39061,4,43,281315,10,0,42,0,0,0,0,1
526,34868,4,24,234259,9,0,40,0,0,0,0,0
527,19361,4,36,198587,13,0,40,0,0,0,1,1
528,4448,4,19,246226,9,0,40,0,0,0,0,0
529,45144,4,46,106662,13,99999,55,1,1,1,1,1
530,40920,1,33,93034,11,0,40,0,0,0,0,1
531,40788,4,28,167737,13,0,50,0,0,0,1,1
532,40923,4,38,166549,9,0,50,0,0,0,1,1
533,12783,4,29,138332,10,0,6,0,0,1,0,0
534,36130,4,31,256680,12,0,40,0,0,0,1,1
535,18786,4,31,209538,10,0,55,0,0,0,1,1
536,4538,4,33,264936,9,0,40,0,0,0,0,0
537,26178,4,22,409230,8,0,40,0,0,0,0,0
538,4613,4,36,130926,13,3674,40,0,0,0,1,1
539,44384,4,56,127264,10,0,34,0,0,0,1,1
540,12200,2,46,265554,9,0,40,0,0,0,0,1
541,35803,4,63,151364,9,0,25,0,0,1,0,1
542,24551,4,46,72896,5,0,43,0,0,1,0,1
543,33222,4,31,186369,5,0,40,0,0,0,0,0
544,3994,4,37,295949,9,0,40,0,0,0,0,0
545,43434,4,45,211399,14,7298,40,1,0,1,1,1
546,35356,4,22,333197,9,0,45,0,0,0,0,0
547,2213,4,60,131852,3,0,30,1,0,1,0,1
548,1114,4,34,290763,9,0,40,0,0,0,0,0
549,15621,4,48,130812,9,0,40,0,0,0,0,1
550,19185,2,45,144940,14,0,40,0,0,0,0,1
551,3593,4,59,154236,9,7688,40,1,0,1,1,1
552,40702,4,28,134890,13,0,50,0,0,0,1,1
553,41860,2,17,146890,5,0,20,0,0,1,0,1
554,38642,2,34,581025,5,0,38,0,0,1,0,1
555,16379,4,36,210830,14,0,30,0,0,1,1,1
556,40021,4,36,131808,9,4386,40,1,0,0,0,0
557,4222,4,27,233724,9,0,38,0,0,0,0,0
558,6965,4,24,191954,4,0,50,0,0,1,0,0
559,12781,4,53,30244,12,15024,40,1,0,1,1,1
560,29335,4,21,161210,9,0,50,0,0,0,0,0
561,12512,4,40,114537,11,0,50,1,0,0,1,1
562,36345,2,38,172855,7,0,20,0,0,1,0,1
563,37049,4,19,163072,10,0,34,0,0,0,0,0
564,40589,4,49,393691,10,0,40,1,0,0,0,1
565,13511,4,25,193701,13,0,38,0,0,0,1,1
566,44610,4,20,240517,10,0,20,0,0,0,0,0
567,20984,4,30,97723,9,0,45,0,0,0,0,0
568,27823,4,54,278329,9,0,43,0,0,0,0,1
569,3104,4,28,206351,10,0,40,0,0,0,0,0
570,27479,0,48,61985,5,0,20,0,0,1,0,1
571,44558,4,26,159732,13,0,43,0,0,0,1,1
572,2360,4,34,158420,13,0,70,0,0,1,1,1
573,28603,1,30,116666,14,0,50,1,0,0,0,1
574,37117,4,64,207658,12,0,40,1,0,0,1,1
575,19770,2,31,179013,9,0,40,0,0,0,0,1
576,7217,4,30,121308,10,0,40,0,0,0,0,0
577,32570,4,35,203717,11,0,50,0,0,0,1,1
578,10608,4,18,186909,10,0,16,0,0,0,0,0
579,6920,4,29,224858,10,0,45,0,0,0,0,0
580,24784,4,33,34848,10,0,40,0,0,0,0,0
581,13558,4,18,169652,7,0,12,0,0,1,0,0
582,19263,4,67,148690,14,18481,2,1,-1,1,1,1
583,12792,4,17,126771,8,0,7,0,0,1,0,0
584,40423,2,45,169324,5,0,40,0,0,1,0,1
585,25512,3,24,100605,10,0,14,0,0,0,0,0
586,47366,4,27,365745,6,0,20,0,0,1,0,0
587,23607,4,55,170994,9,0,40,0,0,0,0,1
588,31203,4,59,56392,10,0,60,0,0,1,1,1
589,35750,2,64,226878,14,9386,50,1,0,1,0,1
590,20969,4,40,150471,12,0,40,0,0,0,1,1
591,17134,4,44,175669,7,5178,36,1,0,1,0,0
592,7339,4,42,383493,14,0,50,1,0,1,1,1
593,37108,4,40,32798,9,0,45,0,0,0,0,1
594,46290,4,26,233461,9,0,53,0,0,0,0,0
595,14960,4,26,167350,9,0,50,0,0,0,0,0
596,25648,4,36,153066,10,0,50,1,0,0,1,1
597,47168,3,38,98080,10,0,40,0,0,0,1,0
598,23352,4,37,243409,9,0,50,0,0,0,0,1
599,38804,2,19,120361,9,0,40,0,0,0,0,1
600,27580,2,17,317702,6,0,15,0,0,1,0,1
601,18670,4,23,80680,10,0,16,0,0,0,0,0
602,5537,4,33,342458,12,0,56,0,0,1,1,1
603,25082,4,32,97306,13,0,48,0,0,0,1,1
604,1162,4,33,114691,13,0,60,1,0,1,1,1
605,19286,4,34,186346,9,0,40,0,0,0,0,0
606,47143,4,48,121179,10,0,52,0,0,0,1,1
607,28244,1,42,198341,14,0,55,1,0,0,0,1
608,10783,4,29,87905,9,10520,40,1,0,1,0,0
609,10427,4,27,94064,11,0,40,0,0,0,0,0
610,13363,4,57,25045,13,2174,37,0,0,1,1,1
611,4672,4,32,164243,9,0,60,1,0,0,1,1
612,3519,4,30,221043,9,0,35,0,0,0,0,0
613,41006,4,44,88808,8,0,40,0,0,0,0,1
614,11732,3,25,163396,10,0,40,0,0,0,0,0
615,14401,4,49,44671,12,0,40,1,0,0,1,1
616,26792,4,61,96660,10,15024,34,1,0,1,1,1
617,5488,4,26,288592,9,0,40,0,0,0,0,0
618,17901,4,36,199947,10,0,30,0,0,0,0,0
619,21501,4,31,173350,9,0,30,0,0,0,0,0
620,15832,4,60,82775,10,0,55,0,0,0,1,1
621,21743,4,20,37932,9,0,40,0,0,0,0,0
622,43665,4,27,150861,10,0,40,0,0,0,0,0
623,33618,4,21,114292,7,0,40,0,0,0,0,0
624,36351,4,45,94809,10,0,24,0,0,1,0,1
625,26053,4,38,245090,9,0,40,0,0,0,0,0
626,31689,1,26,154571,10,0,45,1,0,0,0,1
627,33674,2,26,391074,6,0,40,0,0,1,0,1
628,36619,4,36,251091,13,0,60,1,0,1,1,1
629,47392,4,40,196344,3,0,30,0,0,1,0,0
630,25035,4,51,316059,10,0,36,0,0,0,0,1
631,24598,4,48,197702,10,0,40,0,0,0,0,1
632,32620,4,26,98114,9,0,40,0,0,0,0,0
633,38335,4,46,273796,9,0,65,1,0,1,1,1
634,22332,4,21,270043,10,0,16,0,0,0,0,0
635,41285,4,29,160731,14,0,50,0,0,0,1,1
636,850,4,61,99784,14,0,40,1,0,0,1,1
637,17079,4,48,40666,7,0,60,0,0,1,1,1
638,33943,0,34,303129,9,0,40,0,0,0,0,1
639,17758,4,25,194352,13,0,44,0,0,0,1,1
640,43547,4,79,187492,9,0,7,0,0,1,0,1
641,41865,4,20,95989,10,0,35,0,0,0,0,0
642,39565,1,56,91251,9,0,20,0,0,1,0,1
643,36511,4,59,172618,6,0,50,0,0,1,0,1
644,14200,4,69,141181,3,1797,40,0,0,1,0,1
645,11401,4,26,330263,9,0,40,0,0,0,0,0
646,43439,4,31,229732,9,0,50,0,0,0,0,0
647,25789,4,53,53812,10,0,54,0,0,0,1,1
648,15908,4,24,82847,9,0,50,1,0,0,0,0
649,314,4,22,199698,10,0,15,0,0,0,0,0
650,40261,4,35,65876,11,0,42,1,0,0,0,1
651,21092,4,27,197905,10,0,40,0,0,0,0,0
652,17926,2,47,166181,10,0,48,1,0,0,0,1
653,26079,2,19,195282,9,0,20,0,0,0,0,1
654,30026,4,23,444554,9,0,50,0,0,1,0,1
655,24631,2,59,121865,9,0,40,0,0,0,0,1
656,1226,4,36,354078,13,0,60,1,0,1,1,1
657,40207,4,36,172425,9,0,40,1,0,0,0,0
658,41857,4,46,102869,9,0,40,1,0,0,0,1
659,19443,4,47,167787,9,0,40,0,0,0,0,1
660,30068,4,29,375482,13,0,50,0,0,1,1,1
661,29198,4,60,188650,3,0,40,1,0,1,0,1
662,35937,4,81,176500,8,0,30,0,0,1,0,1
663,16541,4,45,285335,4,0,10,0,0,1,0,0
664,11024,4,19,344414,10,0,40,0,0,0,0,0
665,7949,4,28,214689,7,0,40,0,0,0,0,0
666,19590,2,38,260997,10,0,40,0,0,0,0,1
667,8478,4,38,227615,2,0,40,0,0,1,0,0
668,24876,4,42,213214,12,0,40,0,0,0,1,1
669,10398,4,37,114765,10,0,40,0,0,0,0,0
670,16239,4,33,168981,14,14084,50,1,0,1,1,1
671,10723,4,27,501172,3,0,40,0,0,1,0,0
672,19546,4,34,301591,9,0,35,0,0,0,0,0
673,28780,4,31,106437,15,0,60,1,0,1,1,1
674,38720,2,37,421633,11,0,40,0,0,0,0,1
675,20705,4,21,275291,10,0,12,0,0,0,0,0
676,12261,4,37,174308,9,0,40,0,0,0,0,0
677,3003,4,33,112584,10,0,25,0,0,0,0,0
678,33534,4,35,51700,9,0,40,0,0,0,0,0
679,34448,4,33,102270,9,0,30,0,0,0,0,0
680,11823,4,45,305739,10,0,40,0,0,0,0,1
681,17447,4,51,122288,10,0,36,0,0,0,0,1
682,7427,4,36,199739,9,7298,60,1,0,1,1,1
683,7568,4,32,170108,9,0,50,0,0,0,0,1
684,29065,4,42,248406,9,0,40,0,0,0,0,0
685,2098,4,52,266529,10,0,45,1,0,0,0,1
686,6699,4,25,120041,13,0,40,0,0,0,1,1
687,6067,4,42,180032,14,0,40,0,0,0,1,1
688,14625,4,40,341835,9,0,45,0,0,0,0,1
689,40316,4,42,27085,10,0,40,0,0,0,0,1
690,10153,4,39,112158,10,0,26,0,0,0,0,0
691,12498,4,39,143385,9,0,40,0,0,0,0,0
692,24994,4,39,50700,9,0,40,0,0,0,0,0
693,8763,4,24,32732,9,0,50,0,0,0,0,0
694,48079,4,59,190997,6,0,36,0,0,1,0,1
695,17394,4,19,37085,10,0,30,0,0,0,0,0
696,40898,4,33,327112,14,0,60,1,0,1,1,1
697,26263,4,68,194746,16,0,40,0,0,1,1,1
698,16437,2,40,391744,9,0,40,0,0,0,0,1
699,26419,4,17,52486,7,0,12,0,0,1,0,0
700,7212,4,27,233421,10,0,20,0,0,0,0,0
701,32790,4,73,151255,10,0,75,0,0,1,1,1
702,28868,4,26,195734,9,2354,40,0,0,0,0,0
703,11275,4,48,186539,10,0,40,0,0,0,0,1
704,16730,4,48,83444,11,0,43,1,0,0,1,1
705,16064,4,51,194097,9,0,40,0,0,0,0,1
706,13131,4,39,216552,14,0,40,0,0,0,1,1
707,44134,4,28,150025,10,0,40,0,0,0,0,0
708,43219,4,30,224462,7,0,50,0,0,1,0,0
709,949,4,44,325159,10,0,40,0,0,0,0,1
710,48264,1,18,86150,9,0,15,0,0,0,0,1
711,44047,4,50,69477,6,0,45,0,0,1,0,1
712,6536,4,26,177482,12,0,45,1,0,0,1,1
713,24114,4,66,140576,4,0,40,0,0,1,0,1
714,11832,4,47,328216,10,7298,40,1,0,1,0,1
715,18592,4,25,146117,10,0,42,0,0,0,0,0
716,28983,4,42,39060,9,0,60,1,0,1,1,1
717,26257,0,22,29444,8,0,50,0,0,1,0,1
718,30115,1,56,255386,10,0,40,0,0,0,0,1
719,34423,4,53,120914,7,0,40,0,0,1,0,1
720,21048,4,44,191982,10,0,10,0,0,1,0,0
721,25300,4,26,181666,12,0,40,0,0,0,1,1
722,22690,2,32,191731,10,0,40,0,0,0,0,1
723,29597,2,62,148113,6,0,40,0,0,1,0,1
724,47648,4,26,235520,13,0,40,1,0,0,1,1
725,19292,4,58,194733,12,0,40,1,0,0,1,1
726,20697,4,62,226733,9,0,40,1,0,0,0,1
727,24190,4,29,210464,5,0,40,0,0,0,0,0
728,2893,4,21,108670,9,0,40,0,0,0,0,0
729,24414,4,18,83451,9,0,30,0,0,0,0,0
730,24787,4,65,66360,7,6418,35,1,0,1,1,1
731,17555,4,62,168682,4,0,5,0,0,1,0,1
732,26747,4,26,192652,13,0,40,0,0,0,1,1
733,22049,2,21,206008,10,0,50,0,0,0,0,1
734,47535,4,49,181970,13,0,40,0,0,0,1,1
735,40961,4,42,165309,9,0,50,0,0,0,1,1
736,46182,4,61,149981,9,0,40,0,0,0,1,1
737,30214,4,36,108320,9,4101,40,0,0,0,0,0
738,842,4,51,146813,10,0,40,1,0,0,1,1
739,29380,4,46,178686,13,0,38,1,0,0,1,1
740,31325,4,33,97521,9,0,40,0,0,0,0,0
741,38233,2,67,166591,9,1848,99,0,0,1,1,1
742,44972,4,45,270535,13,15024,40,1,0,1,1,1
743,24121,4,38,78247,10,0,40,0,0,0,0,0
744,46639,4,28,113922,9,0,17,0,0,0,0,0
745,29096,4,60,160062,9,0,25,0,0,1,0,1
746,6129,4,30,108023,10,0,40,0,0,0,0,0
747,24039,1,36,112847,13,0,40,0,0,0,0,1
748,44092,4,64,113061,9,0,40,0,0,0,1,1
749,10520,4,46,139268,14,0,45,1,0,0,1,1
750,3184,1,54,93415,13,0,40,1,0,0,0,1
751,15789,4,66,270460,4,0,40,0,0,1,0,1
752,16423,4,27,205145,9,0,40,0,0,0,0,0
753,20856,4,35,179579,9,0,40,0,0,0,0,0
754,15671,2,27,617860,10,0,40,0,0,1,0,1
755,36729,4,32,308955,12,0,20,0,0,1,0,1
756,30477,4,39,91367,14,0,45,1,0,0,1,1
757,18046,4,33,48702,11,0,65,0,0,1,1,1
758,43114,4,37,446390,10,0,40,1,0,0,0,1
759,3265,4,30,186269,13,0,40,0,0,0,1,1
760,38183,4,66,97847,11,0,38,0,0,1,1,1
761,17224,4,75,36243,16,0,40,0,0,1,1,1
762,10746,4,54,146574,9,0,40,1,0,0,0,1
763,7650,4,23,215395,9,0,40,0,0,0,0,0
764,5152,4,27,109001,10,0,49,0,0,0,0,0
765,35214,4,26,366889,9,0,40,0,0,0,0,0
766,6943,4,46,106255,10,0,40,0,0,0,0,1
767,27671,4,31,189759,9,0,40,0,0,0,0,0
768,13713,4,36,185203,9,0,40,0,0,0,0,0
769,30474,4,63,331527,6,0,40,0,0,1,0,1
770,43674,4,35,225544,13,0,48,0,0,0,1,1
771,25659,4,63,83043,13,0,45,0,0,0,1,1
772,23933,4,42,106679,9,0,50,1,0,0,1,1
773,34295,1,24,112137,13,0,50,0,0,0,0,1
774,16947,2,47,402975,10,0,40,0,0,0,0,1
775,11306,2,40,145504,9,0,40,0,0,0,0,1
776,48064,4,37,504871,10,0,40,0,0,1,0,1
777,8407,1,19,70982,11,0,16,0,0,0,0,1
778,6100,4,54,339667,9,0,41,0,0,0,0,1
779,14857,4,32,279231,11,0,40,0,0,0,0,1
780,23593,4,44,159580,8,0,40,0,0,0,0,0
781,37753,4,40,145166,9,4064,40,0,0,0,0,0
782,40234,4,32,26803,9,0,50,1,0,0,0,0
783,19530,4,48,164423,9,0,40,0,0,0,0,1
784,18513,4,37,103925,9,0,68,0,0,1,1,1
785,19707,4,32,443546,9,0,40,0,0,0,0,1
786,26453,4,45,48271,10,0,40,1,0,0,1,1
787,42624,2,33,399531,13,0,40,0,0,0,0,1
788,39635,4,39,111000,14,0,35,0,0,0,1,1
789,2726,4,30,68330,13,0,40,1,0,0,1,1
790,144,4,70,105376,10,0,40,0,0,0,1,1
791,6684,4,35,267891,9,0,38,0,0,0,0,0
792,14977,4,32,193285,9,0,40,0,0,0,0,0
793,15209,4,73,45784,10,0,11,0,0,1,0,1
794,24069,4,60,195453,11,0,60,1,0,1,1,1
795,11427,4,19,299050,7,0,60,0,0,1,0,1
796,20392,4,68,204082,10,0,45,0,0,0,1,1
797,30410,4,72,402306,10,0,32,0,0,1,0,1
798,35293,4,34,136204,13,0,32,1,0,0,1,1
799,20636,4,56,274475,5,0,40,0,0,1,0,1
800,40665,4,55,160813,9,0,60,0,0,1,1,1
801,13557,4,39,403489,7,0,40,0,0,1,0,0
802,8844,4,34,56121,7,0,40,0,0,1,0,0
803,20124,4,26,485117,13,0,20,0,0,1,0,1
804,3829,1,24,123983,7,0,40,0,0,0,0,1
805,37838,4,20,198478,9,0,40,0,0,0,0,0
806,40436,4,40,192878,6,0,40,0,0,0,0,0
807,47992,4,37,328301,10,4934,60,1,0,1,1,1
808,26977,4,47,94809,11,0,45,1,0,0,1,1
809,9985,4,24,185821,10,0,40,0,0,0,0,0
810,30231,4,22,232985,9,0,20,0,0,0,0,0
811,2441,2,61,355645,5,0,20,0,0,1,0,1
812,29554,4,46,177633,9,0,50,1,0,0,1,1
813,564,4,52,334273,13,0,60,1,0,1,1,1
814,7762,4,25,102460,13,0,40,0,0,0,1,1
815,48022,4,38,455379,8,0,56,1,0,1,0,1
816,19841,4,21,213041,9,0,40,0,0,0,0,0
817,501,4,62,114060,9,0,40,0,0,0,1,1
818,27741,4,17,143331,7,0,20,0,0,0,0,0
819,28616,2,23,343553,7,0,40,0,0,1,0,1
820,40206,4,38,102478,9,0,40,0,0,0,0,0
821,46394,4,28,230997,9,0,60,0,0,0,1,1
822,14577,4,25,160300,13,0,35,0,0,0,1,1
823,32090,4,48,123075,16,0,45,1,0,1,1,1
824,34799,2,49,304864,10,0,35,0,0,0,0,1
825,22489,4,26,270151,13,0,40,0,0,0,1,1
826,18378,4,57,107617,9,0,60,1,0,0,1,1
827,31581,4,54,75235,9,5178,40,1,0,1,1,1
828,35957,4,23,345577,10,0,26,0,0,0,0,0
829,15529,4,50,299831,10,0,40,0,0,0,0,1
830,5975,4,24,203518,13,0,40,0,0,0,1,1
831,36016,4,54,140592,9,0,40,0,0,0,0,1
832,35311,4,48,175958,13,0,30,0,0,1,1,1
833,21920,4,25,247025,13,3325,48,0,0,1,1,1
834,32621,4,20,109667,10,0,16,0,0,0,0,0
835,24641,2,58,361870,9,0,30,0,0,1,0,1
836,31000,4,27,193122,9,0,40,0,0,0,0,0
837,1792,4,47,178309,5,0,50,0,0,1,0,1
838,27972,4,31,594187,9,0,40,0,0,1,0,1
839,31427,4,40,132222,10,4386,50,1,0,1,1,1
840,20894,4,38,167440,9,0,20,0,0,1,0,0
841,10445,4,38,49020,9,0,40,0,0,0,0,0
842,15650,4,56,50791,14,0,60,0,0,1,1,1
843,12623,2,20,230955,8,0,35,0,0,0,0,1
844,664,4,20,81145,10,0,25,0,0,0,0,0
845,4086,4,23,449432,10,0,40,0,0,0,0,1
846,10592,4,20,301199,10,0,24,0,0,0,0,0
847,47678,4,37,127048,10,0,40,0,0,0,0,0
848,1566,4,29,111900,10,0,40,0,0,0,0,0
849,22328,4,24,379418,10,0,40,0,0,0,0,0
850,42704,4,57,366421,9,0,40,0,0,0,0,1
851,35020,2,51,166461,7,5455,40,0,0,1,0,1
852,43654,4,37,177974,9,3942,99,0,0,1,1,1
853,44572,4,46,368355,13,0,60,1,0,1,1,1
854,11487,2,47,272182,10,0,40,0,0,0,0,1
855,5794,4,27,224421,10,0,40,0,0,0,0,0
856,10463,4,48,177018,14,0,50,1,0,0,1,1
857,5308,4,32,183356,9,0,40,0,0,0,0,0
858,11499,4,79,142370,15,0,10,0,0,1,1,1
859,11466,4,33,54782,13,0,42,0,0,0,1,1
860,30710,2,17,108470,7,0,17,0,0,0,0,1
861,24758,4,21,184543,9,0,40,0,0,0,0,0
862,20630,4,32,317378,13,10520,40,1,0,1,1,1
863,39703,4,45,187563,9,5013,45,0,0,1,1,1
864,43092,4,44,296858,14,0,40,1,0,0,1,1
865,27017,4,45,174426,10,0,35,0,0,0,0,0
866,45704,4,57,124318,9,0,45,0,0,0,1,1
867,33512,4,21,172047,10,0,20,0,0,0,0,0
868,40803,4,32,124420,9,0,40,0,0,0,0,0
869,34382,2,47,263984,10,0,40,0,0,0,0,1
870,2494,4,38,258761,9,0,50,0,0,0,0,1
871,23015,4,28,36601,10,0,35,0,0,0,0,0
872,28474,4,31,215047,13,0,50,0,0,0,1,1
873,23186,4,45,329144,10,0,40,1,0,0,0,1
874,15938,4,68,136218,9,0,15,0,0,1,0,1
875,16841,4,21,123727,10,0,28,0,0,0,0,0
876,27622,4,47,160045,10,0,40,0,0,0,0,1
877,37850,4,26,31558,13,0,90,1,0,1,1,1
878,41071,4,23,287988,13,0,30,0,0,1,0,1
879,27325,4,55,169071,10,0,20,0,0,1,0,1
880,48172,4,19,109005,10,0,20,0,0,0,0,0
881,26789,4,48,196107,9,0,30,0,0,0,0,1
882,17050,4,54,284129,10,0,45,1,0,0,0,1
883,5762,1,46,137354,14,0,40,1,0,0,0,1
884,9846,4,47,285060,14,0,41,1,0,1,1,1
885,31397,4,61,268831,9,0,53,0,0,1,0,1
886,28848,1,59,81973,14,0,40,1,0,0,0,1
887,11671,4,20,146879,9,0,40,0,0,0,0,0
888,30246,4,43,125461,13,0,40,0,0,0,1,1
889,40831,4,21,117476,10,0,40,0,0,0,0,0
890,27847,4,32,189461,9,0,60,0,0,0,1,1
891,37898,4,33,87209,9,0,45,0,0,0,0,0
892,31800,4,40,31627,13,0,20,0,0,1,1,1
893,399,4,52,132178,13,0,50,1,0,0,1,1
894,17566,4,61,139391,10,99999,30,1,-1,1,1,1
895,14355,4,41,106900,13,0,42,1,0,0,1,1
896,36031,4,30,153549,13,0,48,0,0,0,1,1
897,33788,4,39,174597,13,0,42,0,0,0,1,1
898,10636,4,27,206889,12,0,40,0,0,0,1,1
899,34437,4,42,106159,13,0,40,1,0,0,1,1
900,31434,4,24,324637,10,0,40,0,0,0,0,0
901,44306,4,28,195520,10,0,20,0,0,0,0,0
902,32677,4,37,149898,7,0,40,0,0,0,0,0
903,11797,3,38,167725,13,0,84,0,0,1,1,1
904,27879,4,51,128272,10,0,40,0,0,0,1,1
905,46859,4,20,374116,7,0,40,0,0,1,0,0
906,23287,4,55,98361,13,15024,55,1,0,1,1,1
907,15526,4,19,63814,10,0,18,0,0,0,0,0
908,46917,4,26,414916,9,0,40,0,0,0,0,0
909,16123,4,34,135785,13,0,36,0,0,0,1,1
910,22711,4,26,256141,10,0,40,0,0,0,0,0
911,6954,4,60,230545,4,0,35,0,0,1,0,1
912,29681,4,25,141876,14,0,45,0,0,0,1,1
913,27373,4,20,515797,9,0,40,0,0,1,0,1
914,40869,4,32,185177,11,0,40,0,0,0,0,0
915,16166,4,54,210736,9,0,40,1,0,0,0,1
916,1941,4,56,31782,6,0,40,0,0,1,0,1
917,26595,4,53,297796,6,0,40,0,0,1,0,1
918,43073,4,50,82566,14,0,45,1,0,0,1,1
919,2554,4,36,49626,9,0,40,0,0,0,0,0
920,21877,4,26,335533,9,0,20,0,0,1,0,0
921,8370,4,24,153082,9,0,30,0,0,0,0,0
922,46889,4,42,123838,13,0,60,1,0,1,1,1
923,32674,4,50,165001,15,99999,80,1,1,1,1,1
924,18148,4,64,126233,9,0,20,0,0,1,0,1
925,20442,2,30,228406,9,0,40,0,0,0,0,1
926,167,4,46,102628,14,0,40,0,0,0,1,1
927,46774,4,24,231261,8,0,50,0,0,0,0,0
928,4740,4,55,110871,13,0,40,0,0,0,1,1
929,18087,4,33,289716,6,0,40,0,0,1,0,0
930,39052,1,40,190650,13,0,45,1,0,0,0,1
931,28915,4,33,190290,11,0,56,0,0,0,1,1
932,41382,4,46,114328,10,0,40,0,0,0,0,1
933,42785,4,23,332657,10,0,25,0,0,0,0,0
934,45894,4,48,183610,11,0,40,0,0,0,1,1
935,43394,4,34,61559,9,0,35,0,0,0,0,0
936,32197,4,37,40955,15,0,50,1,0,1,1,1
937,5266,4,35,113322,11,0,40,0,0,0,0,0
938,29589,4,44,213416,3,0,40,0,0,1,0,0
939,1219,4,38,200818,15,0,40,1,0,0,1,1
940,35071,4,22,41763,9,0,42,0,0,0,0,0
941,32908,4,59,128829,9,0,40,0,0,0,1,1
942,45626,4,27,234135,13,0,40,0,0,0,1,1
943,27064,4,38,125933,13,27828,45,1,0,1,1,1
944,3401,2,66,190324,9,0,18,0,0,1,0,1
945,15578,4,27,132326,10,0,40,0,0,0,0,0
946,4844,4,34,253438,10,0,60,1,0,0,1,1
947,31049,4,43,306440,15,0,66,0,0,1,1,1
948,43032,4,20,114365,9,0,40,0,0,0,0,0
949,11250,4,18,329054,7,0,15,0,0,1,0,0
950,33438,1,49,146121,3,0,20,0,0,1,0,1
951,4962,4,44,402397,14,0,60,1,0,1,1,1
952,33842,2,28,132675,11,0,40,0,0,0,0,1
953,2191,4,22,355686,10,0,40,0,0,0,0,0
954,14474,4,48,101299,9,0,40,1,0,0,0,1
955,22172,4,29,180758,14,0,40,0,0,0,1,1
956,32759,4,41,233150,9,0,60,0,0,0,1,1
957,36614,4,51,126528,9,0,60,0,0,1,1,1
958,8617,4,30,219110,9,0,46,0,0,0,0,0
959,44132,4,45,174426,14,0,43,0,0,0,1,1
960,40938,4,57,38430,4,0,40,0,0,1,0,1
961,3939,4,28,37215,13,0,45,0,0,0,1,1
962,23905,4,51,205100,10,0,45,1,0,0,1,1
963,2982,4,43,175485,10,0,40,0,0,0,0,1
964,29386,4,29,195284,16,0,60,1,0,1,1,1
965,7155,4,54,94055,13,0,40,0,0,0,1,1
966,41481,1,19,78374,10,0,40,0,0,0,0,1
967,43769,4,18,131825,7,0,21,0,0,0,0,0
968,26161,4,28,145284,9,0,70,0,0,1,1,1
969,16339,4,57,127728,13,15024,50,1,0,1,1,1
970,23204,4,23,267955,10,0,40,0,0,0,0,0
971,45438,4,55,109015,13,0,40,0,0,0,1,1
972,36554,4,25,169905,9,0,40,0,0,0,0,0
973,17484,2,35,269300,9,0,40,0,0,0,0,1
974,23292,4,35,126675,9,0,48,0,0,0,1,1
975,8037,4,30,205659,12,0,50,1,0,0,1,1
976,43927,4,26,224567,7,0,45,0,0,0,0,0
977,32399,4,45,67001,10,0,50,0,0,0,1,1
978,39151,4,46,279724,9,0,45,0,0,0,0,1
979,4775,4,28,200819,4,0,84,0,0,1,1,1
980,16507,4,59,368005,7,0,40,0,0,1,0,1
981,31712,4,62,26857,4,0,35,0,0,1,0,1
982,5528,4,25,49092,13,0,40,0,0,0,1,1
983,38037,4,52,242517,9,7688,40,1,0,1,1,1
984,34653,4,58,348430,9,0,40,1,0,0,0,1
985,19234,4,68,192829,12,0,43,0,0,1,1,1
986,44833,4,32,117444,13,0,50,0,0,0,1,1
987,26896,4,27,192355,13,0,50,0,0,0,1,1
988,29359,4,38,128033,10,0,60,0,0,0,1,1
989,32950,4,71,113445,3,0,10,0,0,1,0,1
990,22989,4,18,265099,7,0,16,0,0,1,0,0
991,14854,4,22,113062,13,0,40,0,0,0,1,1
992,6802,4,55,308373,10,0,40,1,0,0,0,1
993,13466,4,38,374524,13,0,40,1,0,0,0,1
994,45564,4,25,150361,9,0,40,0,0,0,0,0
995,12081,4,39,355468,9,0,46,1,0,0,0,1
996,30144,4,21,440969,9,0,40,0,0,0,0,1
997,46854,4,30,187203,13,0,40,0,0,0,1,1
998,42449,4,40,211938,6,0,40,0,0,0,0,0
999,33022,4,58,199067,13,0,65,1,0,1,1,1
1000,28844,4,20,104981,9,0,40,0,0,0,0,0
1001,31240,4,32,309513,12,0,40,0,0,0,0,1
1002,33554,4,21,197583,10,0,40,0,0,0,0,0
1003,38126,4,32,229636,12,5013,60,0,0,1,1,1
1004,18841,4,35,322171,10,0,40,1,0,0,0,0
1005,9618,4,18,238401,10,0,25,0,0,0,0,0
1006,10311,0,27,156266,5,0,40,0,0,0,0,1
1007,19735,4,55,208451,14,0,40,1,0,1,1,1
1008,32731,4,50,280292,6,0,40,1,0,1,0,0
1009,9134,4,23,235894,7,0,55,0,0,1,0,0
1010,11986,2,67,64148,10,0,41,0,0,0,0,1
1011,45597,4,34,287168,10,0,40,0,0,0,0,0
1012,45608,4,29,269354,10,0,40,0,0,0,0,0
1013,39980,4,46,274689,12,0,40,0,0,1,1,1
1014,48175,4,24,194848,13,0,40,0,0,0,1,1
1015,33047,4,28,190911,10,0,40,1,0,0,0,0
1016,30639,4,57,107443,2,0,40,0,0,1,0,1
1017,28789,4,57,64960,11,0,45,0,0,0,1,1
1018,42467,4,40,151504,9,0,50,0,0,0,1,1
1019,27770,4,34,148207,10,0,65,1,0,0,1,1
1020,5854,4,64,256019,14,0,35,0,0,1,1,1
1021,30726,4,33,48010,10,0,40,0,0,0,0,0
1022,36807,4,58,139736,9,0,40,0,0,0,1,1
1023,43639,4,31,263796,6,0,50,0,0,1,0,0
1024,22317,4,23,209955,9,0,40,0,0,0,0,0
1025,38775,4,18,421350,7,0,20,0,0,1,0,0
1026,3885,4,46,32825,9,0,40,0,0,0,0,1
1027,3227,4,39,129597,13,3464,40,0,0,0,1,1
1028,6994,1,22,227994,10,0,39,0,0,0,0,1
1029,25928,1,27,230959,13,0,40,0,0,0,0,1
1030,36136,4,20,195075,10,0,30,0,0,0,0,0
1031,1824,4,51,158948,9,0,84,1,0,1,1,1
1032,46243,4,32,136331,13,0,40,1,0,0,1,1
1033,34232,4,44,231793,9,0,52,0,0,0,1,1
1034,30030,2,33,311194,7,0,17,0,0,1,0,1
1035,14552,4,80,173488,10,0,20,0,0,1,0,1
1036,39566,4,47,192053,4,0,55,1,0,1,0,1
1037,40867,4,57,37394,13,0,50,1,0,1,1,1
1038,1900,3,29,149943,10,0,40,0,0,0,0,0
1039,17937,4,37,280966,10,0,50,1,0,0,0,1
1040,41685,2,17,130969,5,0,20,0,0,1,0,1
1041,44240,4,34,55849,9,7298,50,1,0,1,1,1
1042,38393,4,64,169072,6,0,50,0,0,1,0,1
1043,26358,4,44,403782,11,0,45,0,0,1,0,1
1044,43618,4,75,207116,9,0,40,0,0,1,0,1
1045,47213,2,40,235523,9,0,40,0,0,0,0,1
1046,41671,4,23,271486,9,0,40,0,0,0,0,0
1047,46735,4,20,259301,10,0,35,0,0,0,0,0
1048,12915,4,37,117567,13,0,60,1,0,0,1,1
1049,22646,4,28,188064,9,0,35,0,0,0,0,0
1050,24224,4,31,209103,10,3464,45,0,0,0,0,0
1051,2116,4,37,35330,9,0,55,0,0,0,1,1
1052,2084,4,28,308493,9,0,17,0,0,1,0,0
1053,19826,4,55,209535,14,0,40,1,0,1,1,1
1054,29342,1,40,191342,13,0,40,1,0,0,0,1
1055,45922,4,38,119098,10,0,42,0,0,0,0,0
1056,5923,2,20,325493,9,0,40,0,0,0,0,1
1057,7356,4,42,166740,13,0,40,0,0,0,1,1
1058,24868,4,39,176101,13,0,40,0,0,0,1,1
1059,13431,4,32,136204,14,0,55,1,0,0,1,1
1060,10229,4,35,202027,10,0,60,0,0,0,1,1
1061,3940,4,49,371299,9,0,35,0,0,0,0,1
1062,19793,4,60,198170,10,0,40,1,0,0,1,1
1063,15044,4,63,196994,13,0,15,0,0,1,1,1
1064,6631,4,46,353824,12,0,40,0,0,1,0,1
1065,46849,2,29,120645,12,0,40,0,0,0,0,1
1066,31146,2,25,173062,13,0,40,0,0,0,0,1
1067,15780,4,47,343579,2,0,12,0,0,1,0,0
1068,38063,4,66,195161,15,0,20,0,0,1,1,1
1069,30476,4,27,85918,13,0,68,0,0,1,1,1
1070,41939,1,33,361280,16,0,40,0,0,1,0,1
1071,44578,4,62,180418,8,0,40,0,0,0,0,1
1072,46199,4,31,226525,13,0,51,0,0,0,1,1
1073,25314,4,19,137578,9,0,53,0,0,0,0,0
1074,33574,4,30,370498,10,0,40,0,0,0,0,0
1075,23264,4,42,185145,10,0,57,0,0,0,1,1
1076,9520,4,60,25141,10,0,60,0,0,1,1,1
1077,46705,4,29,425830,12,0,40,0,0,0,0,1
1078,30536,4,27,44767,9,0,40,0,0,0,0,0
1079,8230,4,23,91189,13,0,20,0,0,1,0,0
1080,36753,4,58,185338,13,0,40,1,0,0,1,1
1081,41699,4,23,203924,9,0,70,0,0,1,1,1
1082,11309,4,42,126094,9,0,39,0,0,0,0,0
1083,609,4,17,169658,6,0,21,0,0,0,0,0
1084,30948,4,51,134447,9,0,70,0,0,1,1,1
1085,25695,4,47,149700,14,15024,35,1,0,1,1,1
1086,15607,4,33,137059,10,0,10,0,0,1,0,0
1087,6484,4,36,162256,9,0,40,0,0,0,0,0
1088,32466,4,33,177727,9,0,40,1,0,0,0,0
1089,3168,4,31,111567,13,0,70,1,0,1,1,1
1090,31946,4,43,163434,13,0,55,1,0,0,1,1
1091,40999,4,23,131415,9,0,35,0,0,0,0,0
1092,7544,4,38,159179,15,0,45,1,0,0,1,1
1093,48210,4,26,143280,9,0,40,0,0,0,0,0
1094,27917,4,40,178983,9,0,30,1,0,0,0,0
1095,24803,4,25,259300,13,0,16,0,0,1,0,1
1096,47817,4,29,101108,9,0,15,0,0,1,0,0
1097,2514,4,29,490332,10,0,45,1,0,1,0,1
1098,5158,4,22,36011,11,0,30,0,0,1,0,0
1099,43173,4,48,195104,9,0,60,0,0,0,1,1
1100,2829,4,36,107302,14,0,60,1,0,0,1,1
1101,38918,4,38,314007,9,0,78,0,0,1,1,1
1102,41084,4,64,209291,9,0,60,1,0,1,1,1
1103,17011,4,23,187513,11,0,40,0,0,0,0,0
1104,43770,2,45,166181,9,0,25,0,0,0,0,1
1105,35005,4,39,107302,13,0,35,1,0,0,1,1
1106,7337,4,37,538443,9,14344,40,1,0,1,0,1
1107,9620,4,62,26911,4,0,66,0,0,1,0,1
1108,23323,4,24,103277,9,2597,40,0,0,0,0,0
1109,14023,4,54,257869,10,0,28,0,0,1,0,1
1110,31405,4,41,469454,10,0,40,0,0,1,0,1
1111,13294,4,61,168654,9,0,40,0,0,0,0,1
1112,16794,4,24,109053,9,0,25,0,0,0,0,0
1113,34548,4,21,188923,9,0,25,0,0,0,0,0
1114,18111,4,52,104280,10,0,50,0,0,0,1,1
1115,40756,4,51,126850,9,0,65,0,0,1,1,1
1116,27492,1,61,80896,14,0,45,1,0,1,0,1
1117,18701,4,51,228516,9,0,45,0,0,0,0,1
1118,9452,4,47,464945,9,0,45,0,0,1,0,1
1119,43277,2,47,234470,12,0,40,0,0,0,0,1
1120,10351,4,38,222450,10,0,40,0,0,0,0,0
1121,14421,4,34,31740,9,0,40,0,0,0,0,0
1122,33131,4,32,28984,10,0,25,0,0,1,0,0
1123,31108,1,38,125499,13,7688,60,1,0,1,0,1
1124,23656,4,20,184779,10,0,20,0,0,0,0,0
1125,853,4,26,96467,13,0,40,0,0,0,1,1
1126,13097,4,37,194004,7,0,25,0,0,1,0,0
1127,36064,4,39,346478,9,0,40,1,0,0,0,0
1128,26577,4,64,149775,14,0,8,0,0,1,1,1
1129,33462,4,56,124137,15,99999,45,1,1,1,1,1
1130,10587,2,42,204450,9,0,40,0,0,0,0,1
1131,33494,4,56,296991,15,0,55,1,0,1,1,1
1132,884,4,33,258498,10,0,60,0,0,0,1,1
1133,22708,2,24,67804,9,0,40,0,0,0,0,1
1134,29626,4,28,160981,10,0,52,0,0,0,0,1
1135,34219,4,53,116288,9,0,40,0,0,0,1,1
1136,7180,4,37,218184,13,0,40,1,0,0,1,1
1137,27756,2,21,478457,10,0,12,0,0,1,0,1
1138,10849,4,51,123011,13,0,50,1,0,0,1,1
1139,31939,4,44,157217,13,0,42,0,0,0,1,1
1140,19602,2,41,114967,11,0,40,1,0,0,0,1
1141,9733,4,47,114754,9,0,40,0,0,0,0,1
1142,8675,4,33,196385,14,0,37,1,0,0,1,1
1143,17023,4,36,152307,9,0,40,0,0,0,0,0
1144,23242,2,45,236612,7,0,40,0,0,1,0,1
1145,39704,0,33,26252,12,0,40,0,0,0,0,1
1146,37349,4,18,192254,10,0,10,0,0,0,0,0
1147,40684,4,20,95552,9,0,40,0,0,0,0,0
1148,5994,4,52,99307,12,3103,48,1,0,1,1,1
1149,37908,4,21,415755,10,0,40,0,0,0,0,0
1150,24986,4,24,134787,10,0,40,0,0,0,0,0
1151,37543,4,52,266433,10,0,40,0,0,0,0,1
1152,3919,4,22,73203,9,0,40,0,0,0,0,0
1153,43342,4,35,49020,12,0,35,0,0,0,1,1
1154,7497,4,33,121966,9,0,40,0,0,0,0,0
1155,31292,4,42,194417,10,0,40,1,0,0,0,0
1156,15509,4,46,170850,9,0,50,1,0,0,1,1
1157,40074,2,49,316323,9,0,48,1,0,0,0,1
1158,31319,4,32,420895,13,0,47,0,0,0,0,1
1159,19819,4,35,134367,12,0,40,0,0,0,1,1
1160,1584,4,48,65535,9,0,50,0,0,0,1,1
1161,14981,4,45,201865,16,0,45,1,0,1,1,1
1162,46048,2,20,187149,9,0,40,0,0,0,0,1
1163,22543,4,18,193166,5,0,42,0,0,1,0,0
1164,32730,4,42,55457,6,0,40,0,0,1,0,0
1165,35837,4,56,116878,3,0,40,1,0,1,0,1
1166,30196,4,34,35595,11,0,40,0,0,0,0,1
1167,44168,4,34,176862,13,0,40,0,0,0,1,1
1168,27058,4,23,163090,12,0,20,0,0,1,0,0
1169,30570,4,24,315476,12,0,40,0,0,0,0,1
1170,33985,4,24,314440,9,0,40,0,0,0,0,0
1171,1388,4,19,194095,10,0,40,0,0,0,0,0
1172,19105,2,44,189956,13,15024,40,1,0,1,1,1
1173,25982,4,25,192321,12,0,80,0,0,1,1,1
1174,12829,4,37,241998,13,0,40,1,0,0,1,1
1175,16332,4,21,305781,9,0,45,0,0,0,0,0
1176,19486,4,28,188278,13,0,50,0,0,0,1,1
1177,24588,4,23,210797,10,0,40,0,0,0,0,0
1178,34402,4,20,24008,10,0,40,0,0,0,0,0
1179,36423,4,34,121093,13,0,53,1,0,0,1,1
1180,34641,4,59,249814,9,0,37,0,0,0,0,1
1181,13709,4,48,255439,10,0,40,0,0,0,0,1
1182,12967,4,51,103995,12,0,25,0,0,1,1,1
1183,7168,4,22,62865,12,0,40,0,0,0,1,1
1184,41543,4,30,385177,13,0,24,1,0,1,0,1
1185,15681,4,32,37210,13,0,45,1,0,0,1,1
1186,28126,4,31,191834,10,0,40,1,0,0,0,0
1187,22177,0,35,85548,10,0,40,0,0,0,0,1
1188,21479,4,44,226129,11,0,50,1,0,1,1,1
1189,8807,4,69,169717,13,6418,45,1,0,1,1,1
1190,35682,4,38,111128,10,0,40,0,0,0,0,0
1191,1282,4,65,36039,9,0,40,1,0,0,1,1
1192,15217,2,21,372636,9,0,40,0,0,0,0,1
1193,8869,4,23,40021,10,0,70,0,0,1,1,1
1194,35680,4,35,123939,9,0,40,0,0,0,0,0
1195,11416,4,41,120277,13,0,40,0,0,0,1,1
1196,30625,4,53,55861,9,0,40,1,0,0,1,1
1197,35649,4,41,106501,12,7688,50,1,0,1,1,1
1198,46501,4,45,201699,10,0,40,0,0,0,0,1
1199,23751,4,61,97128,13,0,45,1,0,0,1,1
1200,41471,4,48,102359,16,0,60,1,0,1,1,1
1201,672,4,17,368700,7,0,10,0,0,1,0,0
1202,3610,4,45,177543,9,0,50,0,0,0,1,1
1203,33194,4,27,241431,9,0,35,0,0,0,0,0
1204,24539,4,40,142886,13,0,40,0,0,0,1,1
1205,24810,4,35,129597,10,0,46,0,0,0,1,1
1206,17922,4,36,178815,13,8614,40,1,0,1,1,1
1207,9988,4,41,144995,14,0,55,0,0,0,1,1
1208,42797,4,50,123004,9,0,40,1,0,0,0,1
1209,38131,4,39,191161,9,0,55,0,0,0,1,1
1210,3714,2,44,286750,13,0,50,1,0,1,0,1
1211,30973,4,31,128567,9,0,40,0,0,0,0,0
1212,17846,4,45,178341,14,0,50,0,0,0,1,1
1213,3366,4,36,84306,13,5013,50,0,0,1,1,1
1214,33702,4,34,24361,15,10520,40,1,0,1,1,1
1215,32960,4,60,164730,13,0,40,0,0,0,1,1
1216,47759,4,62,99470,9,0,45,1,0,0,1,1
1217,46622,4,32,246282,16,2961,99,0,0,1,1,1
1218,10069,4,51,203015,9,0,40,0,0,0,0,1
1219,18747,2,39,169249,9,0,40,0,0,0,0,1
1220,41598,4,38,152307,13,0,41,1,0,0,1,1
1221,9828,4,32,191856,14,0,45,1,0,0,1,1
1222,34956,2,35,174571,9,0,40,0,0,0,0,1
1223,13328,4,34,105493,14,0,40,0,0,0,1,1
1224,18683,0,30,76313,9,0,48,0,0,0,0,1
1225,24534,4,31,209101,15,0,25,1,0,1,1,1
1226,44526,4,32,221680,13,0,40,0,0,0,1,1
1227,12208,4,42,198316,14,0,40,1,0,0,1,1
1228,20841,4,19,231972,7,0,20,0,0,1,0,0
1229,28929,4,18,113185,7,0,25,0,0,1,0,0
1230,41591,4,22,214731,10,0,15,0,0,0,0,0
1231,45121,4,18,65098,9,0,30,0,0,0,0,0
1232,48021,4,59,190748,9,0,40,0,0,0,1,1
1233,22583,1,29,90934,13,0,64,1,0,1,0,1
1234,10962,4,19,198668,4,0,40,0,0,1,0,0
1235,15143,4,32,207113,6,0,40,0,0,0,0,0
1236,25434,4,27,312692,13,0,12,0,0,1,0,0
1237,44118,4,35,28572,7,0,40,0,0,1,0,0
1238,20230,4,26,59367,13,0,40,0,0,0,1,1
1239,31827,4,55,183580,10,0,38,0,0,0,1,1
1240,17136,4,44,230684,9,0,45,0,0,0,0,1
1241,24775,4,56,76142,9,0,40,0,0,0,1,1
1242,28066,2,37,340599,7,0,40,0,0,1,0,1
1243,18392,4,32,240888,12,0,40,0,0,0,1,1
1244,30490,4,34,158615,10,0,40,0,0,0,0,0
1245,11808,4,25,156334,6,0,40,0,0,0,0,0
1246,26048,4,19,439779,10,0,15,0,0,1,0,0
1247,35695,4,45,127948,13,0,40,0,0,0,1,1
1248,34037,3,27,62082,13,0,38,0,0,0,1,1
1249,198,4,35,138992,14,7298,40,1,0,1,1,1
1250,41322,4,68,180082,9,0,23,0,0,1,0,1
1251,13062,4,34,737315,13,0,40,1,0,1,0,1
1252,30578,4,20,334105,10,0,10,0,0,1,0,0
1253,16812,4,30,197827,10,0,40,0,0,0,0,0
1254,22292,0,42,23813,10,2885,30,0,0,1,0,1
1255,10393,2,59,200700,12,0,40,0,0,0,0,1
1256,44703,2,51,345459,10,0,40,0,0,0,0,1
1257,11790,4,23,34113,9,0,45,0,0,0,0,0
1258,37511,4,40,308296,9,0,40,0,0,0,0,0
1259,24698,4,41,49797,9,0,40,0,0,0,0,0
1260,7040,4,49,43479,10,0,40,0,0,0,1,1
1261,41511,3,49,136358,14,0,20,0,0,1,1,1
1262,34823,4,25,314464,9,0,40,0,0,0,0,0
1263,24428,4,35,422933,13,0,37,0,0,1,0,1
1264,13745,4,37,125933,9,0,40,1,0,0,0,0
1265,45631,4,31,103772,10,0,40,0,0,0,0,0
1266,7270,4,40,163215,13,0,40,0,0,0,1,1
1267,28323,4,55,99551,13,0,15,0,0,1,1,1
1268,13983,2,37,259882,11,0,6,0,0,1,0,1
1269,43900,4,31,152109,10,0,30,0,0,0,0,0
1270,9955,3,28,118861,6,0,48,0,0,0,0,0
1271,11605,3,40,145439,3,4064,40,0,0,1,0,1
1272,2740,4,38,236391,13,7688,40,1,0,1,1,1
1273,28188,4,49,208978,9,0,16,0,0,1,0,0
1274,26864,4,37,169426,9,0,60,1,0,0,1,1
1275,2710,4,50,92079,10,0,45,1,0,0,1,1
1276,44946,4,26,135521,9,0,50,0,0,0,0,0
1277,5369,4,43,86750,11,0,99,0,0,1,1,1
1278,21517,4,35,108946,9,0,40,0,0,0,0,0
1279,5146,4,41,59938,9,0,43,0,0,0,0,1
1280,28823,0,28,25684,9,0,40,0,0,0,0,1
1281,37478,4,32,220148,9,0,40,0,0,0,0,0
1282,19962,4,38,151322,9,0,40,0,0,0,0,0
1283,37413,4,31,106637,10,0,20,0,0,0,0,0
1284,681,4,37,161141,11,0,40,1,0,0,0,0
1285,8932,4,30,250499,10,0,55,1,0,0,1,1
1286,27851,4,61,197286,4,0,40,0,0,1,0,1
1287,43322,4,22,194630,10,0,10,0,0,0,0,0
1288,47255,4,67,132586,9,0,15,0,0,1,0,1
1289,16159,4,36,175759,13,7298,50,1,0,1,1,1
1290,31915,4,42,101593,13,0,42,0,0,0,1,1
1291,3180,4,30,326104,9,0,40,1,0,0,0,0
1292,11500,4,24,173679,11,0,20,0,0,0,0,0
1293,34922,4,30,70985,9,0,75,0,0,1,1,1
1294,39546,4,28,116298,4,0,45,0,0,1,0,0
1295,46848,4,33,213722,9,0,35,0,0,0,0,0
1296,41926,4,46,110457,9,0,40,0,0,0,0,1
1297,37303,4,22,196280,12,0,40,0,0,0,1,1
1298,7220,2,58,136982,9,0,40,0,0,0,0,1
1299,39079,4,25,189663,14,0,40,0,0,0,1,1
1300,39730,4,26,376016,9,0,30,0,0,0,0,0
1301,37247,4,38,143123,14,0,40,1,0,0,1,1
1302,31451,4,34,154120,9,0,55,0,0,0,1,1
1303,28232,4,38,99138,13,0,38,0,0,0,1,1
1304,40356,4,34,31752,9,0,40,0,0,0,0,0
1305,17756,1,29,341672,9,0,50,1,0,0,0,1
1306,22848,4,35,186934,14,0,40,1,0,0,1,1
1307,32065,4,61,232719,14,0,50,0,0,1,1,1
1308,2705,4,40,218903,9,0,40,0,0,0,0,0
1309,42312,4,38,248941,10,0,40,1,0,0,0,0
1310,32011,4,32,116508,10,0,50,1,0,0,1,1
1311,29948,4,41,96741,12,0,40,0,0,0,1,1
1312,46395,4,31,393702,9,0,36,0,0,0,0,0
1313,11734,4,18,36251,6,0,15,0,0,1,0,0
1314,13904,4,41,151990,11,0,15,1,0,1,0,1
1315,12793,4,38,31848,11,0,40,1,0,0,1,1
1316,12216,4,73,92298,7,0,15,0,0,1,0,1
1317,5754,4,20,190457,9,0,30,0,0,0,0,0
1318,7852,4,50,69614,6,0,56,0,0,1,0,1
1319,3085,4,20,157145,10,0,10,0,0,0,0,0
1320,19741,4,53,96827,13,0,40,0,0,0,1,1
1321,11402,4,46,247043,9,0,40,1,0,0,0,1
1322,2996,4,39,202950,13,0,45,0,0,0,1,1
1323,13964,4,20,280714,10,0,40,0,0,0,0,0
1324,32688,4,41,203217,4,0,40,0,0,1,0,0
1325,3863,4,54,22743,10,15024,60,1,0,1,1,1
1326,3780,4,33,131568,9,0,66,0,0,0,1,1
1327,48145,4,45,102288,10,0,40,0,0,0,0,1
1328,22281,4,31,169002,9,0,55,0,0,0,1,1
1329,25516,4,27,210765,11,0,40,0,0,0,0,0
1330,44548,4,73,33493,9,0,3,0,0,1,0,1
1331,36583,4,30,178952,9,0,40,0,0,0,0,0
1332,48240,2,27,202062,13,0,40,0,0,0,0,1
1333,5582,4,30,149184,13,0,45,1,0,0,1,1
1334,22105,4,37,175643,9,0,30,0,0,0,0,0
1335,25243,4,49,321851,12,0,30,0,0,1,0,1
1336,38289,4,38,202937,14,0,40,1,0,0,1,1
1337,10930,4,36,175232,9,5178,40,1,0,1,0,0
1338,40305,4,34,209691,10,0,66,0,0,0,1,1
1339,20458,4,24,327518,11,0,45,0,0,0,0,0
1340,45376,4,30,143766,13,0,40,1,0,0,1,1
1341,29854,4,28,584790,11,0,40,1,0,1,0,1
1342,47715,4,69,216269,12,0,40,0,0,1,1,1
1343,6211,4,34,316470,10,0,40,0,0,0,0,0
1344,24508,4,36,167691,10,0,50,0,0,0,1,1
1345,19828,4,33,55699,9,3908,40,0,0,0,0,0
1346,35536,4,42,113461,9,0,40,0,0,0,0,0
1347,26565,4,47,97176,10,0,40,0,0,0,0,1
1348,13129,4,43,149909,9,0,42,1,0,0,0,0
1349,39914,4,30,153876,12,0,53,0,0,0,1,1
1350,36480,4,20,187592,10,0,40,0,0,0,0,0
1351,24586,4,21,197050,10,0,35,0,0,0,0,0
1352,25220,4,40,153489,9,3137,40,0,0,0,0,0
1353,11863,4,40,214242,9,0,50,0,0,0,0,1
1354,37869,3,45,385793,3,0,40,0,0,1,0,1
1355,15423,2,51,91137,5,0,40,0,0,1,0,1
1356,35630,2,31,240504,10,0,50,1,0,0,0,1
1357,4326,4,63,149756,12,0,40,1,0,0,1,1
1358,15968,4,48,309895,10,0,40,0,0,0,0,1
1359,5042,4,30,296509,4,0,45,0,0,1,0,0
1360,20038,2,48,215389,9,0,40,1,0,0,0,1
1361,32397,4,69,174379,9,0,30,0,0,1,0,1
1362,45924,0,22,49414,10,0,40,0,0,0,0,1
1363,34885,4,54,147629,14,7298,35,1,0,1,1,1
1364,10276,4,33,357954,9,0,35,0,0,0,0,0
1365,7673,4,27,175387,13,0,40,0,0,0,1,1
1366,26388,4,44,166597,14,0,40,1,0,0,1,1
1367,25353,4,20,183594,10,0,40,0,0,0,0,0
1368,34517,4,18,165950,7,0,21,0,0,0,0,0
1369,15463,4,24,326587,10,0,40,0,0,0,0,0
1370,3737,4,49,115613,5,0,40,0,0,1,0,0
1371,1599,4,24,216129,13,0,50,0,0,0,1,1
1372,42491,4,26,155459,13,0,45,0,0,0,1,1
1373,28777,4,38,172342,10,0,40,0,0,0,0,0
1374,18067,4,46,131091,13,0,40,1,0,0,1,1
1375,35172,2,45,130561,7,0,35,0,0,1,0,1
1376,17242,4,19,451951,9,0,40,0,0,1,0,1
1377,18082,2,51,130667,9,0,6,0,0,1,0,1
1378,45094,4,45,226081,11,0,40,1,0,0,1,1
1379,6194,4,49,61885,7,0,40,0,0,1,0,1
1380,14761,4,55,141409,6,7688,50,1,0,1,0,1
1381,23209,2,21,380219,10,0,40,0,0,0,0,1
1382,21298,4,37,329980,10,0,40,0,0,0,0,1
1383,37790,4,41,151856,9,0,40,0,0,0,0,0
1384,31112,4,46,238162,12,0,50,1,0,1,1,1
1385,20347,4,34,114639,10,0,20,0,0,1,0,0
1386,37048,4,36,166855,4,0,40,0,0,1,0,0
1387,31588,4,43,346321,14,0,45,1,0,1,1,1
1388,36164,4,63,199888,9,0,40,0,0,0,1,1
1389,39940,4,39,303677,10,0,15,0,0,1,0,0
1390,17009,4,35,241998,9,0,40,1,0,0,0,0
1391,32768,4,43,157237,14,0,40,1,0,0,1,1
1392,24988,4,23,41721,11,0,55,1,0,1,1,1
1393,15033,4,62,664366,13,0,60,1,-1,1,0,1
1394,26218,4,23,217961,9,0,45,0,0,0,0,0
1395,5377,2,19,308064,9,0,40,0,0,0,0,1
1396,13847,4,55,182460,9,15024,35,1,0,1,1,1
1397,322,4,35,186110,9,0,45,0,0,0,0,0
1398,7708,2,24,382146,10,0,40,0,0,0,0,1
1399,20815,4,20,194848,10,0,40,0,0,0,0,0
1400,31305,4,23,288771,10,0,30,0,0,0,0,0
1401,31530,1,34,143582,10,0,35,0,0,0,0,1
1402,1163,4,54,96062,12,0,40,1,0,0,1,1
1403,28735,4,25,326370,10,0,38,0,0,0,0,0
1404,31632,4,21,224640,10,0,40,0,0,0,0,0
1405,2531,4,20,157599,10,0,25,0,0,0,0,0
1406,27351,4,31,111883,9,0,40,0,0,0,0,0
1407,2767,4,41,443508,13,0,48,1,0,1,0,1
1408,14631,4,22,374313,9,0,50,1,0,0,0,0
1409,47841,4,32,198265,2,0,21,0,0,1,0,0
1410,44362,4,17,108085,8,0,24,0,0,0,0,0
1411,8059,4,43,230961,9,0,40,0,0,0,0,0
1412,12639,4,42,202011,10,0,40,0,0,0,0,0
1413,27600,4,50,163671,9,0,40,0,0,0,0,1
1414,10827,4,34,349169,14,0,40,0,0,0,1,1
1415,26566,4,19,197714,9,0,35,0,0,0,0,0
1416,32514,4,31,56964,10,0,40,0,0,0,0,0
1417,4246,4,68,253866,13,0,30,0,0,1,1,1
1418,41891,4,33,198827,9,0,40,0,0,0,0,0
1419,47547,4,29,218650,10,0,40,0,0,0,0,0
1420,12711,4,46,27802,12,0,38,1,0,1,1,1
1421,15647,2,39,382802,6,0,40,0,0,1,0,1
1422,13519,2,22,177107,11,0,35,0,0,0,0,1
1423,18662,4,20,219262,10,0,40,0,0,0,0,0
1424,6808,4,17,130795,6,0,20,0,0,0,0,0
1425,19802,4,42,212206,14,0,48,1,0,0,1,1
1426,34916,4,25,197822,13,0,40,0,0,0,1,1
1427,48315,4,32,173449,9,0,40,0,0,0,0,0
1428,8895,4,34,314375,10,0,60,1,0,1,1,1
1429,24622,4,45,219632,9,0,40,0,0,0,0,0
1430,6847,4,18,202516,9,0,35,0,0,0,0,0
1431,43224,4,23,61777,13,2580,40,0,0,0,1,1
1432,39334,4,61,215766,13,0,50,1,0,1,1,1
1433,35593,4,36,154410,13,0,40,1,0,0,1,1
1434,22274,4,46,165953,13,0,45,1,0,0,1,1
1435,40670,4,28,66414,13,0,40,0,0,0,1,1
1436,24185,0,27,66824,13,3325,43,0,0,0,0,1
1437,10413,4,20,528616,3,0,40,0,0,1,0,0
1438,15124,4,61,226297,13,0,40,0,0,0,1,1
1439,26712,4,34,167832,6,0,40,0,0,0,0,0
1440,38223,4,70,88638,9,0,8,0,0,1,0,1
1441,9303,4,52,110977,16,0,40,1,0,1,1,1
1442,35299,4,41,192225,13,0,40,1,0,0,1,1
1443,29922,4,35,63021,10,0,35,0,0,0,0,0
1444,48319,4,25,350977,9,0,40,0,0,0,0,0
1445,46856,4,51,150999,9,0,40,1,0,0,0,1
1446,4377,4,35,340110,13,0,70,1,0,1,1,1
1447,43607,4,25,117393,13,0,38,0,0,0,1,1
1448,4128,4,41,221947,10,0,50,1,0,0,0,1
1449,33701,4,36,188800,9,0,40,1,0,0,0,0
1450,32456,2,49,171128,4,0,40,0,0,1,0,1
1451,44105,4,47,155890,13,7688,40,1,0,1,1,1
1452,3607,2,23,244771,10,0,20,0,0,0,0,1
1453,14073,4,36,182074,9,0,40,0,0,0,0,0
1454,10552,4,51,63424,14,0,40,1,0,0,1,1
1455,38734,4,31,119735,5,0,40,0,0,0,0,0
1456,30683,4,29,258862,13,0,45,0,0,0,1,1
1457,30863,4,47,140644,10,0,40,1,0,0,0,1
1458,30689,4,39,251323,5,0,40,0,0,1,0,0
1459,19711,4,47,96798,9,0,80,1,0,1,1,1
1460,62,4,48,149640,9,0,40,0,0,0,0,1
1461,31199,4,20,163665,10,0,17,0,0,0,0,0
1462,14539,3,43,197397,10,0,6,0,0,1,0,1
1463,5086,4,38,172571,10,0,58,0,0,0,1,1
1464,28431,4,26,283217,10,0,40,0,0,0,0,0
1465,16381,4,52,172165,6,0,25,0,0,1,0,1
1466,6013,2,34,297094,9,0,40,0,0,0,0,1
1467,6392,4,20,49179,10,0,35,0,0,0,0,0
1468,3425,4,39,357173,12,0,59,0,0,1,1,1
1469,45667,4,34,195891,13,0,50,1,0,0,1,1
1470,35455,4,50,77521,7,0,40,0,0,1,0,1
1471,35963,4,23,114939,10,0,30,0,0,0,0,0
1472,11097,4,48,145886,13,0,60,0,0,1,1,1
1473,20296,4,46,358886,9,0,40,0,0,0,0,1
1474,35021,4,27,96219,9,3418,32,0,0,0,0,0
1475,36327,0,22,170583,7,0,40,0,0,0,0,1
1476,14475,4,46,29437,12,0,50,0,0,1,1,1
1477,15312,4,20,193586,10,0,18,0,0,0,0,0
1478,29791,4,36,348960,9,0,50,0,0,0,0,1
1479,42885,4,47,20956,9,0,40,1,0,0,0,1
1480,14598,2,43,174491,9,0,40,0,0,0,0,1
1481,20574,4,35,127930,9,0,60,0,0,0,1,1
1482,45889,4,38,366618,9,0,40,0,0,0,0,1
1483,9389,4,26,318644,15,0,20,0,0,1,0,1
1484,10342,4,37,164898,10,0,52,0,0,0,1,1
1485,10883,4,40,191982,11,0,40,1,0,0,0,1
1486,7468,4,59,192983,9,0,40,0,0,0,0,1
1487,6750,4,63,273010,9,3471,40,0,0,1,0,1
1488,25258,4,36,126954,9,0,40,0,0,0,0,0
1489,13826,4,44,156815,9,0,40,0,0,0,0,0
1490,46033,4,21,80680,9,0,64,0,0,1,1,1
1491,17735,4,31,123397,9,5178,35,1,0,1,0,0
1492,1985,4,29,421065,9,0,48,0,0,0,0,1
1493,42651,2,52,38973,6,0,40,0,0,1,0,1
1494,36223,4,40,59916,9,0,40,0,0,0,0,0
1495,20367,4,25,109080,10,0,55,0,0,0,0,1
1496,23643,4,34,34572,9,0,60,0,0,1,1,1
1497,23329,4,28,96020,13,0,40,0,0,0,1,1
1498,21622,4,42,78765,10,3103,45,1,0,0,1,1
1499,5692,4,23,149224,9,0,40,0,0,0,0,0
1500,25644,4,30,113364,10,0,40,0,0,0,0,0
1501,42165,4,31,93326,10,0,40,0,0,0,0,0
1502,1655,4,44,120277,13,15024,50,1,0,1,1,1
1503,28540,4,41,153132,12,0,50,0,0,0,1,1
1504,428,4,63,222289,9,0,40,1,0,0,0,1
1505,31945,4,19,128363,10,0,30,0,0,0,0,0
1506,8692,4,55,113912,11,0,20,0,0,1,0,1
1507,3377,4,38,200153,9,0,60,0,0,0,1,1
1508,35345,4,21,33884,10,0,40,0,0,0,0,0
1509,31535,4,39,132879,10,0,50,1,0,0,1,1
1510,44680,4,66,231315,12,0,3,0,0,1,0,1
1511,41625,4,37,110861,10,0,40,0,0,0,0,0
1512,45861,4,19,116834,10,0,25,0,0,0,0,0
1513,6268,4,52,305053,9,0,40,0,0,0,0,1
1514,25777,4,19,574271,10,0,35,0,0,1,0,1
1515,24199,2,25,187502,9,0,24,0,0,0,0,1
1516,36243,4,51,79324,16,0,30,0,0,1,1,1
1517,20926,4,41,238355,3,0,40,0,0,1,0,0
1518,24720,4,44,165492,10,0,40,1,0,0,0,1
1519,42772,4,29,365328,10,0,40,0,0,0,0,0
1520,16604,4,47,168232,9,0,45,1,0,0,0,1
1521,46484,4,29,197382,7,0,45,0,0,0,0,0
1522,24181,4,22,115244,12,0,40,0,0,0,1,1
1523,12154,4,52,168553,9,0,40,1,0,0,0,1
1524,33774,4,55,118057,9,0,51,0,0,0,1,1
1525,6428,4,33,342730,10,0,52,0,0,0,0,1
1526,32787,4,28,193122,9,0,50,0,0,0,0,0
1527,40290,4,41,118544,10,0,12,0,0,1,0,0
1528,43783,4,29,255364,10,594,24,0,0,0,0,0
1529,46660,4,57,98466,9,0,16,0,0,1,0,1
1530,21416,4,37,236328,6,0,48,0,0,1,0,0
1531,30724,4,34,340880,9,0,60,1,0,1,0,1
1532,29594,2,61,141745,9,0,40,0,0,0,0,1
1533,24393,2,32,217304,13,0,30,0,0,1,0,1
1534,19166,4,22,117618,13,0,25,0,0,1,0,1
1535,15046,4,62,245491,13,99999,40,1,1,1,1,1
1536,7817,4,41,116493,9,13550,44,1,0,1,1,1
1537,40879,4,58,49159,9,0,40,1,0,0,1,1
1538,33501,4,42,60949,14,0,45,0,0,0,1,1
1539,5215,4,54,392502,10,0,40,1,0,0,0,1
1540,2210,4,39,179352,10,0,35,0,0,0,0,0
1541,23278,4,31,207505,16,0,70,1,0,1,1,1
1542,25468,4,44,222596,9,0,50,1,0,0,0,1
1543,45846,4,25,478836,10,0,40,0,0,0,0,1
1544,19967,4,56,147989,10,0,40,0,0,0,1,1
1545,29905,4,47,219632,3,0,40,0,0,1,0,0
1546,41729,4,28,335542,9,0,50,0,0,0,0,1
1547,39751,2,80,151959,9,0,15,0,0,1,0,1
1548,5504,4,48,94461,9,0,16,0,0,1,0,0
1549,15000,4,32,309513,9,0,50,0,0,0,0,1
1550,48294,4,24,374763,7,0,40,0,0,1,0,0
1551,3221,4,53,135102,9,0,45,0,0,0,1,1
1552,18376,4,28,246974,9,0,40,0,0,0,0,0
1553,628,4,33,205469,10,0,40,1,0,0,0,0
1554,3222,4,25,113436,10,0,35,0,0,0,0,0
1555,41200,4,19,450200,10,0,30,0,0,1,0,0
1556,21047,4,63,110610,6,0,50,0,0,1,0,1
1557,19647,0,37,116358,9,27828,48,1,0,1,1,1
1558,9743,4,57,298507,13,3103,40,1,0,1,1,1
1559,21272,4,26,195555,13,0,40,0,0,0,1,1
1560,42091,1,57,344381,10,7688,75,1,0,1,0,1
1561,20066,4,36,199439,14,0,45,1,0,0,1,1
1562,31466,2,48,207982,10,0,40,0,0,0,0,1
1563,38056,2,28,138976,9,0,48,0,0,0,0,1
1564,41968,4,26,472411,10,0,40,0,0,0,0,1
1565,6736,4,81,122651,10,0,15,0,0,1,0,1
1566,33237,4,57,186361,11,0,40,0,0,0,1,1
1567,16974,4,30,399522,7,0,40,0,0,1,0,0
1568,33700,4,82,220667,4,0,40,0,0,1,0,1
1569,15821,4,47,72896,9,0,40,0,0,0,0,1
1570,29695,4,64,267198,15,0,16,0,0,1,1,1
1571,8690,4,67,127543,6,2414,80,0,0,1,1,1
1572,9025,4,27,132686,8,0,50,0,0,0,0,0
1573,2182,4,41,438696,14,0,5,1,0,1,0,1
1574,27291,4,19,220101,10,0,40,0,0,0,0,0
1575,11708,4,33,167309,13,0,40,0,0,0,1,1
1576,26089,4,43,45156,10,0,60,0,0,1,1,1
1577,9961,4,18,192409,8,0,25,0,0,0,0,0
1578,11062,4,40,277647,13,0,40,1,0,0,1,1
1579,9613,4,46,330087,13,0,55,1,0,1,1,1
1580,17786,3,25,374163,8,0,60,0,0,1,0,1
1581,8899,4,36,66173,13,0,50,0,0,0,1,1
1582,15868,4,37,279029,13,0,40,0,0,0,1,1
1583,10803,4,21,201603,9,2176,40,0,0,0,0,0
1584,25263,4,18,60981,10,2176,35,0,0,0,0,0
1585,16723,4,30,159773,13,0,45,1,0,0,1,1
1586,34111,1,56,76534,9,0,21,0,0,1,0,1
1587,35425,4,36,207853,13,15024,65,1,0,1,1,1
1588,44766,4,42,180096,9,0,60,0,0,0,1,1
1589,33454,4,21,203178,9,0,35,0,0,0,0,0
1590,29254,4,19,340567,2,0,55,0,0,1,0,0
1591,15980,4,45,311080,10,0,40,1,0,0,0,1
1592,1901,4,65,27012,4,0,50,0,0,1,0,1
1593,36260,4,33,157216,14,0,40,0,0,0,1,1
1594,3016,4,40,184378,13,0,40,0,0,0,1,1
1595,31691,4,32,173998,10,0,60,0,0,0,1,1
1596,6658,4,31,37546,13,0,35,1,0,0,1,1
1597,14948,4,44,106900,14,0,44,1,0,0,1,1
1598,42257,4,53,95864,16,15024,50,1,0,1,1,1
1599,38821,4,47,246891,13,15024,45,1,0,1,1,1
1600,22513,4,34,340917,15,2829,50,0,0,1,1,1
1601,35702,4,47,97075,9,0,40,0,0,0,0,1
1602,39773,4,34,181091,10,0,50,0,0,0,1,1
1603,10477,4,27,200733,9,0,55,0,0,0,0,1
1604,24128,2,29,119429,9,0,40,0,0,0,0,1
1605,14493,4,38,218184,3,0,40,0,0,1,0,0
1606,23014,4,41,162140,9,0,40,0,0,0,0,0
1607,24636,2,29,188909,13,0,42,0,0,0,0,1
1608,32992,4,33,182556,8,0,40,0,0,0,0,0
1609,36010,4,45,176341,9,0,32,0,0,0,0,0
1610,385,4,23,396099,9,0,25,0,0,1,0,0
1611,36941,2,37,235070,9,0,35,0,0,0,0,1
1612,14365,4,17,260797,6,0,23,0,0,1,0,0
1613,32741,4,39,177140,9,0,40,1,0,0,0,0
1614,3707,4,41,343079,13,0,20,0,0,1,0,1
1615,11904,4,25,335005,10,3137,40,0,0,0,0,0
1616,19577,4,53,108815,9,0,60,0,0,1,1,1
1617,13179,4,37,75024,9,0,25,0,0,0,0,0
1618,18804,4,59,253062,15,0,55,1,0,1,1,1
1619,47196,4,27,217530,9,0,45,0,0,0,0,0
1620,9532,4,47,119199,10,0,35,1,0,0,0,1
1621,4867,4,42,174216,15,0,38,1,0,0,1,1
1622,8790,4,47,246396,9,0,40,0,0,0,0,1
1623,31651,4,27,103634,9,0,38,0,0,0,0,0
1624,35521,4,40,227823,12,0,70,0,0,1,1,1
1625,28980,2,20,237305,10,0,35,0,0,0,0,1
1626,30503,4,18,206008,10,2176,40,0,0,0,0,0
1627,21898,4,33,255004,10,0,50,0,0,0,0,1
1628,23588,4,39,262841,9,0,50,1,0,0,0,1
1629,1414,4,52,173839,6,0,60,0,0,1,0,1
1630,26163,4,35,160192,10,0,40,0,0,0,0,0
1631,2493,4,18,415520,7,0,20,0,0,1,0,0
1632,45308,4,24,123226,13,0,40,0,0,0,1,1
1633,23272,2,36,359678,9,0,48,0,0,0,0,1
1634,30350,4,35,231180,9,0,60,0,0,0,1,1
1635,47656,4,65,109221,4,0,60,0,0,1,0,1
1636,20912,4,36,185405,9,0,50,1,0,0,1,1
1637,16253,4,34,112820,9,2463,40,0,0,0,0,0
1638,27817,4,21,140764,9,0,45,0,0,0,0,0
1639,33369,4,37,144005,10,0,50,0,0,0,1,1
1640,25837,2,43,413760,10,0,40,0,0,0,0,1
1641,39540,4,49,169180,9,0,35,0,0,0,0,1
1642,24449,4,30,251120,4,0,38,0,0,1,0,0
1643,32457,4,33,145402,9,0,35,0,0,0,0,0
1644,29890,4,57,49893,14,0,60,1,0,1,1,1
1645,8929,4,37,66686,9,0,40,1,0,0,0,0
1646,7029,0,37,33487,10,0,20,0,0,1,0,1
1647,13154,4,28,150025,5,0,50,1,0,1,0,0
1648,44671,4,36,140676,13,0,50,0,0,0,1,1
1649,18335,4,24,243368,1,0,36,0,0,1,0,0
1650,1281,1,42,158926,12,0,40,1,0,0,0,1
1651,28631,2,21,205844,10,0,25,0,0,0,0,1
1652,31701,4,24,103064,9,0,55,0,0,0,0,0
1653,19681,4,23,210781,13,0,15,0,0,1,0,0
1654,31855,4,29,241431,9,0,45,0,0,0,0,0
1655,13534,4,26,98155,9,0,40,0,0,0,0,0
1656,914,2,23,543028,9,0,40,0,0,1,0,1
1657,17252,4,50,98975,13,15024,40,1,0,1,1,1
1658,41618,2,19,186682,9,0,40,0,0,0,0,1
1659,32044,4,36,258102,9,0,40,0,0,0,0,0
1660,45970,4,32,296466,9,0,50,1,0,0,0,1
1661,4976,4,22,99543,10,0,20,0,0,0,0,0
1662,2868,4,25,210278,13,0,30,0,0,1,1,1
1663,28674,4,26,337940,3,0,40,0,0,1,0,0
1664,46382,4,20,175800,10,0,25,0,0,0,0,0
1665,29617,2,18,215110,9,0,40,0,0,0,0,1
1666,2432,1,35,356250,15,0,35,0,0,1,0,1
1667,6515,4,26,126829,10,0,40,0,0,0,0,0
1668,14791,4,55,153788,10,0,37,0,0,0,1,1
1669,898,4,30,87418,13,0,45,1,0,0,1,1
1670,6322,4,66,127139,13,0,40,1,0,1,1,1
1671,32107,4,66,93318,9,0,40,0,0,0,1,1
1672,11438,4,37,77820,13,0,45,1,0,0,1,1
1673,42006,4,56,117400,10,0,35,0,0,0,1,1
1674,19357,4,23,162945,9,0,40,0,0,0,0,0
1675,29046,4,58,172333,9,7688,40,1,0,1,1,1
1676,35002,2,30,175413,9,0,35,0,0,0,0,1
1677,19789,4,21,308237,3,0,40,0,0,1,0,0
1678,40291,4,54,85423,9,0,40,1,0,0,1,1
1679,5245,4,24,157332,10,0,42,0,0,0,0,0
1680,15393,4,19,83930,9,0,20,0,0,0,0,0
1681,47388,4,54,150999,10,0,44,0,0,0,1,1
1682,30584,4,43,155106,12,0,70,1,0,1,1,1
1683,11690,3,17,289405,7,0,12,0,0,1,0,0
1684,40759,4,20,353696,10,0,28,0,0,0,0,0
1685,2593,2,39,315776,14,8614,52,1,0,1,0,1
1686,24520,4,37,196529,14,0,45,1,0,0,1,1
1687,9666,4,37,330826,11,0,30,0,0,1,0,1
1688,18353,4,39,208109,9,0,60,1,0,0,1,1
1689,30149,2,21,512828,9,0,40,0,0,1,0,1
1690,6605,4,39,182828,14,0,45,0,0,0,1,1
1691,34944,4,32,161288,5,0,45,0,0,0,0,0
1692,25250,4,41,200652,5,0,35,0,0,1,0,0
1693,37400,4,19,202951,10,0,20,0,0,0,0,0
1694,37851,4,33,255004,9,2354,61,0,0,0,1,1
1695,25361,4,48,49595,14,0,72,0,0,1,1,1
1696,11269,2,31,217962,8,0,40,0,0,0,0,1
1697,7779,4,28,148645,12,0,40,0,0,0,1,1
1698,11713,4,58,100960,9,0,50,0,0,0,1,1
1699,16957,4,41,279914,10,0,45,1,0,0,0,1
1700,3788,2,23,249277,9,0,75,0,0,1,0,1
1701,13168,4,22,289982,13,0,35,0,0,0,1,1
1702,26378,4,58,256274,9,0,40,0,0,0,0,1
1703,17983,4,47,141511,16,0,60,1,0,1,1,1
1704,47800,4,35,238802,9,0,20,0,0,1,0,0
1705,22678,4,53,172991,10,0,25,0,0,1,0,1
1706,2851,4,20,243986,10,0,20,0,0,0,0,0
1707,1012,4,50,767403,9,3103,40,1,0,1,0,1
1708,15566,4,54,28683,9,3464,40,0,0,0,1,1
1709,23080,4,20,234663,9,0,30,0,0,0,0,0
1710,1122,4,34,50178,10,0,38,0,0,0,0,0
1711,39999,4,65,244749,9,0,20,0,0,1,0,1
1712,40369,4,45,88500,13,7298,40,1,0,1,1,1
1713,34339,4,37,284616,10,0,48,0,0,0,0,1
1714,27947,4,41,180096,13,0,35,0,0,0,1,1
1715,33968,4,41,157217,9,0,40,0,0,0,0,0
1716,36353,4,30,204742,13,0,50,1,0,0,1,1
1717,24324,4,52,98752,5,0,40,0,0,1,0,1
1718,22905,4,40,34722,10,0,48,1,0,0,1,1
1719,42529,4,41,94113,9,99999,60,1,1,-1,1,1
1720,11398,4,31,82473,5,0,25,0,0,1,0,0
1721,6623,4,24,258120,13,0,55,0,0,1,1,1
1722,47956,2,19,260275,7,0,40,0,0,1,0,1
1723,7132,4,20,209955,10,0,25,0,0,0,0,0
1724,29780,4,28,419740,13,0,52,0,0,1,1,1
1725,46677,4,39,286730,9,0,40,0,0,0,0,0
1726,18238,4,43,247981,9,5455,50,0,0,1,1,1
1727,7844,2,41,169628,9,0,40,0,0,0,0,1
1728,5235,4,35,82622,10,0,80,0,0,1,1,1
1729,8040,2,50,166419,7,3674,40,0,0,1,0,1
1730,41035,4,37,216924,9,0,60,0,0,0,1,1
1731,40065,4,65,217661,9,0,40,1,0,0,0,1
1732,27174,2,46,157991,11,0,40,0,0,0,0,1
1733,12376,4,24,182342,13,0,40,0,0,0,1,1
1734,10279,4,25,113436,10,0,15,0,0,0,0,0
1735,19718,4,38,238980,10,0,40,0,0,0,0,0
1736,9501,4,24,112706,11,0,40,0,0,0,0,0
1737,11380,4,33,98995,6,0,36,0,0,0,0,0
1738,41008,4,20,60639,10,0,40,0,0,0,0,0
1739,28318,4,35,117381,13,0,40,0,0,0,1,1
1740,13314,2,40,375603,9,0,40,0,0,0,0,1
1741,11461,4,37,267085,10,0,40,0,0,0,0,0
1742,24494,4,18,25837,9,0,25,0,0,0,0,0
1743,36003,4,30,55912,13,0,50,0,0,0,1,1
1744,17345,2,57,47619,12,0,40,0,0,1,0,1
1745,6202,2,43,401623,10,0,40,1,0,0,0,1
1746,12678,4,46,103538,15,0,65,1,0,1,1,1
1747,39473,4,19,153019,9,0,40,0,0,0,0,0
1748,13114,1,65,137354,10,0,20,0,0,1,0,1
1749,11810,4,40,112362,14,0,40,0,0,0,1,1
1750,22986,4,44,277144,13,0,60,0,0,1,1,1
1751,32656,4,48,253596,13,0,48,0,0,0,1,1
1752,8225,4,29,133136,8,0,40,1,0,0,0,0
1753,8042,4,47,155659,9,0,60,0,0,0,1,1
1754,27644,4,53,167380,9,0,50,0,0,0,1,1
1755,30787,4,34,167474,9,0,40,0,0,0,0,0
1756,24178,4,44,186916,14,0,50,1,0,0,1,1
1757,38834,4,55,421228,14,0,40,1,0,1,1,1
1758,35810,4,44,92162,9,0,40,0,0,0,0,1
1759,30946,4,31,157886,10,0,40,0,0,0,0,0
1760,21497,4,29,178778,10,0,40,0,0,0,0,0
1761,24854,1,46,98350,6,0,37,0,0,1,0,1
1762,19260,4,38,183279,10,0,43,0,0,0,0,0
1763,34499,4,21,57827,9,0,40,0,0,0,0,0
1764,17969,4,24,95552,9,0,40,0,0,0,0,0
1765,8402,4,40,37869,9,0,50,0,0,0,1,1
1766,30082,4,51,341548,10,0,40,0,0,0,0,1
1767,5367,2,55,157079,10,0,40,1,0,0,0,1
1768,14766,4,34,345705,9,0,38,0,0,0,0,0
1769,10490,4,26,386949,9,0,25,0,0,1,0,0
1770,33215,4,45,285570,9,0,80,0,0,1,1,1
1771,25055,2,29,142555,14,0,42,0,0,0,0,1
1772,33029,4,56,174564,14,0,60,1,0,1,1,1
1773,20759,4,42,296749,10,0,45,0,0,0,0,1
1774,13643,4,51,199688,13,0,60,1,0,1,1,1
1775,11583,4,37,126675,11,0,60,1,0,1,1,1
1776,15278,2,19,225294,9,0,40,0,0,0,0,1
1777,39741,4,18,632271,10,0,40,0,0,1,0,1
1778,34428,4,52,95082,9,0,60,0,0,0,1,1
1779,42329,4,26,152263,9,0,45,0,0,0,0,0
1780,16185,4,36,376455,11,0,38,0,0,0,0,1
1781,8901,3,29,159479,9,0,55,0,0,0,0,1
1782,16540,4,73,102510,4,6418,99,1,0,1,1,1
1783,47706,4,31,185216,13,0,40,1,0,0,1,1
1784,45476,4,17,132187,6,0,15,0,0,0,0,0
1785,277,4,35,190174,10,0,40,0,0,0,0,0
1786,47305,4,30,175761,7,2580,40,0,0,0,0,0
1787,46980,4,17,318918,6,0,30,0,0,1,0,0
1788,30530,4,60,174073,9,0,40,0,0,0,1,1
1789,20896,4,43,243380,10,0,40,0,0,0,0,1
1790,34494,4,25,172402,10,0,40,0,0,0,0,0
1791,10189,1,52,135339,10,0,40,1,0,0,0,1
1792,5010,4,44,202872,10,0,25,0,0,0,0,0
1793,32492,4,61,21175,8,0,60,0,0,1,1,1
1794,29172,4,23,212617,13,0,66,0,0,1,1,1
1795,11124,4,20,181032,10,0,40,0,0,0,0,0
1796,41912,4,38,35890,9,0,40,0,0,0,0,0
1797,38241,1,40,86143,11,0,40,0,0,0,0,1
1798,40981,4,28,169460,11,0,80,0,0,1,1,1
1799,45213,4,47,95661,10,0,45,0,0,0,1,1
1800,25845,1,42,92288,14,0,40,0,0,0,0,1
1801,30670,4,35,217605,9,0,40,0,0,0,0,0
1802,33443,4,29,360401,10,0,48,0,0,0,0,1
1803,17309,4,45,320192,2,0,40,0,0,1,0,0
1804,40675,4,32,49539,10,3674,40,0,0,0,0,0
1805,23349,2,40,98985,9,0,50,0,0,0,0,1
1806,2608,4,23,203240,10,0,40,0,0,0,0,0
1807,625,2,30,124187,9,0,60,0,0,0,0,1
1808,36689,4,26,291586,9,0,40,0,0,0,0,0
1809,45260,4,43,211580,10,0,40,1,0,0,0,1
1810,14189,4,47,220269,10,0,40,1,0,0,0,1
1811,17052,4,46,116666,9,0,40,0,0,0,0,1
1812,16655,4,28,147560,10,0,55,1,0,0,1,1
1813,15075,4,28,95725,11,0,45,0,0,0,0,0
1814,484,2,52,271749,8,594,40,0,0,0,0,1
1815,27019,4,54,292673,2,0,35,0,0,1,0,0
1816,30059,4,24,199883,10,0,60,0,0,0,1,1
1817,15368,4,17,142912,6,0,40,0,0,1,0,0
1818,2975,2,27,37933,10,0,40,0,0,0,0,1
1819,27625,1,28,82488,9,0,40,0,0,0,0,1
1820,1911,4,39,191807,9,0,48,0,0,0,0,1
1821,1876,4,44,144778,10,0,45,1,0,0,1,1
1822,1138,4,27,138705,9,0,53,0,0,0,0,0
1823,15387,1,27,165365,9,2885,40,0,0,0,0,1
1824,12896,4,24,216181,11,0,40,0,0,0,0,0
1825,9826,4,22,213902,3,0,40,0,0,1,0,0
1826,17293,4,57,314153,13,0,55,1,0,1,1,1
1827,36732,4,37,172425,9,0,40,0,0,0,0,0
1828,8940,4,90,77053,9,0,40,0,0,1,1,1
1829,40063,4,45,162302,9,0,30,0,0,0,0,0
1830,23829,4,42,183241,14,0,45,1,0,0,1,1
1831,10240,0,40,284706,15,0,60,1,0,1,0,1
1832,43250,4,21,97214,9,0,35,0,0,0,0,0
1833,40706,4,41,224799,14,0,55,1,0,0,1,1
1834,15165,4,62,232719,14,0,50,0,0,1,1,1
1835,39775,2,29,155256,13,0,40,0,0,0,0,1
1836,15666,4,36,130200,9,0,40,0,0,0,0,0
1837,5931,4,53,152373,10,0,48,1,0,0,1,1
1838,4336,4,46,162187,13,0,40,1,0,0,1,1
1839,44271,4,25,223426,11,0,65,1,0,1,1,1
1840,7519,4,26,224361,9,0,40,0,0,0,0,0
1841,48137,4,48,277946,10,0,40,1,0,0,0,1
1842,29737,4,38,207066,9,0,42,1,0,0,0,0
1843,38843,4,35,127306,10,0,40,0,0,0,0,0
1844,39556,4,34,346736,12,0,50,0,0,1,1,1
1845,35584,4,67,165103,13,0,50,1,0,1,1,1
1846,4181,4,22,244366,13,0,40,0,0,0,1,1
1847,13941,4,33,155781,15,0,40,1,0,0,1,1
1848,16425,4,22,401451,10,0,48,1,0,0,0,1
1849,5987,4,20,293091,7,0,60,0,0,1,0,1
1850,34646,3,22,198956,9,0,35,0,0,0,0,0
1851,23120,4,28,392487,9,0,40,0,0,0,0,0
1852,12995,4,53,95864,9,0,35,0,0,0,1,1
1853,5572,4,27,255582,9,0,40,0,0,0,0,0
1854,273,4,27,209109,14,0,35,0,0,0,1,1
1855,4519,4,27,225291,10,0,40,0,0,0,0,0
1856,5875,4,42,184018,9,1151,50,0,0,0,1,1
1857,44017,2,20,123173,10,0,15,0,0,0,0,1
1858,43784,2,19,197377,10,0,20,0,0,0,0,1
1859,25487,3,36,52327,14,0,40,1,0,0,1,1
1860,21349,4,53,150980,10,3137,40,0,0,0,1,1
1861,40017,2,34,538243,10,0,40,0,0,1,0,1
1862,6128,4,21,29810,9,0,50,0,0,1,0,0
1863,10369,4,43,397963,9,594,16,0,0,1,0,0
1864,39547,4,27,369188,13,0,90,1,0,1,1,1
1865,37514,4,31,180656,9,0,35,0,0,0,0,0
1866,30889,4,25,161235,11,0,90,0,0,1,1,1
1867,971,4,28,161538,13,0,35,0,0,0,1,1
1868,3402,4,26,31350,7,0,50,0,0,1,0,0
1869,8546,4,57,46699,9,0,40,0,0,0,1,1
1870,1536,4,34,122116,10,0,40,0,0,0,0,0
1871,1704,4,22,376277,10,0,35,0,0,0,0,0
1872,20986,4,76,259612,9,0,15,0,0,1,0,1
1873,44639,4,41,163215,15,0,60,1,0,1,1,1
1874,42657,4,37,202683,10,0,35,0,0,0,0,0
1875,3211,4,82,29441,4,0,5,0,0,1,0,1
1876,17018,4,33,392812,13,0,45,1,0,0,1,1
1877,38994,4,43,210013,9,0,40,0,0,0,0,0
1878,35074,4,23,145964,10,0,20,0,0,0,0,0
1879,8474,4,36,146311,5,0,40,0,0,0,0,0
1880,30797,4,60,317083,13,0,45,1,0,1,1,1
1881,1818,4,52,185407,9,0,40,0,0,0,0,1
1882,20992,2,20,337488,10,0,30,0,0,0,0,1
1883,38059,4,35,365739,10,0,40,0,0,0,0,1
1884,17183,2,23,237044,9,0,12,0,0,0,0,1
1885,23825,4,38,58972,9,0,50,0,0,0,1,1
1886,40435,4,43,199657,9,0,20,0,0,1,0,0
1887,36361,2,54,249949,10,0,40,0,0,0,0,1
1888,5227,4,42,204033,13,0,35,0,0,0,1,1
1889,18750,4,19,28119,10,0,4,0,0,1,0,0
1890,41892,4,64,22228,10,0,10,1,0,1,0,1
1891,11107,2,51,174754,9,0,38,0,0,0,0,1
1892,23619,4,34,345705,13,0,50,1,0,1,1,1
1893,2980,4,37,98941,14,0,40,1,0,0,1,1
1894,35025,4,53,117674,10,7298,40,1,0,1,1,1
1895,39020,2,44,229148,9,0,35,0,0,0,0,1
1896,14792,4,20,60639,10,0,28,0,0,0,0,0
1897,20649,4,36,177907,10,0,65,0,0,0,1,1
1898,28468,4,43,64506,10,0,30,0,0,1,0,1
1899,8188,4,43,260960,13,0,35,0,0,0,1,1
1900,31787,4,23,162228,13,0,48,0,0,0,1,1
1901,25652,4,64,169482,10,0,40,0,0,0,1,1
1902,29325,2,47,181342,9,0,40,0,0,0,0,1
1903,37309,2,68,230904,7,0,35,0,0,1,0,1
1904,5872,2,62,224953,6,0,40,0,0,1,0,1
1905,4119,4,44,242619,10,0,40,0,0,0,0,1
1906,40570,4,36,353263,13,0,40,0,0,0,1,1
1907,14326,4,22,106700,12,0,27,0,0,1,0,0
1908,13642,4,39,82622,13,0,45,0,0,0,1,1
1909,4305,4,35,166416,9,0,99,0,0,1,1,1
1910,46912,4,36,414056,9,0,40,0,0,0,0,1
1911,10289,2,35,287658,10,0,40,1,0,0,0,1
1912,44432,4,67,350525,10,0,15,1,0,1,0,1
1913,40323,4,18,137363,10,0,20,0,0,0,0,0
1914,5011,2,27,198813,9,0,40,0,0,0,0,1
1915,45426,4,52,284648,9,0,99,1,0,1,1,1
1916,28403,4,31,574005,13,0,44,1,0,1,0,1
1917,14916,4,59,135617,7,0,40,0,0,1,0,1
1918,2530,4,21,294789,10,0,25,0,0,0,0,0
1919,34545,4,35,342642,14,0,40,0,0,0,1,1
1920,42369,4,29,128091,9,0,40,0,0,0,0,0
1921,351,4,26,192262,9,0,40,0,0,0,0,0
1922,27591,4,66,182378,4,0,30,0,0,1,0,1
1923,12052,4,20,216563,10,0,20,0,0,0,0,0
1924,30245,4,29,191935,9,0,40,0,0,0,0,0
1925,22472,4,41,29762,10,0,60,0,0,1,1,1
1926,46672,4,34,107417,9,0,40,0,0,0,0,0
1927,46723,4,49,272780,10,15024,60,1,0,1,1,1
1928,17816,4,26,359327,10,0,50,0,0,0,0,1
1929,1640,2,52,158993,9,0,38,0,0,0,0,1
1930,33411,4,43,223934,10,0,40,0,0,0,0,1
1931,45842,4,53,227475,13,0,40,0,0,0,1,1
1932,43451,4,42,63596,9,0,30,0,0,1,0,0
1933,12892,4,65,80174,9,1848,50,0,0,1,1,1
1934,38461,4,19,155863,10,0,30,0,0,0,0,0
1935,7205,4,47,315110,10,0,20,0,0,1,0,1
1936,24640,4,46,207677,9,0,30,0,0,0,0,0
1937,17717,4,67,172756,2,2062,34,0,0,1,0,1
1938,5070,2,32,128714,9,0,32,0,0,0,0,1
1939,42189,4,42,111483,14,0,48,1,0,0,1,1
1940,32622,2,37,263690,13,0,40,0,0,0,0,1
1941,13922,4,61,34632,13,0,30,0,0,1,1,1
1942,34155,4,32,181119,13,0,40,0,0,0,1,1
1943,9026,2,55,201112,9,0,40,0,0,0,0,1
1944,9459,2,33,252168,9,0,40,0,0,0,0,1
1945,30450,4,27,59068,9,0,40,0,0,0,0,0
1946,18641,4,27,164607,13,0,50,0,0,0,1,1
1947,36325,4,61,227119,9,0,40,1,0,0,0,1
1948,5610,1,26,306225,13,0,40,0,0,0,0,1
1949,37054,2,27,104993,9,0,40,0,0,0,0,1
1950,26396,2,30,164940,9,0,25,0,0,0,0,1
1951,20788,1,46,91262,10,0,40,0,0,0,0,1
1952,18304,4,40,224361,5,0,5,0,0,1,0,0
1953,23571,4,32,113364,10,0,30,0,0,0,0,0
1954,28045,4,25,153534,10,0,40,0,0,0,0,0
1955,11081,4,28,263614,13,0,40,1,0,0,1,1
1956,23877,4,19,574271,9,0,28,0,0,1,0,1
1957,45199,4,17,208967,7,0,24,0,0,1,0,0
1958,37075,4,18,176136,9,0,35,0,0,0,0,0
1959,26373,4,39,181705,9,0,45,0,0,0,0,0
1960,27743,4,42,198619,11,0,40,0,0,0,1,1
1961,2059,4,20,176321,8,0,40,0,0,0,0,0
1962,37435,4,50,134247,10,0,50,1,0,0,1,1
1963,23690,4,17,82041,7,0,40,0,0,1,0,0
1964,10951,4,24,182276,9,0,25,0,0,0,0,0
1965,37775,2,70,308689,3,0,40,0,0,1,0,1
1966,23709,2,66,157942,9,0,40,0,0,0,0,1
1967,10855,2,23,141264,10,0,40,0,0,0,0,1
1968,43026,4,40,205680,14,0,50,0,0,0,1,1
1969,34186,4,48,370119,13,0,50,1,0,1,1,1
1970,23898,4,39,193815,10,0,40,1,0,0,0,0
1971,8952,4,44,182402,9,0,40,1,0,0,0,0
1972,37161,4,27,95725,7,0,40,0,0,0,0,0
1973,10263,4,18,27620,9,0,25,0,0,0,0,0
1974,1603,2,57,236944,9,0,40,1,0,0,0,1
1975,14183,1,44,159297,9,0,40,1,0,0,0,1
1976,32843,4,38,52187,13,15024,50,1,0,1,1,1
1977,15400,4,19,194205,10,0,40,0,0,0,0,0
1978,21011,4,22,88126,13,0,40,0,0,0,1,1
1979,22772,0,58,41374,9,0,40,0,0,0,0,1
1980,41465,4,50,185283,10,0,40,0,0,0,1,1
1981,3792,4,53,137428,4,0,60,1,0,1,0,1
1982,47749,4,48,213140,12,0,60,1,0,1,1,1
1983,1406,4,30,30226,7,0,40,0,0,1,0,0
1984,44518,4,37,91716,9,0,75,0,0,1,1,1
1985,47685,4,36,167284,11,0,40,0,0,0,0,0
1986,36054,4,26,318644,9,0,35,0,0,0,0,0
1987,30295,2,25,348986,9,0,40,0,0,0,0,1
1988,23372,4,42,98211,13,15024,45,1,0,1,1,1
1989,25299,4,55,136819,13,0,40,0,0,0,1,1
1990,32211,2,38,257416,5,0,40,0,0,1,0,1
1991,13604,4,51,144084,9,0,40,0,0,0,0,1
1992,34040,4,47,54260,10,0,45,0,0,0,1,1
1993,5228,4,22,271274,7,0,40,0,0,1,0,0
1994,19805,4,70,315868,13,0,40,0,0,1,1,1
1995,30711,4,37,150057,9,0,52,1,0,0,1,1
1996,47415,4,36,127865,13,4650,25,0,0,1,1,1
1997,47018,4,45,243743,10,0,50,1,0,0,0,1
1998,14564,4,38,172571,13,0,54,1,0,0,1,1
1999,27099,4,47,170850,13,0,48,0,0,0,1,1
