0,1,sensitive_attribute,cluster
1.5687485080122794,0.1561860760728654,0,1
2.5668202010366366,-0.7083230648958083,0,1
2.4941785679666038,-0.6265195183209672,0,1
1.9674829057090228,-0.6470371674411138,0,1
0.26480716122784576,0.5305869534842842,0,0
2.1794231172119765,-0.5713759930177198,0,1
1.88260699465813,-0.4569630875395788,0,1
1.5637413880432918,0.19766267100521034,0,1
3.210260550047279,-0.5375885582300981,0,1
1.789200065774296,0.8071206917588001,1,0
2.8573026017215146,-0.6579347105081006,0,1
1.9809188108398383,0.5078104062937839,1,0
1.922320444816961,-0.4403220237466552,0,1
3.5429317458670986,-0.02447667349075039,0,1
3.5698570492258765,-0.16684869997443674,0,1
3.3193833932159436,-0.3380007932272062,0,1
0.9039304707372369,1.0227757577963752,0,0
3.3797078504307634,-0.41231967104251355,0,1
2.6182171488300594,-0.7330330978493605,0,1
0.6912650246223166,0.9342365814558391,0,0
1.593587222506509,-0.0736418306134948,0,1
1.5898345530840643,0.9515075766286676,1,0
0.46253736388377964,0.7255288065374311,0,0
1.5801628590278298,0.10102250146914799,0,1
1.298291079042403,0.9283872946027532,1,0
1.2733833215537158,1.0159377976686577,1,0
1.893909667377999,0.6353374225167823,1,0
3.651121057068229,0.1460143671698958,0,1
3.388001693007621,-0.351065460734509,0,1
3.5852002264144636,-0.022885791428490093,0,1
0.6051764790513148,0.8714835294467723,0,0
1.6660319634418346,0.7816641355572947,1,0
1.8135981087450632,-0.4658627924594908,0,1
0.1152624433982099,0.04177826991749532,0,0
0.37425472790260284,0.6095355254121818,0,0
1.434340653161965,1.080074093288222,1,0
2.196567057583918,-0.6712323135166668,0,1
1.8158376741340894,-0.2250229524103704,0,1
3.4165887223132096,-0.30647377016362437,0,1
2.0510466501496825,0.30597998244822927,1,0
0.5653166790504192,0.97468109171144,0,0
1.9387731883938737,0.5732687838495222,1,0
0.7188109688061557,0.9626317486450024,0,0
3.7046933527001755,0.11945226280097176,0,1
0.7707074307156648,0.9451616576493191,0,0
0.9880123550465428,0.9559097035285317,0,0
3.523309467736418,-0.320868602611332,0,1
1.7740725003578275,-0.31247348761348537,0,1
0.2407409055823858,0.3279031765427942,0,0
3.038419151935526,-0.6151007366995975,0,1
1.6293973839449392,-0.18402848189909438,0,1
3.3177205313152247,-0.5016050380479384,0,1
1.074616492576378,0.9895194662423529,0,0
1.7623142399684404,-0.3138155015753515,0,1
2.045407495447908,0.17013082886121492,1,0
2.0489936026690914,0.1795255739860949,1,0
1.8494017993756073,-0.4138647920030556,0,1
2.070873236797057,0.07038051427651006,1,0
1.2460739477320604,1.0176596674044673,1,0
3.013799191295327,-0.6453522895945679,0,1
0.9466392941772306,0.9020976159451496,0,0
2.1189258659786256,0.20049308034949212,1,0
1.5209573579828919,-0.07338401117498514,0,1
1.300081366672054,0.9778536919017272,1,0
1.811418242744792,-0.37171058712942495,0,1
2.2284738254729417,-0.6587996267719141,0,1
2.108343290619234,-0.6683909292604944,0,1
3.241467660227224,-0.4963434047078683,0,1
2.035449948492533,0.3879432914489443,1,0
1.6220796645221982,-0.0159245639209864,0,1
1.8530602491359307,0.5874255696312145,1,0
0.1123833997800231,0.031248420905410683,0,0
1.7714234625420182,-0.33944621278233666,0,1
2.519097108327078,-0.760029264631326,0,1
0.8830367422145828,0.9173953823265485,0,0
0.8723374657890117,0.9818751419426923,0,0
2.096430370269913,-0.6177976488360454,0,1
2.0438784134863646,0.19620781805876192,1,0
1.6595479036907599,-0.19322645309500236,0,1
0.6905056457051486,0.8943725943657549,0,0
2.2264864326998834,-0.7407594731212546,0,1
2.0594563359057334,0.33301568358301975,1,0
1.0092139037037582,0.8786468540068699,0,0
1.9314057747671893,0.382172795220859,1,0
0.7373074501603858,0.9068915596643669,0,0
1.6186491560998324,0.019683568130725193,0,1
3.6978619083616007,0.2773171289504526,0,1
2.3373330274897306,-0.7460348041311498,0,1
2.547730816642887,-0.7447163632719784,0,1
0.5564610739587197,0.910901764969981,0,0
0.4662585292212864,0.7076571700403769,0,0
0.1285905071759541,0.3239655128741004,0,0
1.6807232042058744,0.19046007450720215,0,1
1.253564408484434,1.0059143753229096,1,0
2.816119149892199,-0.6819299206137294,0,1
0.2035468527125902,0.26782972705985697,0,0
2.6638811181743525,-0.735908155521497,0,1
1.8854265210720644,0.5551683580203007,1,0
1.9528985493302304,0.34639384516322635,1,0
3.1204069880504224,-0.6804313563314821,0,1
2.4094697186665504,-0.8155198060066096,0,1
0.6143882804579712,0.7874521362554806,0,0
3.5172523683224277,-0.12736395770663117,0,1
1.096199947742692,0.9232037901643552,0,0
1.9298170993529562,-0.5341725640704342,0,1
1.8892089756473442,-0.4880513220034473,0,1
1.6297470812902024,-0.07133462692133477,0,1
3.567569803312049,-0.015920307896058,0,1
1.6963695711819056,0.8688608803652028,1,0
3.3818966801857973,-0.26364461792711397,0,1
1.6306040641869155,0.10125958592631312,0,1
2.982131965679072,-0.5983587711511618,0,1
3.4980945104369217,0.2191799647680357,0,1
2.93069727349632,-0.6749430559139267,0,1
2.016930247648391,0.5213481084190841,1,0
0.23522114674428973,0.44035200495430116,0,0
1.5718310474006656,0.9692826800458622,1,0
3.558705342171333,0.14982060303077027,0,1
1.536614885641988,0.034679283133560834,0,1
0.8711455664642276,0.9677030193556847,0,0
3.3940027574432214,-0.38450494592689866,0,1
0.2697629611629455,0.44519509171090715,0,0
2.339068490585782,-0.6793870444629516,0,1
0.9704172160322884,1.022867483802495,0,0
1.133224493490222,1.0608013138227834,1,0
1.6452666668134537,-0.10621846781508015,0,1
1.7441986946065664,-0.34557523761053704,0,1
0.13143947183387927,0.3856379436662887,0,0
3.3076140673023082,-0.47448294846397726,0,1
2.8352539360848192,-0.670607259378968,0,1
1.8138225569673283,-0.3313522411633394,0,1
3.237534484959633,-0.5942973096507531,0,1
0.9838101180199957,0.871011826934748,0,0
3.635794047592546,0.24051265245336784,0,1
1.522649762290694,-0.019494811528841027,0,1
2.0037471571782532,0.3790723293531127,1,0
1.819648163083895,0.6454084399548248,1,0
1.271927397527854,0.9239581410603653,1,0
1.9976878659994635,0.09637557897209917,1,0
1.9522124256420303,0.47206214221453446,1,0
2.0603228813954826,0.23220564206501929,1,0
1.237957663294342,0.966681291860104,1,0
2.470006495722191,-0.6528902160777428,0,1
0.8312151464928642,0.984097704047472,0,0
3.3497061391261407,-0.3988547451295326,0,1
3.47808530683608,-0.29110588559652933,0,1
2.9370723089661737,-0.6867382204843964,0,1
1.1226826232894287,0.9407220428533601,1,0
3.0706738597259915,-0.5951990396665452,0,1
0.68881482616134,0.8815550652203666,0,0
1.9334812080686417,-0.5686919316188109,0,1
1.7693285848666287,0.8855053296429825,1,0
3.538537463678506,0.1201702341160022,0,1
0.18415456651885553,0.4557666673704325,0,0
3.551363107032907,-0.05291365078889898,0,1
0.09121384045731018,0.23607952100952503,0,0
0.6534062754632882,0.867787508630084,0,0
2.309782028285651,-0.7434052139581904,0,1
1.9941853982823408,0.368412983667411,1,0
3.374010486327513,-0.46543869376133296,0,1
1.5896716884243647,-0.35658348938494083,0,1
2.7603544835739013,-0.7267799985778196,0,1
2.06496858386801,-0.6130095581477992,0,1
1.92189374874199,-0.5369982925118697,0,1
3.266873203894818,-0.4817861077160562,0,1
2.1458841116289555,-0.6001398668010403,0,1
0.8263912088146026,0.9894935919118412,0,0
2.2434895698821076,-0.6354601791172614,0,1
0.7621498113914398,0.9952617060793372,0,0
0.7025221554691123,0.952360581073669,0,0
0.4424864257502078,0.7218877567390231,0,0
0.08017261011261456,0.15033085077668845,0,0
1.897274987506953,0.658511194923437,1,0
3.5768528816137355,0.18725455145603398,0,1
0.15096780891484674,0.007284101935356932,0,0
0.45267166323365604,0.7598724528111099,0,0
1.1160707406038055,0.9320862835818461,1,0
1.121715192806576,1.0088934434625134,1,0
2.927991540432308,-0.7159400122545354,0,1
2.1762620828114776,-0.6452278840777698,0,1
0.16767724959092145,-0.040601026684593984,0,0
2.119020260087319,-0.6069102788487348,0,1
0.3781715071820144,0.6745257125585686,0,0
1.5853392387155179,0.09577178535893566,0,1
3.065292776899271,-0.5263802914084137,0,1
1.7332506891225783,0.7658753623569184,1,0
0.5086549337322014,0.7611171626442351,0,0
0.43542849563627817,0.6453018117036439,0,0
3.563023990708055,-0.047202959071930006,0,1
2.5019221889490795,-0.7703196892381192,0,1
3.477519955521145,-0.07448295109044425,0,1
3.1024283476985075,-0.5779704513047752,0,1
2.090969390927352,-0.5161609658321473,0,1
1.4082194591748574,0.8925345009852251,1,0
1.3287819682754107,1.005376290206583,1,0
0.20504574750549376,0.625091325059969,0,0
0.6552664220335235,0.8577880033925253,0,0
1.3295013750814713,0.9326054282019067,1,0
1.836396371242507,-0.4143822271502069,0,1
2.036086374242752,0.4544214481454153,1,0
2.1153867949800125,0.18011861732039008,1,0
1.6277826871590757,0.019923867229729886,0,1
2.289078819753429,-0.655582649094571,0,1
1.6768181405049594,-0.0708306927305627,0,1
3.0609642210340846,-0.5891802287119178,0,1
1.8297335505725547,-0.2936937833695624,0,1
1.56244889337776,0.8593094307720844,1,0
3.481633693267695,-0.276010502210311,0,1
0.039136251075463147,0.009375552298312488,0,0
3.005104176140389,-0.6427191898133539,0,1
1.9445917730951257,0.42613394784431835,1,0
1.7061965873737002,0.8254125216022237,1,0
3.469698051720786,-0.20048533271558122,0,1
3.0502600158044113,-0.6677165667095195,0,1
2.1532656200989915,-0.6029693202363817,0,1
0.66702333906125,0.8165426656934835,0,0
2.0960586863958777,-0.5846435441294731,0,1
1.1086717675958702,0.9714448094213274,1,0
3.4138481771260962,-0.3175286666972349,0,1
2.4519088254865333,-0.7171916367297798,0,1
0.790628377806371,1.0286541910247868,0,0
2.4488740800547455,-0.7433593942306419,0,1
3.5652667450229223,0.09516872759181816,0,1
2.050574326447175,0.2670293326736063,1,0
3.39690207539863,-0.4070953567668757,0,1
2.156097597519432,0.04375671133118682,1,0
1.6035703081257793,-0.045734050284585326,0,1
0.5291633552376022,0.7664914852608554,0,0
3.5071263758996283,-0.29517604084317695,0,1
1.6353577957023289,0.059359767055882195,0,1
0.5172914667233951,0.8826265104252563,0,0
3.5953509989219685,0.2660335878313548,0,1
0.10324937056127581,0.1789454932929465,0,0
1.7196095376215883,-0.09570638270357079,0,1
2.066751931932892,0.2164966819737342,1,0
2.036168813835263,0.1674674984914969,1,0
1.2538757740784385,1.0496910377743496,1,0
3.7127953790081447,0.020456067706856873,0,1
1.414224088803449,0.9728541528373591,1,0
0.5485250403174182,0.8931880707864593,0,0
2.08144158708351,0.029465956171557988,1,0
1.4438412303780876,0.9537140769604843,1,0
1.6406455968912113,0.2056311320681723,0,1
2.803524134549946,-0.7469117378456749,0,1
0.6803850781121064,1.0374858334770083,0,0
1.875097278464929,0.7226740159027809,1,0
0.11796601481847602,0.3922355866186905,0,0
2.031537553581461,0.4749728652333638,1,0
1.996765984430181,0.441846271673797,1,0
0.947794157791471,1.0125637198792687,0,0
1.9964885547857447,0.4593450358638575,1,0
3.6050416464645942,0.1850805779252967,0,1
2.753723056963648,-0.7217585091518723,0,1
3.371627219419822,-0.3108311165044723,0,1
0.19045814025597685,0.605640479730254,0,0
0.6025530681493472,0.9107940636281776,0,0
1.6159796691479962,0.12632306770073937,0,1
3.4970339810214472,-0.31137931074981456,0,1
3.530285680565707,-0.251413078321737,0,1
2.0284423815282406,0.01785388719359586,1,0
2.369153160176751,-0.7305161212850644,0,1
0.11659294003940401,0.27410981756835184,0,0
1.958431284096985,0.5038333552077577,1,0
0.9611197705173248,1.0206425110383304,0,0
0.5227882161180509,0.8407084149111261,0,0
3.3295881683406114,-0.48885205739944027,0,1
2.908874934951768,-0.6388063160245943,0,1
0.3593316253362714,0.7000376304130725,0,0
1.8950327564959264,-0.5119233326103161,0,1
0.3726430972185447,0.6420506891671954,0,0
0.10179179578805808,0.004883933733048386,0,0
1.8337419057749602,0.6988473764149679,1,0
3.3726487452878575,-0.33323851419298123,0,1
1.1105519796686205,1.0226217899943728,1,0
1.5939063869563552,0.15999595366458158,0,1
2.000081928939192,0.20351931931804346,1,0
1.3936673300084836,0.9639785446425321,1,0
1.7461845428961627,-0.32175030992060516,0,1
1.9933262374219956,0.45560484949814084,1,0
2.8531224961193025,-0.7360391640912712,0,1
1.7637730692480451,-0.31661085196672883,0,1
2.883187299261804,-0.6054466153293382,0,1
1.220938530743529,1.0131968543991803,1,0
0.8320616401220429,0.9710435287885352,0,0
1.3566319606965827,0.9932291355359535,1,0
2.3330987230630233,-0.6957193448524265,0,1
0.4161883525022646,0.8531919997908746,0,0
0.11728953947880649,0.3244471130378394,0,0
1.2981715717238322,0.9773646970897695,1,0
3.5599419423165024,0.018135890504385244,0,1
3.563184614428169,-0.05974111539465099,0,1
2.7944702610630565,-0.7541389513121618,0,1
1.642485574497807,0.27220177999683326,0,1
0.1669855164200158,0.25034315760119613,0,0
0.5206960103497316,0.7464152312408232,0,0
0.13174283819902732,0.1424986937123538,0,0
3.4461347770389277,-0.22430215297499967,0,1
0.16072668119921207,0.5098904719734667,0,0
2.028125435237377,0.028879374506168877,1,0
1.6025435698291273,0.7981273131858494,1,0
1.63173460681899,-0.04027570346945192,0,1
0.22941425616815647,0.4396666098985431,0,0
0.0,0.07267437177451369,0,0
0.22490993105879253,0.5223149863127989,0,0
2.745875935794581,-0.7349424137294192,0,1
3.483144316144546,-0.13625548966714796,0,1
0.671749932399644,0.7705942625598919,0,0
1.8188544566441567,-0.17417198944162643,0,1
3.541547675804238,-0.11912546134278931,0,1
1.6651389530170229,-0.139814680483761,0,1
1.7507387191878814,-0.280204660697929,0,1
1.6062190254410031,0.01473023395633355,0,1
1.6738260723914566,-0.28735414513002044,0,1
2.374275599963578,-0.7452884016778986,0,1
0.062233900509364615,0.3354378683085143,0,0
0.2241020695336574,0.3242285609034321,0,0
1.2115127915196375,0.9115123363221448,1,0
0.4985675026682713,0.7909478758543164,0,0
2.406713532700382,-0.7133010569897724,0,1
1.432968532878773,0.9833737188823278,1,0
1.9935986890639148,0.4302512501908781,1,0
1.773013653971638,0.7989226098393425,1,0
0.7532418071395239,0.9490554440705049,0,0
1.9212263467065904,-0.46446529254754587,0,1
2.822697621094043,-0.7158511559718385,0,1
1.5766360369124897,0.23229393261157355,0,1
0.5817186624117617,0.7703485414808247,0,0
0.16808561252950582,0.07298159439471733,0,0
2.3363326606335586,-0.6831989144361689,0,1
1.8135334534433936,0.7078223296189133,1,0
2.3416750496584577,-0.7354752462496268,0,1
0.8201232060265181,0.8845639326784839,0,0
2.4298234213300347,-0.774150615444562,0,1
2.0133186930403704,-0.5376625556891576,0,1
2.132950870581812,-0.03674552072388997,1,0
0.6824824329712035,0.9363076866507517,0,0
2.380893316728622,-0.6315626054906762,0,1
1.5567327038263363,-0.028214739698177727,0,1
3.360114083159951,-0.5513175694822232,0,1
1.626064420721183,0.04979103311594629,0,1
0.13703660610810986,0.0994494559895311,0,0
0.20854417189323693,0.4674170060188141,0,0
1.6243439408539029,0.9385110390286734,1,0
1.8278599598294631,0.6815114340126481,1,0
0.2362364489925577,0.6421184651234796,0,0
0.17285162358252681,0.44154772139454257,0,0
1.6139035850984218,-0.08144042508934438,0,1
3.3750140149966428,-0.3165910731709224,0,1
1.9193619814004874,0.571851929992048,1,0
3.5711710004425963,-0.11339975359349183,0,1
1.54788046755564,1.01433226967749,1,0
0.894466948829343,0.9264541655421089,0,0
3.4180632650577283,-0.26164238183506855,0,1
2.000826909495822,0.5072156999570544,1,0
0.853242180775975,0.9320171181555849,0,0
1.7359410680849994,0.765846606131384,1,0
0.7483774149515632,0.9539462745602485,0,0
0.29532859098109376,0.439492714268857,0,0
0.709211564663573,0.8255152924019483,0,0
1.6964701909796958,0.717050230699137,1,0
0.2226863274632862,0.4994334683965428,0,0
1.7180581508085915,-0.17128365154676195,0,1
1.7293095980705477,0.7625012604658197,1,0
0.12756707545459145,0.32170701622630016,0,0
1.6445871684661952,0.887706950325268,1,0
2.0377055829037034,0.13088286445288597,1,0
2.7023169515144407,-0.7510192741549158,0,1
1.4593493654667755,0.9728034344433351,1,0
0.29873319223251593,0.5632723591391211,0,0
3.2993587333209864,-0.6054817207917733,0,1
1.6339396647396591,0.8758606756143166,1,0
2.3261736283310794,-0.7110881619351797,0,1
1.72355536492398,0.7948343213229538,1,0
1.548025015194091,0.9445576042501078,1,0
2.134441405852985,0.0677453838688456,1,0
2.536436390705553,-0.7614164410334371,0,1
0.05606428496653537,0.11417567582262482,0,0
1.9511376194329526,0.5092356472357061,1,0
3.4397294280407738,-0.2729359380561171,0,1
2.968079809190136,-0.6612669851192825,0,1
1.3023148111603833,0.9823731466909509,1,0
1.6856754688926623,0.8177573819797911,1,0
2.7282230045082665,-0.711218231709397,0,1
1.1855768243786942,0.9456267425872341,1,0
1.3167801408570663,0.985501974923304,1,0
3.3876955479574646,-0.2427560354703356,0,1
1.4457061895179906,0.2646634657066751,0,1
1.7950037704573116,0.6989704640420543,1,0
3.6155205241544044,0.12924339198426887,0,1
2.695429520027635,-0.717268047386986,0,1
1.4673083585376758,0.915544418207169,1,0
2.0454201144240876,0.23472335199424224,1,0
2.2412672539886844,-0.7291468813357371,0,1
1.8994632111386291,0.5973529776217953,1,0
1.740492049256567,-0.31255384159572164,0,1
1.9685084091694138,0.3909265265004409,1,0
0.3017728862734157,0.6722924279598369,0,0
0.11823603065547938,0.34075838472143666,0,0
2.630895158050705,-0.699416950018144,0,1
3.5646850825058105,0.17885668629275014,0,1
2.1557295004715815,0.13469184867095194,1,0
0.17089040494628271,0.2382146970526554,0,0
1.6186178799094393,-0.0017912874216653718,0,1
1.589526616501532,0.055307933192692726,0,1
1.896765869171246,-0.46624987078715374,0,1
2.253213236942089,-0.7455045079134588,0,1
3.4366481201571175,-0.19512917131405177,0,1
0.4799331841875514,0.9517795979001498,0,0
1.9959734101292141,0.31359150938324615,1,0
1.6495015804594577,0.1627985592774463,0,1
1.480054122869321,0.12719055151375852,0,1
3.4252208762686265,-0.34093132806216964,0,1
2.801383814249672,-0.720044862732146,0,1
1.0726870332345169,0.9397949553902923,0,0
2.9224517642061945,-0.68138934329192,0,1
2.3395747491392624,-0.673169886416473,0,1
2.2483593112769658,-0.6003292324442232,0,1
3.1003076712459205,-0.5781413991388843,0,1
1.564509371709693,0.1453381776673755,0,1
0.10028026555370761,0.32469793364884003,0,0
2.104750774418542,0.19918801224063537,1,0
2.3631701477402522,-0.7220015970691104,0,1
0.12365002657369906,0.07782114468558568,0,0
1.6402442750006567,-0.10021411884084613,0,1
0.14278083684895437,0.3372709972657454,0,0
0.46663993586780383,0.7965253008349386,0,0
1.9507118253424012,0.4772883334123352,1,0
2.0480175569391728,0.33927881802500365,1,0
1.905303984707934,-0.4695860767036679,0,1
0.995907578417583,1.0555416435788973,0,0
0.8224592854680602,0.9500045280851553,0,0
0.47988157713854596,0.7213348770226666,0,0
0.5273537176679044,0.8525040796958357,0,0
0.1139858081320545,0.2693533426586962,0,0
1.0010452679486053,1.0739092227180786,0,0
2.1411703028716547,0.1051489326854959,1,0
1.4763347452358402,0.9290136591624826,1,0
0.4558308209601991,0.7238574189589927,0,0
3.296889828964756,-0.4904927454080178,0,1
1.754080577017503,-0.5097915296356863,0,1
1.3017700369356338,0.9934997453960699,1,0
1.6669205967938499,-0.20450379527790905,0,1
3.5840222480844224,0.06020698492043641,0,1
1.9522406705450281,-0.5254033709406154,0,1
1.6451906086982409,-0.016240258762176635,0,1
1.762323338653541,-0.28430781772093155,0,1
1.981363862652671,-0.4998660561593295,0,1
1.5975639399002444,0.9315553481927829,1,0
2.0309276230788296,-0.5866527360088318,0,1
2.143211841032172,-0.6347268840135513,0,1
1.7252044460577496,-0.26425702326125455,0,1
3.332274430211043,-0.4337540348606524,0,1
0.32279360383852507,0.544311717977997,0,0
1.6495178140569584,0.8915231978162554,1,0
1.2311967624147189,1.0537270620795822,1,0
1.8304086131489146,-0.49314235378398685,0,1
3.433996617641847,-0.37649031652831355,0,1
2.1211616124255723,-0.579285898806121,0,1
0.36517609751357805,0.7276645708345509,0,0
0.2405018538371394,0.5197716874164034,0,0
2.0415787029369006,0.40288022527174744,1,0
1.928565546134391,0.6317714989594121,1,0
1.7875269707487111,-0.3986050014430451,0,1
3.5976300762030458,0.0853613214434557,0,1
0.3073665142406311,0.578121385928969,0,0
1.9138255066975605,0.6817100559603938,1,0
1.787548021376093,0.602352350311978,1,0
0.21434870901158687,0.4526083586914133,0,0
1.5616214286115024,-0.011451401937606798,0,1
0.1709420215406724,0.2782880324340885,0,0
0.1780701100223444,0.6096430647478994,0,0
2.027681871444859,0.509818914109573,1,0
3.5555662837000686,-0.19952389809566412,0,1
1.9628714462131667,0.4896726930570929,1,0
0.6993823992586701,0.8405416554908718,0,0
3.594045132407588,0.14640492916913445,0,1
3.5650140328989,-0.12723950725607625,0,1
3.586572233062971,-0.10584488343272794,0,1
1.7695362828776022,-0.3225586872001072,0,1
1.7563357332571823,-0.23700177902570357,0,1
1.8803202464262054,-0.4257866029280045,0,1
1.9840602195615493,0.5919600470221493,1,0
1.9656575215622822,0.10924503343914722,1,0
0.2881311324159851,0.559661595179487,0,0
1.5694614400081026,0.0369686430492015,0,1
2.094314738699246,0.19915064453773526,1,0
2.081468684078578,0.2901899106002602,1,0
0.7199462412178157,0.82350138780635,0,0
1.5856128620039374,0.8811995104489155,1,0
0.1641824722939329,-0.0026199730601336266,0,0
3.364906151739273,-0.5461415116236608,0,1
1.708199999769064,-0.3060009548504472,0,1
2.560489653566276,-0.8078863156519999,0,1
1.8886201302823633,0.6273754137551937,1,0
0.11570080912220171,0.45209713956439024,0,0
1.593479767111395,0.8906354373500319,1,0
0.1476452664119028,0.35947799638202405,0,0
0.23057760557982854,0.5686159968568669,0,0
3.222484937364915,-0.4783537162430561,0,1
3.3411569748055387,-0.4407002936430474,0,1
2.0228281890268747,-0.6638349931348165,0,1
1.5925003672707816,0.9365310458982259,1,0
0.3312780370864187,0.5540764057933456,0,0
3.4602972591113907,-0.30478914860411355,0,1
2.878249550005372,-0.7066571830355428,0,1
3.511308332386531,-0.03769839413777326,0,1
2.207085988987434,-0.6772278422646016,0,1
0.319751102023934,0.6209591838506415,0,0
3.538507233854061,0.06098149408856601,0,1
2.5732593730902322,-0.7506563858372098,0,1
1.0646141652877736,0.9423341023576534,0,0
1.5304596637036427,-0.0382959120906593,0,1
0.6064189691730751,0.8629537052218356,0,0
2.13739723397426,0.09913384146619357,1,0
0.6492292218845591,0.861804124497599,0,0
2.6878386543273707,-0.7945274689896823,0,1
1.2234829588872527,1.0134025094685868,1,0
1.4694965101783355,1.0238436707072753,1,0
3.589050196236654,0.16683314533623594,0,1
2.0567349598230438,0.1223014150437775,1,0
0.4640168724825531,0.7564191790890565,0,0
2.1199515054764344,-0.6374530032963864,0,1
3.28672495027093,-0.38040658859699517,0,1
0.5525191214524718,0.8496420275164502,0,0
0.21595599796105447,0.5057299257128748,0,0
1.6370936858701581,-0.1070467809989919,0,1
3.028619056373025,-0.6178733987567342,0,1
1.372903503292926,1.0579533031401507,1,0
1.9952599316463082,-0.5318068282163254,0,1
1.9046266046159155,0.5563107155071795,1,0
1.7259126687897517,-0.1042434766656195,0,1
1.9841215394361522,0.41221059458806253,1,0
1.8394529002638265,-0.4146351432519466,0,1
0.8557805886730696,0.9509819363304264,0,0
3.2086845432427,-0.6165942587017212,0,1
0.11699705934038551,0.402648582285326,0,0
1.6595604832413442,0.8466241570008279,1,0
2.0131837234629995,0.4532358091802571,1,0
2.4646080875960568,-0.7792664350026407,0,1
0.16605537151295025,0.3715828859500071,0,0
1.4356485756767745,0.9257037629236954,1,0
1.0237059344443413,1.0161241267627343,0,0
1.2570970737761666,0.9679831533207046,1,0
0.01804680369995615,0.08551006422360004,0,0
1.8656141802503694,0.7401986887743578,1,0
3.588017643782446,-0.06846758288685958,0,1
1.631241753386681,0.16493145306385265,0,1
2.986796933259758,-0.633255162998036,0,1
1.7989244262913853,-0.2592664338961293,0,1
1.849943309328352,0.6912617761978903,1,0
1.8384229509806223,0.6912719677427132,1,0
0.09277471638005563,0.13717432461280588,0,0
2.2567615495592124,-0.6493537411926558,0,1
2.033054360116471,0.293046936035356,1,0
3.208622728932425,-0.4951910411601155,0,1
3.453403275403357,-0.2586909548241597,0,1
0.44944455858378785,0.7303787147472682,0,0
1.0037768219943062,0.9909734747559312,0,0
2.122525949180627,0.3571915030054305,1,0
0.46102598144773155,0.7973631230391343,0,0
1.4447956648828808,0.9283639175083588,1,0
3.6797658793441705,0.2611977639044867,0,1
3.0571031937237794,-0.5819756392765052,0,1
2.5187777809804723,-0.7311806238347502,0,1
1.1122358454196624,1.0139295286001617,1,0
0.15305904975599705,0.24754094272197763,0,0
2.1298237521093033,-0.5767062423774958,0,1
0.765747570154679,0.8297071581830998,0,0
0.537087580213718,0.88824784151029,0,0
3.5959058880605648,0.0017367430052658839,0,1
1.6698134004981902,0.7858833180860436,1,0
1.784034770582069,0.6022763776161989,1,0
2.856078054880262,-0.6608599172569497,0,1
1.9816720636404461,0.3718083436833463,1,0
0.49511194753346544,0.8563632726474141,0,0
3.491025867998871,-0.18115375078374607,0,1
1.7516529331686455,0.7400800529100179,1,0
0.18308746920529662,0.12549582962539463,0,0
0.2783531557178399,0.6150166980415612,0,0
1.8586670285928566,-0.4193422894563058,0,1
0.7461043993865133,0.9537314208270358,0,0
2.0027810509437316,0.12562704192371885,1,0
3.007452988820449,-0.746491965992629,0,1
2.878525330855705,-0.6842955629128191,0,1
2.889547957667669,-0.6412280502616869,0,1
0.28347310041649576,0.5798832810346423,0,0
1.5688130606606234,0.026664049740950935,0,1
1.7769423678018508,-0.5494973461644936,0,1
2.0852926164274037,0.2919937556919383,1,0
1.5714056206935685,0.8888324350466479,1,0
1.1256832332856672,0.952470434606834,1,0
3.0533705008666243,-0.6092554626920059,0,1
2.0719979000139346,-0.5805870191223028,0,1
2.6282457075401005,-0.733749733290317,0,1
3.265746993374376,-0.5519626814009057,0,1
1.7053727346991943,0.8053072035989765,1,0
0.8898039827920267,0.9399710154775853,0,0
1.74378614702173,-0.34434073568509393,0,1
1.5887406428029793,-0.1856873800215605,0,1
2.468889770804125,-0.7102010875979836,0,1
2.153516209840982,0.06362642722102937,1,0
1.8251680345559902,0.7620088082285006,1,0
0.7110974096382647,0.9083481282905073,0,0
1.1088281135081515,0.9669339876079467,1,0
2.044279947196758,-0.6085225077835555,0,1
3.5292508815767634,0.03322985858303007,0,1
1.490008360535073,0.9888299620492754,1,0
1.8691431945916703,0.6944938807177057,1,0
1.877816348777727,-0.282723975052135,0,1
1.7141550577200728,-0.4033052186434246,0,1
1.60416296344645,0.8881890939896832,1,0
0.8324415122467265,0.9593959903064364,0,0
2.7551540975264883,-0.8038646435942736,0,1
2.417305302785485,-0.6347805177457887,0,1
2.373333630846123,-0.6969712669556637,0,1
2.1468358874195177,-0.667169187390535,0,1
3.569373460321052,0.004279228356403431,0,1
1.617053515946852,0.15034297008824193,0,1
3.6596178707454547,0.1862608360142391,0,1
2.181412379035981,0.2848873018568047,1,0
3.4285634103841516,-0.29600110928594187,0,1
1.6347492235312813,0.7247797916248883,1,0
3.1755202040266814,-0.656072554501643,0,1
1.603678196727218,0.8183366714816989,1,0
2.0569468794958157,0.06709165073838032,1,0
1.5822700663981766,0.1811452112892778,0,1
2.115641552406286,0.26874213756713305,1,0
3.5986296231850616,0.2111731921189639,0,1
3.5407890052176216,-0.12199219330264649,0,1
1.5556179948836721,0.14598707601074584,0,1
3.5023483805471307,-0.02816922958221263,0,1
0.11905585674264052,0.011223732396861794,0,0
0.8964564538597032,1.0316484357431759,0,0
2.3731445873240538,-0.7630443944643716,0,1
3.240477317440782,-0.5376586058051411,0,1
1.3019358181190879,0.9790536541271544,1,0
2.1319664584330114,0.23952636533842916,1,0
3.5963175836360204,-0.05665379882480895,0,1
0.18919567603495602,0.3497625223408625,0,0
3.5093901666810092,-0.0304778841223797,0,1
0.40508221218042095,0.6407765418269316,0,0
1.1910307528949764,0.9763388133908357,1,0
2.1557937279395096,0.20629588358405002,1,0
3.592893225379842,0.029159116802346507,0,1
0.4620600312521892,0.7660736707702512,0,0
0.18332509048997514,0.1010531804177125,0,0
3.5802304558990627,0.08784215299305254,0,1
3.2005415840060705,-0.5245889347500732,0,1
2.3104811079412135,-0.7464899587508455,0,1
3.0499919139241407,-0.6208918859970742,0,1
1.58298702124708,0.9152903776989848,1,0
3.1036136258820846,-0.504640257298065,0,1
3.2929285770945964,-0.4368679032737596,0,1
1.613847035288916,0.27339386807080923,0,1
3.664347004510914,0.02497396850831407,0,1
3.0283179598771555,-0.6790266587295294,0,1
1.6979891249581218,-0.1554415316413109,0,1
3.597538061124543,0.08050218726665287,0,1
1.5392049898253601,0.8174046370931856,1,0
3.3386608648021547,-0.23352218792147977,0,1
1.7620242995051658,0.8564215169827514,1,0
2.8593618253431754,-0.623794389437505,0,1
3.5767436265973767,0.15151135775759583,0,1
2.576519390536132,-0.7709083849835582,0,1
1.8748062652630915,0.6352561134416187,1,0
1.183510899456989,1.0497410572208679,1,0
2.205001274278203,-0.7116613245553046,0,1
1.9592596626894765,0.5447934084827437,1,0
0.14345972078098723,0.5351946118904838,0,0
0.3254811723473393,0.4595313536126999,0,0
2.590969132613379,-0.8073282811293513,0,1
1.7334252967619075,-0.2891530881612904,0,1
2.775856656956298,-0.7111575896292627,0,1
2.0664204659144536,-0.6513991491661341,0,1
1.748779346916356,0.6633019568604016,1,0
2.0469057449291954,0.3389677681314225,1,0
1.69985579219703,0.8589967160940021,1,0
0.20690311967605213,0.49395016022302285,0,0
3.5593316659046974,-0.18540871205223178,0,1
1.380286930235181,0.905401424075449,1,0
2.1240334484276593,-0.5760907941782614,0,1
3.1344049671135905,-0.5203021132097994,0,1
2.615565653431491,-0.7905754540652656,0,1
2.0423918818430815,0.007092961807579082,1,0
2.947327556212558,-0.6604902712188111,0,1
2.129228929132026,0.13347628461694513,1,0
0.14159993594602804,0.23619407435686118,0,0
1.9987111632435188,-0.44709239955080726,0,1
1.0992923854660408,1.0447304829420934,0,0
0.8742760118360267,1.0001769556335662,0,0
2.5456905899401505,-0.8135488387131781,0,1
1.6868646592316219,-0.21064767040991858,0,1
1.7990393520845742,-0.43722714593536427,0,1
2.49346073478196,-0.655480916115499,0,1
3.3496395885372423,-0.36474333251102065,0,1
0.994842458502244,1.0405634438955484,0,0
1.8142592334196341,-0.44712017390415226,0,1
0.8114472108731525,0.9751431235666935,0,0
0.25929968637173695,0.5622571965501586,0,0
1.620586102269566,0.7679885906434997,1,0
2.8621300443361997,-0.7570311626880198,0,1
1.9660785864419674,-0.642622969547369,0,1
3.495546704941757,-0.4019765200393821,0,1
1.6989557851575243,-0.07646058833320513,0,1
3.368288365439298,-0.32831611469642596,0,1
0.1674201026907982,0.05897545247341297,0,0
1.7014218423325023,0.8490873977683159,1,0
1.8298645790492725,0.8047207889589721,1,0
2.5033134076823846,-0.7448732745220247,0,1
3.5474686060695046,-0.11009689697083452,0,1
2.503564203516332,-0.7851697205917099,0,1
2.107952659445626,-0.6186040986997715,0,1
0.48087100562569396,0.7796026034672046,0,0
0.10552695465341433,0.26754334219326603,0,0
0.674851952834884,0.924924136104976,0,0
1.5170191095540817,0.8914539231095208,1,0
1.8564422093766741,0.7583960871301029,1,0
3.2258145361994326,-0.5226238599077279,0,1
1.7741590322476366,-0.3681585480107689,0,1
1.6870986716392278,0.7823095355684584,1,0
3.4749762503925985,-0.08689782995880652,0,1
1.42172311204175,0.9184490407965745,1,0
1.821824967933707,-0.3903709842102048,0,1
0.9235827484573502,1.0132329261188513,0,0
0.8131136305058131,0.9517602430233854,0,0
0.3675166220367545,0.5838573081607782,0,0
1.8170148158068953,0.6988846386900802,1,0
1.5052094327442544,0.8781521803158315,1,0
1.3514431726229372,0.9174454116809432,1,0
0.22322104514303975,0.34317618912624265,0,0
1.12101993898048,1.034794048641326,1,0
0.22942291810827653,0.5362047491056425,0,0
3.4254266100166393,-0.16604474094589938,0,1
2.6914942909317245,-0.7440854697341304,0,1
3.34090569145989,-0.24246657779129518,0,1
3.0600537354654627,-0.5918352960629417,0,1
3.35204720377603,-0.34794507919862233,0,1
1.9040430128818873,0.66125328425766,1,0
1.9071495064257977,-0.5000306027966267,0,1
0.23221272698905904,0.6125423024649467,0,0
2.847788839848341,-0.6985312851520229,0,1
2.7306542517836148,-0.6731974319267153,0,1
2.441176452982616,-0.7425726638991839,0,1
3.4101486868690043,-0.22087200834647255,0,1
1.2059090041742668,0.9802163157294758,1,0
1.975687578211923,-0.5729995165168447,0,1
3.4222005047368897,-0.2537677342948546,0,1
2.6536133610545662,-0.80151959896679,0,1
2.895454564796179,-0.6311195897984843,0,1
3.4522919331309794,-0.27151310653751876,0,1
1.916116263682424,-0.4781699208647904,0,1
3.347483785705062,-0.49140487034603897,0,1
2.648197542755032,-0.7005672333571912,0,1
0.3379860004353521,0.6907147631176219,0,0
3.572429508992316,0.17991606385518372,0,1
1.670163541190148,0.12696350991865785,0,1
1.0228915873829343,0.9531165518236112,0,0
3.023422524320142,-0.6523712162668439,0,1
0.11989498024872947,0.41001836066068875,0,0
0.11707624072357081,0.004652055868909304,0,0
1.846356481873024,0.6551194038774679,1,0
2.250483298166385,-0.6891884728666082,0,1
1.0750600845789895,0.9947812869407875,0,0
3.2013985858623046,-0.4905608151025995,0,1
1.738340515834404,-0.44466620888258224,0,1
2.1775320445962905,-0.6463442851524476,0,1
0.385379416076854,0.7367757629916575,0,0
3.5651759299534787,0.2421087226499833,0,1
3.126464687605029,-0.5669110668448663,0,1
1.258973387933958,1.0747219512919652,1,0
2.7746634401275765,-0.7460258276226184,0,1
2.207448080877769,-0.6043297813157655,0,1
0.7482026912516708,0.8426179619616073,0,0
2.071109551874375,-0.5907501953440836,0,1
0.269264494642815,0.5240496559285501,0,0
3.350748878797703,-0.4145072764585691,0,1
2.250702292229348,-0.711717681692086,0,1
0.3992726727882929,0.718934130013812,0,0
1.0423423742526465,0.8666280370406515,0,0
2.5944488818907367,-0.8698949615593068,0,1
1.8892314769978396,-0.46630106121441156,0,1
1.94291676947058,-0.49071859885323266,0,1
1.0044401301051087,0.9899555869779699,0,0
0.44455901981925605,0.6631002553563234,0,0
0.3636178885210811,0.7397758587210745,0,0
1.254701543326573,0.9967524765686744,1,0
3.5975189640494887,-0.07268587745413754,0,1
2.877050696178323,-0.655898583331673,0,1
0.17057905213332747,0.10159623822021915,0,0
0.5642344864413213,0.8512914999877094,0,0
1.476940355988293,0.17171188266107507,0,1
1.92941817654695,-0.5265971195231466,0,1
3.550110543638695,0.13467238579507518,0,1
3.5754417714066937,-0.18764033779192996,0,1
3.3853037629706613,-0.30991679836558084,0,1
1.8847386066445857,-0.42847000223050563,0,1
3.1962662830625965,-0.5699082654434056,0,1
2.8875044924954394,-0.7236994627990962,0,1
1.9955970924091684,-0.5909817299546083,0,1
3.1806346311835445,-0.500403644172989,0,1
1.6679145103988169,-0.1137840404833394,0,1
3.490456964573683,0.06755333310496892,0,1
1.6468389589736856,-0.1735810332882423,0,1
2.904601834858038,-0.7210891785627221,0,1
1.953780509248241,0.4181767970733139,1,0
1.1704367655756667,1.0298817385520407,1,0
2.21708436611771,-0.7056865878347496,0,1
1.6480623787289823,0.8712548832350971,1,0
1.6017036017544215,0.018159682167907476,0,1
2.056056375234447,0.22980460025990193,1,0
1.6637383842815956,-0.030059524746964467,0,1
1.6959920081315008,0.7826122428257578,1,0
1.9962637688540519,-0.5787827196362139,0,1
3.353716433117612,-0.4452396717451906,0,1
3.238811304765584,-0.5110286666010861,0,1
3.1685270637184164,-0.5508509874578067,0,1
3.509576884532862,-0.17025757975952374,0,1
2.4505941681290664,-0.7367565609411477,0,1
1.9412775738767443,0.5651412799070576,1,0
1.6951885849794632,-0.16537309980657977,0,1
1.1678410137631552,1.026816561161334,1,0
2.5386744765366402,-0.8110516183525553,0,1
1.6486220873618715,-0.15767326418238817,0,1
2.293844249416753,-0.6218903682603236,0,1
0.148333184533196,0.1829189720690934,0,0
1.6449574566831047,0.0005941097191524691,0,1
3.3866387748201396,-0.40369720015840227,0,1
1.4086196497915398,0.8992626732748483,1,0
0.2903981432370163,0.5696317575774928,0,0
2.8901097441819146,-0.6753054616573801,0,1
0.29824302025658833,0.5552874891305406,0,0
2.6928258832468432,-0.7689382845453103,0,1
3.1314554465026423,-0.546850894291697,0,1
1.2720211233989533,0.9008222562513402,1,0
2.0392099320085437,-0.05498257762065896,1,0
2.7187040590733136,-0.7357045439885663,0,1
1.968847286902667,-0.5001967865427848,0,1
3.554169108028826,-0.20618997510387366,0,1
1.8489143837735107,-0.47711133075944995,0,1
2.586717040942462,-0.8096217228214833,0,1
1.5962591520106164,-0.06545987713120999,0,1
2.360170578394758,-0.7364987917356861,0,1
2.1942700250121367,-0.6731014785125702,0,1
1.8453462723040488,0.6777489151718835,1,0
2.9540079966893873,-0.559998550926577,0,1
2.4086825779425474,-0.6920895878541432,0,1
1.7328497621157344,-0.20811097661113848,0,1
0.34385340169792034,0.5323517097321465,0,0
1.5721544513715822,0.06383728440462422,0,1
2.083723783856273,0.2253268053322805,1,0
2.0589711771935777,0.14879379507579316,1,0
2.756467696934038,-0.7106085424901425,0,1
3.124801512581574,-0.5599236494641088,0,1
1.476635171186223,0.9333919037100045,1,0
1.7475566883512998,0.7949502064180195,1,0
2.1441722372099026,0.2061980698699697,1,0
3.2747464942267572,-0.4099185677909862,0,1
1.2346657543296016,1.045099959603982,1,0
0.08007031452770397,-0.020414328454609262,0,0
2.7658132996374047,-0.8679021184258471,0,1
0.34655469213413936,0.6390572981450053,0,0
0.815215071705083,0.9333161402422115,0,0
0.29483636513366585,0.5291682973157141,0,0
2.119900301629909,-0.582460050274129,0,1
0.2760098832593919,0.5688352326721352,0,0
1.7964050602607884,-0.2683820301324464,0,1
0.08373938147768034,-0.05047730941467041,0,0
1.825449466010158,0.6775605785555954,1,0
2.0015918768690772,0.39192999197460315,1,0
0.21233840704442242,0.19452518014587553,0,0
2.012683157045272,-0.577378254766558,0,1
1.8276482142162638,0.7266915290237455,1,0
3.5002308935127595,0.1453493792458464,0,1
1.6465563122174354,0.16458517754244617,0,1
3.1205777946778404,-0.6465605112268296,0,1
3.4476516330421303,0.027009924192454016,0,1
2.0807459926393284,0.4418917406497507,1,0
3.01433377315752,-0.6772886341916493,0,1
2.157224049023588,0.1342348865555803,1,0
1.640844073504706,0.8655180578975504,1,0
2.0483925585467215,0.2761789058580983,1,0
0.04274784559510114,-0.01705441664861696,0,0
0.4317096312972024,0.7325257918980794,0,0
1.5218236914581593,0.9279765263168213,1,0
2.555446723965883,-0.7501340667227457,0,1
1.338790270649819,0.9511044577331956,1,0
2.812807278520081,-0.6438404628498544,0,1
2.050606244350655,0.344303422286615,1,0
3.3524286937488057,-0.49028892753617404,0,1
0.592955451315447,0.9180462031788715,0,0
2.671637384019409,-0.7479585890635959,0,1
2.387379243229851,-0.7181693056022481,0,1
2.442448035787115,-0.6678028350523552,0,1
0.7743569567101263,0.945257094106218,0,0
2.233640279372218,-0.7543479855116628,0,1
1.1161179090529194,1.0404483010061818,1,0
2.410238577944066,-0.7004704973128213,0,1
0.190793204193916,0.33369917527554266,0,0
0.14834377482757266,0.24149665784368612,0,0
3.5398177928713817,0.17602413245146686,0,1
3.0533936683590754,-0.7419269546479593,0,1
3.3015317233483907,-0.5529072789511869,0,1
0.9500129324181262,0.9848957397860001,0,0
1.3721724098024246,1.0003422289697628,1,0
1.7261915794352296,0.8158800591916902,1,0
1.6278619024917584,-0.09755547261828992,0,1
2.4884671734900805,-0.7493570847729971,0,1
0.36046968308536065,0.6359107992573945,0,0
2.2362347008351153,-0.679568570409702,0,1
0.1932153243286311,0.11955831614046483,0,0
3.0105053427225363,-0.6767845476641277,0,1
2.6997122055630074,-0.8242754996974517,0,1
1.829660975199236,0.6178248779350897,1,0
1.7483703762594924,-0.17856693534342477,0,1
0.3049652415232529,0.723566646982552,0,0
2.0513000417906877,-0.07676642286508525,1,0
3.4734744183878403,-0.1636403895384268,0,1
3.497025042359243,0.1367739263941996,0,1
1.7103844198560372,-0.1889691905479041,0,1
1.9869325975161907,0.5024329383266082,1,0
1.3790749229423187,0.9702952661304376,1,0
2.0937763673996788,0.1717890736536283,1,0
2.824902444720108,-0.674752896655102,0,1
1.6508834293330148,0.2503388639021644,0,1
0.12897516334079373,0.48423409928227584,0,0
0.17937735498376595,0.20270900200568004,0,0
0.42654475645041534,0.7567035860284822,0,0
2.0302725847930287,0.5783206702822696,1,0
0.5293797622037424,0.9301751369119973,0,0
3.393107149515981,-0.36172602981267354,0,1
1.6538476835150668,-0.22329287909675333,0,1
0.5355732858576798,0.8495053023268582,0,0
2.73691575847447,-0.715092155272353,0,1
1.117001744730067,0.9915220663397655,1,0
2.119212308647721,0.09123679877099287,1,0
0.6256745952219461,0.8942218899566153,0,0
1.8657166560177636,-0.36342576787592834,0,1
0.34599387055872177,0.643792767861709,0,0
1.037733134018776,1.0535936428713195,0,0
1.6489256150867908,0.8163120857164957,1,0
3.147515451996598,-0.5636291646838625,0,1
3.5542185634068364,0.16241797092258642,0,1
2.0689008315221376,-0.5601468208498666,0,1
3.088885008290602,-0.6085847844214688,0,1
0.1315824000403929,0.11692291853621228,0,0
3.5129528551695843,0.14100404554896934,0,1
1.661287848119172,0.2588865294391419,0,1
3.088722054412047,-0.5356272532058017,0,1
1.1383918257791696,0.9681850055625798,1,0
1.682905321359342,-0.11534353244452877,0,1
3.214667770943262,-0.4395166388286573,0,1
1.7058565601373537,-0.14398324686355132,0,1
2.256250602312748,-0.6390865981012992,0,1
1.5855529006495914,0.8908023308240709,1,0
2.834843243608151,-0.7800059382894151,0,1
2.1967440623353216,-0.8016589745627907,0,1
0.14504263250964833,0.15973674583121883,0,0
2.148150779342121,-0.747114688893676,0,1
1.5575816042561177,0.18728846428088664,0,1
2.080459603674635,0.35626734597179077,1,0
0.13169670251875598,0.1379387515057112,0,0
1.7480828549384175,-0.16973936961132483,0,1
3.176535843805866,-0.5581288321721642,0,1
2.601516177371597,-0.8018191270267814,0,1
1.097779870441701,1.008121644708765,0,0
2.0632876425030258,0.14832545170674544,1,0
0.6671246525022847,0.8652922240987655,0,0
0.14325523844721966,0.16618991500334923,0,0
1.5336172827431642,0.8720473790292391,1,0
0.9931160552756214,0.9627746232001045,0,0
3.518592518006385,0.026791877082835203,0,1
1.4094885248061768,0.8647710523126371,1,0
0.3888064379736198,0.6581196686990107,0,0
2.9857123810881316,-0.7965862304424174,0,1
0.17972995313534978,0.5160844279669388,0,0
0.1288845278366858,0.09269477750950172,0,0
0.5602306033379888,0.8399209148346867,0,0
2.6931091635341873,-0.6629282672912732,0,1
0.6915488579586861,0.950890691176492,0,0
2.011937659431302,-0.5720127397790966,0,1
1.7382347939149454,0.7672789717451685,1,0
2.077662086985242,-0.5181105581944324,0,1
3.268560237147414,-0.45017775716741404,0,1
1.879717091516702,0.5693084514974619,1,0
0.4150005539782359,0.6406910264205575,0,0
1.88955901394236,0.5507458266987093,1,0
0.1325585595663451,0.22562358315680073,0,0
0.5844926788276144,0.8393728919656983,0,0
1.3340042661024103,0.9973794456364957,1,0
0.023632092183068387,0.276910915007692,0,0
1.8974201422564774,0.573684335533575,1,0
1.8911079681627951,-0.35490681680684294,0,1
2.0988381149810778,0.06072464380436819,1,0
2.334260193173106,-0.7138932538587638,0,1
2.035924552480077,0.5432224447970733,1,0
1.9047876426442727,0.5730642907156376,1,0
0.9612407690110025,0.952210602813155,0,0
3.2527043698441465,-0.5579192974488751,0,1
0.16317400566856521,0.32789359847521676,0,0
1.9009267945458699,0.6077717126326211,1,0
3.1962195402638267,0.5305869534842842,1,2
4.720612444810277,0.8071206917588001,1,2
4.91233118987582,0.5078104062937839,1,2
3.835342849773218,1.0227757577963752,1,2
3.622677403658298,0.9342365814558391,1,2
4.521246932120046,0.9515075766286676,1,2
3.393949742919761,0.7255288065374311,1,2
4.229703458078384,0.9283872946027532,1,2
4.204795700589697,1.0159377976686577,1,2
4.82532204641398,0.6353374225167823,1,2
3.536588858087296,0.8714835294467723,1,2
4.597444342477816,0.7816641355572947,1,2
3.0466748224341913,0.04177826991749532,1,2
3.305667106938584,0.6095355254121818,1,2
4.365753032197946,1.080074093288222,1,2
4.982459029185664,0.30597998244822927,1,2
3.4967290580864003,0.97468109171144,1,2
4.870185567429855,0.5732687838495222,1,2
3.650223347842137,0.9626317486450024,1,2
3.702119809751646,0.9451616576493191,1,2
3.919424734082524,0.9559097035285317,1,2
3.172153284618367,0.3279031765427942,1,2
4.006028871612359,0.9895194662423529,1,2
4.976819874483889,0.17013082886121492,1,2
4.980405981705072,0.1795255739860949,1,2
5.002285615833038,0.07038051427651006,1,2
4.177486326768042,1.0176596674044673,1,2
3.8780516732132115,0.9020976159451496,1,2
5.050338245014607,0.20049308034949212,1,2
4.231493745708035,0.9778536919017272,1,2
4.9668623275285135,0.3879432914489443,1,2
4.784472628171912,0.5874255696312145,1,2
3.0437957788160044,0.031248420905410683,1,2
3.814449121250564,0.9173953823265485,1,2
3.803749844824993,0.9818751419426923,1,2
4.975290792522346,0.19620781805876192,1,2
3.62191802474113,0.8943725943657549,1,2
4.990868714941715,0.33301568358301975,1,2
3.940626282739739,0.8786468540068699,1,2
4.86281815380317,0.382172795220859,1,2
3.668719829196367,0.9068915596643669,1,2
3.487873452994701,0.910901764969981,1,2
3.3976709082572674,0.7076571700403769,1,2
3.0600028862119353,0.3239655128741004,1,2
4.184976787520415,1.0059143753229096,1,2
3.1349592317485713,0.26782972705985697,1,2
4.816838900108046,0.5551683580203007,1,2
4.884310928366212,0.34639384516322635,1,2
3.5458006594939526,0.7874521362554806,1,2
4.027612326778673,0.9232037901643552,1,2
4.627781950217887,0.8688608803652028,1,2
4.948342626684372,0.5213481084190841,1,2
3.166633525780271,0.44035200495430116,1,2
4.503243426436647,0.9692826800458622,1,2
3.802557945500209,0.9677030193556847,1,2
3.201175340198927,0.44519509171090715,1,2
3.9018295950682695,1.022867483802495,1,2
4.064636872526203,1.0608013138227834,1,2
3.0628518508698606,0.3856379436662887,1,2
3.915222497055977,0.871011826934748,1,2
4.935159536214234,0.3790723293531127,1,2
4.751060542119876,0.6454084399548248,1,2
4.203339776563835,0.9239581410603653,1,2
4.929100245035444,0.09637557897209917,1,2
4.8836248046780115,0.47206214221453446,1,2
4.991735260431463,0.23220564206501929,1,2
4.169370042330323,0.966681291860104,1,2
3.7626275255288455,0.984097704047472,1,2
4.054095002325409,0.9407220428533601,1,2
3.620227205197321,0.8815550652203666,1,2
4.70074096390261,0.8855053296429825,1,2
3.1155669455548365,0.4557666673704325,1,2
3.0226262194932914,0.23607952100952503,1,2
3.5848186544992693,0.867787508630084,1,2
4.9255977773183215,0.368412983667411,1,2
3.7578035878505838,0.9894935919118412,1,2
3.693562190427421,0.9952617060793372,1,2
3.6339345345050935,0.952360581073669,1,2
3.373898804786189,0.7218877567390231,1,2
3.011584989148596,0.15033085077668845,1,2
4.828687366542934,0.658511194923437,1,2
3.082380187950828,0.007284101935356932,1,2
3.384084042269637,0.7598724528111099,1,2
4.047483119639787,0.9320862835818461,1,2
4.053127571842557,1.0088934434625134,1,2
3.0990896286269027,-0.040601026684593984,1,2
3.309583886217996,0.6745257125585686,1,2
4.66466306815856,0.7658753623569184,1,2
3.4400673127681825,0.7611171626442351,1,2
3.3668408746722593,0.6453018117036439,1,2
4.339631838210838,0.8925345009852251,1,2
4.260194347311392,1.005376290206583,1,2
3.136458126541475,0.625091325059969,1,2
3.5866788010695045,0.8577880033925253,1,2
4.260913754117452,0.9326054282019067,1,2
4.967498753278733,0.4544214481454153,1,2
5.046799174015994,0.18011861732039008,1,2
4.493861272413741,0.8593094307720844,1,2
2.9705486301114443,0.009375552298312488,1,2
4.876004152131107,0.42613394784431835,1,2
4.637608966409681,0.8254125216022237,1,2
3.5984357180972313,0.8165426656934835,1,2
4.040084146631852,0.9714448094213274,1,2
3.722040756842352,1.0286541910247868,1,2
4.981986705483156,0.2670293326736063,1,2
5.087509976555413,0.04375671133118682,1,2
3.4605757342735832,0.7664914852608554,1,2
3.4487038457593764,0.8826265104252563,1,2
3.034661749597257,0.1789454932929465,1,2
4.998164310968873,0.2164966819737342,1,2
4.967581192871244,0.1674674984914969,1,2
4.18528815311442,1.0496910377743496,1,2
4.34563646783943,0.9728541528373591,1,2
3.4799374193533996,0.8931880707864593,1,2
5.012853966119492,0.029465956171557988,1,2
4.375253609414068,0.9537140769604843,1,2
3.6117974571480875,1.0374858334770083,1,2
4.80650965750091,0.7226740159027809,1,2
3.0493783938544574,0.3922355866186905,1,2
4.962949932617442,0.4749728652333638,1,2
4.928178363466162,0.441846271673797,1,2
3.879206536827452,1.0125637198792687,1,2
4.927900933821726,0.4593450358638575,1,2
3.1218705192919582,0.605640479730254,1,2
3.533965447185328,0.9107940636281776,1,2
4.959854760564221,0.01785388719359586,1,2
3.048005319075385,0.27410981756835184,1,2
4.889843663132966,0.5038333552077577,1,2
3.892532149553306,1.0206425110383304,1,2
3.454200595154032,0.8407084149111261,1,2
3.2907440043722525,0.7000376304130725,1,2
3.304055476254526,0.6420506891671954,1,2
3.0332041748240393,0.004883933733048386,1,2
4.765154284810942,0.6988473764149679,1,2
4.041964358704602,1.0226217899943728,1,2
4.931494307975173,0.20351931931804346,1,2
4.325079709044465,0.9639785446425321,1,2
4.924738616457977,0.45560484949814084,1,2
4.152350909779511,1.0131968543991803,1,2
3.763474019158024,0.9710435287885352,1,2
4.288044339732564,0.9932291355359535,1,2
3.347600731538246,0.8531919997908746,1,2
3.0487019185147877,0.3244471130378394,1,2
4.229583950759814,0.9773646970897695,1,2
3.0983978954559968,0.25034315760119613,1,2
3.452108389385713,0.7464152312408232,1,2
3.0631552172350087,0.1424986937123538,1,2
3.0921390602351932,0.5098904719734667,1,2
4.959537814273358,0.028879374506168877,1,2
4.533955948865108,0.7981273131858494,1,2
3.1608266352041374,0.4396666098985431,1,2
2.931412379035981,0.07267437177451369,1,2
3.1563223100947737,0.5223149863127989,1,2
3.603162311435625,0.7705942625598919,1,2
2.993646279545346,0.3354378683085143,1,2
3.1555144485696385,0.3242285609034321,1,2
4.1429251705556185,0.9115123363221448,1,2
3.4299798817042526,0.7909478758543164,1,2
4.364380911914754,0.9833737188823278,1,2
4.925011068099896,0.4302512501908781,1,2
4.7044260330076195,0.7989226098393425,1,2
3.6846541861755053,0.9490554440705049,1,2
3.513131041447743,0.7703485414808247,1,2
3.099497991565487,0.07298159439471733,1,2
4.744945832479375,0.7078223296189133,1,2
3.7515355850624994,0.8845639326784839,1,2
5.064363249617793,-0.03674552072388997,1,2
3.6138948120071848,0.9363076866507517,1,2
3.068448985144091,0.0994494559895311,1,2
3.139956550929218,0.4674170060188141,1,2
4.555756319889884,0.9385110390286734,1,2
4.759272338865444,0.6815114340126481,1,2
3.167648828028539,0.6421184651234796,1,2
3.1042640026185078,0.44154772139454257,1,2
4.850774360436469,0.571851929992048,1,2
4.479292846591621,1.01433226967749,1,2
3.8258793278653243,0.9264541655421089,1,2
4.932239288531804,0.5072156999570544,1,2
3.784654559811956,0.9320171181555849,1,2
4.6673534471209805,0.765846606131384,1,2
3.6797897939875446,0.9539462745602485,1,2
3.226740970017075,0.439492714268857,1,2
3.640623943699554,0.8255152924019483,1,2
4.627882570015677,0.717050230699137,1,2
3.1540987064992674,0.4994334683965428,1,2
4.660721977106529,0.7625012604658197,1,2
3.0589794544905726,0.32170701622630016,1,2
4.575999547502176,0.887706950325268,1,2
4.969117961939684,0.13088286445288597,1,2
4.390761744502757,0.9728034344433351,1,2
3.230145571268497,0.5632723591391211,1,2
4.56535204377564,0.8758606756143166,1,2
4.654967743959961,0.7948343213229538,1,2
4.4794373942300725,0.9445576042501078,1,2
5.065853784888966,0.0677453838688456,1,2
2.9874766640025165,0.11417567582262482,1,2
4.882549998468933,0.5092356472357061,1,2
4.2337271901963645,0.9823731466909509,1,2
4.6170878479286435,0.8177573819797911,1,2
4.116989203414676,0.9456267425872341,1,2
4.248192519893047,0.985501974923304,1,2
4.726416149493293,0.6989704640420543,1,2
4.398720737573657,0.915544418207169,1,2
4.976832493460069,0.23472335199424224,1,2
4.83087559017461,0.5973529776217953,1,2
4.899920788205395,0.3909265265004409,1,2
3.233185265309397,0.6722924279598369,1,2
3.0496484096914607,0.34075838472143666,1,2
5.087141879507563,0.13469184867095194,1,2
3.102302783982264,0.2382146970526554,1,2
3.4113455632235326,0.9517795979001498,1,2
4.9273857891651955,0.31359150938324615,1,2
4.004099412270498,0.9397949553902923,1,2
3.031692644589689,0.32469793364884003,1,2
5.036163153454523,0.19918801224063537,1,2
3.0550624056096805,0.07782114468558568,1,2
3.0741932158849354,0.3372709972657454,1,2
3.398052314903785,0.7965253008349386,1,2
4.882124204378382,0.4772883334123352,1,2
4.979429935975154,0.33927881802500365,1,2
3.927319957453564,1.0555416435788973,1,2
3.7538716645040413,0.9500045280851553,1,2
3.4112939561745272,0.7213348770226666,1,2
3.4587660967038856,0.8525040796958357,1,2
3.045398187168036,0.2693533426586962,1,2
3.932457646984586,1.0739092227180786,1,2
5.072582681907636,0.1051489326854959,1,2
4.407747124271822,0.9290136591624826,1,2
3.3872431999961803,0.7238574189589927,1,2
4.233182415971615,0.9934997453960699,1,2
4.528976318936225,0.9315553481927829,1,2
3.254205982874506,0.544311717977997,1,2
4.580930193092939,0.8915231978162554,1,2
4.1626091414507,1.0537270620795822,1,2
3.296588476549559,0.7276645708345509,1,2
3.1719142328731205,0.5197716874164034,1,2
4.972991081972882,0.40288022527174744,1,2
4.859977925170372,0.6317714989594121,1,2
3.238778893276612,0.578121385928969,1,2
4.845237885733542,0.6817100559603938,1,2
4.718960400412074,0.602352350311978,1,2
3.145761088047568,0.4526083586914133,1,2
3.1023544005766537,0.2782880324340885,1,2
3.1094824890583257,0.6096430647478994,1,2
4.95909425048084,0.509818914109573,1,2
4.894283825249148,0.4896726930570929,1,2
3.6307947782946512,0.8405416554908718,1,2
4.91547259859753,0.5919600470221493,1,2
4.897069900598264,0.10924503343914722,1,2
3.2195435114519664,0.559661595179487,1,2
5.025727117735228,0.19915064453773526,1,2
5.012881063114559,0.2901899106002602,1,2
3.651358620253797,0.82350138780635,1,2
4.517025241039919,0.8811995104489155,1,2
3.0955948513299143,-0.0026199730601336266,1,2
4.820032509318344,0.6273754137551937,1,2
3.0471131881581828,0.45209713956439024,1,2
4.524892146147376,0.8906354373500319,1,2
3.079057645447884,0.35947799638202405,1,2
3.1619899846158095,0.5686159968568669,1,2
4.523912746306763,0.9365310458982259,1,2
3.2626904161223997,0.5540764057933456,1,2
3.251163481059915,0.6209591838506415,1,2
3.9960265443237546,0.9423341023576534,1,2
3.5378313482090564,0.8629537052218356,1,2
5.068809613010242,0.09913384146619357,1,2
3.5806416009205404,0.861804124497599,1,2
4.154895337923234,1.0134025094685868,1,2
4.400908889214317,1.0238436707072753,1,2
4.988147338859025,0.1223014150437775,1,2
3.395429251518534,0.7564191790890565,1,2
3.483931500488453,0.8496420275164502,1,2
3.1473683769970355,0.5057299257128748,1,2
4.304315882328908,1.0579533031401507,1,2
4.836038983651896,0.5563107155071795,1,2
4.915533918472134,0.41221059458806253,1,2
3.787192967709051,0.9509819363304264,1,2
3.0484094383763667,0.402648582285326,1,2
4.590972862277326,0.8466241570008279,1,2
4.944596102498981,0.4532358091802571,1,2
3.0974677505489314,0.3715828859500071,1,2
4.3670609547127555,0.9257037629236954,1,2
3.9551183134803223,1.0161241267627343,1,2
4.188509452812148,0.9679831533207046,1,2
2.9494591827359375,0.08551006422360004,1,2
4.79702655928635,0.7401986887743578,1,2
4.781355688364333,0.6912617761978903,1,2
4.769835330016603,0.6912719677427132,1,2
3.024187095416037,0.13717432461280588,1,2
4.964466739152452,0.293046936035356,1,2
3.380856937619769,0.7303787147472682,1,2
3.9351892010302874,0.9909734747559312,1,2
5.053938328216608,0.3571915030054305,1,2
3.3924383604837125,0.7973631230391343,1,2
4.3762080439188615,0.9283639175083588,1,2
4.0436482244556435,1.0139295286001617,1,2
3.084471428791978,0.24754094272197763,1,2
3.6971599491906604,0.8297071581830998,1,2
3.4684999592496992,0.88824784151029,1,2
4.601225779534172,0.7858833180860436,1,2
4.715447149618051,0.6022763776161989,1,2
4.9130844426764275,0.3718083436833463,1,2
3.4265243265694467,0.8563632726474141,1,2
4.683065312204627,0.7400800529100179,1,2
3.1144998482412776,0.12549582962539463,1,2
3.209765534753821,0.6150166980415612,1,2
3.6775167784224942,0.9537314208270358,1,2
4.934193429979713,0.12562704192371885,1,2
3.214885479452477,0.5798832810346423,1,2
5.016704995463385,0.2919937556919383,1,2
4.502817999729549,0.8888324350466479,1,2
4.057095612321648,0.952470434606834,1,2
4.636785113735176,0.8053072035989765,1,2
3.8212163618280077,0.9399710154775853,1,2
5.084928588876963,0.06362642722102937,1,2
4.756580413591971,0.7620088082285006,1,2
3.642509788674246,0.9083481282905073,1,2
4.040240492544132,0.9669339876079467,1,2
4.4214207395710545,0.9888299620492754,1,2
4.800555573627651,0.6944938807177057,1,2
4.535575342482431,0.8881890939896832,1,2
3.7638538912827078,0.9593959903064364,1,2
5.112824758071962,0.2848873018568047,1,2
4.566161602567263,0.7247797916248883,1,2
4.535090575763199,0.8183366714816989,1,2
4.988359258531797,0.06709165073838032,1,2
5.047053931442267,0.26874213756713305,1,2
3.050468235778622,0.011223732396861794,1,2
3.8278688328956845,1.0316484357431759,1,2
4.233348197155069,0.9790536541271544,1,2
5.063378837468992,0.23952636533842916,1,2
3.120608055070937,0.3497625223408625,1,2
3.336494591216402,0.6407765418269316,1,2
4.122443131930957,0.9763388133908357,1,2
5.087206106975491,0.20629588358405002,1,2
3.3934724102881706,0.7660736707702512,1,2
3.114737469525956,0.1010531804177125,1,2
4.514399400283061,0.9152903776989848,1,2
4.470617368861341,0.8174046370931856,1,2
4.693436678541147,0.8564215169827514,1,2
4.806218644299072,0.6352561134416187,1,2
4.11492327849297,1.0497410572208679,1,2
4.890672041725457,0.5447934084827437,1,2
3.0748720998169685,0.5351946118904838,1,2
3.2568935513833206,0.4595313536126999,1,2
4.680191725952337,0.6633019568604016,1,2
4.978318123965177,0.3389677681314225,1,2
4.631268171233011,0.8589967160940021,1,2
3.1383154987120334,0.49395016022302285,1,2
4.311699309271162,0.905401424075449,1,2
4.973804260879063,0.007092961807579082,1,2
5.060641308168007,0.13347628461694513,1,2
3.073012314982009,0.23619407435686118,1,2
4.030704764502022,1.0447304829420934,1,2
3.8056883908720076,1.0001769556335662,1,2
3.926254837538225,1.0405634438955484,1,2
3.7428595899091337,0.9751431235666935,1,2
3.190712065407718,0.5622571965501586,1,2
4.551998481305548,0.7679885906434997,1,2
3.098832481726779,0.05897545247341297,1,2
4.632834221368483,0.8490873977683159,1,2
4.761276958085253,0.8047207889589721,1,2
3.4122833846616754,0.7796026034672046,1,2
3.0369393336893955,0.26754334219326603,1,2
3.6062643318708654,0.924924136104976,1,2
4.448431488590063,0.8914539231095208,1,2
4.787854588412655,0.7583960871301029,1,2
4.618511050675209,0.7823095355684584,1,2
4.353135491077731,0.9184490407965745,1,2
3.854995127493331,1.0132329261188513,1,2
3.7445260095417945,0.9517602430233854,1,2
3.298929001072736,0.5838573081607782,1,2
4.7484271948428765,0.6988846386900802,1,2
4.436621811780236,0.8781521803158315,1,2
4.282855551658918,0.9174454116809432,1,2
3.154633424179021,0.34317618912624265,1,2
4.052432318016461,1.034794048641326,1,2
3.1608352971442577,0.5362047491056425,1,2
4.835455391917868,0.66125328425766,1,2
3.16362510602504,0.6125423024649467,1,2
4.137321383210248,0.9802163157294758,1,2
3.2693983794713333,0.6907147631176219,1,2
3.9543039664189155,0.9531165518236112,1,2
3.051307359284711,0.41001836066068875,1,2
3.048488619759552,0.004652055868909304,1,2
4.777768860909005,0.6551194038774679,1,2
4.006472463614971,0.9947812869407875,1,2
3.3167917951128354,0.7367757629916575,1,2
4.190385766969939,1.0747219512919652,1,2
3.6796150702876522,0.8426179619616073,1,2
3.200676873678796,0.5240496559285501,1,2
3.330685051824274,0.718934130013812,1,2
3.9737547532886275,0.8666280370406515,1,2
3.93585250914109,0.9899555869779699,1,2
3.375971398855237,0.6631002553563234,1,2
3.2950302675570624,0.7397758587210745,1,2
4.186113922362554,0.9967524765686744,1,2
3.1019914311693086,0.10159623822021915,1,2
3.4956468654773025,0.8512914999877094,1,2
4.885192888284222,0.4181767970733139,1,2
4.101849144611648,1.0298817385520407,1,2
4.579474757764963,0.8712548832350971,1,2
4.987468754270428,0.22980460025990193,1,2
4.627404387167482,0.7826122428257578,1,2
4.872689952912726,0.5651412799070576,1,2
4.099253392799136,1.026816561161334,1,2
3.079745563569177,0.1829189720690934,1,2
4.340032028827521,0.8992626732748483,1,2
3.2218105222729974,0.5696317575774928,1,2
3.2296553992925694,0.5552874891305406,1,2
4.203433502434935,0.9008222562513402,1,2
4.970622311044525,-0.05498257762065896,1,2
4.77675865134003,0.6777489151718835,1,2
3.2752657807339016,0.5323517097321465,1,2
5.015136162892254,0.2253268053322805,1,2
4.990383556229559,0.14879379507579316,1,2
4.408047550222204,0.9333919037100045,1,2
4.678969067387281,0.7949502064180195,1,2
5.075584616245884,0.2061980698699697,1,2
4.166078133365582,1.045099959603982,1,2
3.011482693563685,-0.020414328454609262,1,2
3.2779670711701208,0.6390572981450053,1,2
3.746627450741064,0.9333161402422115,1,2
3.226248744169647,0.5291682973157141,1,2
3.207422262295373,0.5688352326721352,1,2
3.0151517605136613,-0.05047730941467041,1,2
4.756861845046139,0.6775605785555954,1,2
4.933004255905058,0.39192999197460315,1,2
3.1437507860804037,0.19452518014587553,1,2
4.759060593252245,0.7266915290237455,1,2
5.0121583716753095,0.4418917406497507,1,2
5.088636428059569,0.1342348865555803,1,2
4.572256452540687,0.8655180578975504,1,2
4.979804937582703,0.2761789058580983,1,2
2.974160224631082,-0.01705441664861696,1,2
3.363122010333184,0.7325257918980794,1,2
4.453236070494141,0.9279765263168213,1,2
4.2702026496858,0.9511044577331956,1,2
4.982018623386637,0.344303422286615,1,2
3.5243678303514283,0.9180462031788715,1,2
3.7057693357461075,0.945257094106218,1,2
4.0475302880889,1.0404483010061818,1,2
3.1222055832298974,0.33369917527554266,1,2
3.0797561538635536,0.24149665784368612,1,2
3.8814253114541075,0.9848957397860001,1,2
4.303584788838406,1.0003422289697628,1,2
4.657603958471211,0.8158800591916902,1,2
3.291882062121342,0.6359107992573945,1,2
3.124627703364612,0.11955831614046483,1,2
4.761073354235217,0.6178248779350897,1,2
3.2363776205592343,0.723566646982552,1,2
4.982712420826669,-0.07676642286508525,1,2
4.918344976552172,0.5024329383266082,1,2
4.3104873019783,0.9702952661304376,1,2
5.02518874643566,0.1717890736536283,1,2
3.060387542376775,0.48423409928227584,1,2
3.1107897340197472,0.20270900200568004,1,2
3.3579571354863966,0.7567035860284822,1,2
4.9616849638290095,0.5783206702822696,1,2
3.4607921412397236,0.9301751369119973,1,2
3.4669856648936612,0.8495053023268582,1,2
4.048414123766048,0.9915220663397655,1,2
5.050624687683702,0.09123679877099287,1,2
3.557086974257927,0.8942218899566153,1,2
3.277406249594703,0.643792767861709,1,2
3.969145513054757,1.0535936428713195,1,2
4.580337994122772,0.8163120857164957,1,2
3.062994779076374,0.11692291853621228,1,2
4.069804204815151,0.9681850055625798,1,2
4.516965279685572,0.8908023308240709,1,2
3.0764550115456295,0.15973674583121883,1,2
5.011871982710616,0.35626734597179077,1,2
3.063109081554737,0.1379387515057112,1,2
4.029192249477682,1.008121644708765,1,2
4.994700021539007,0.14832545170674544,1,2
3.5985370315382657,0.8652922240987655,1,2
3.074667617483201,0.16618991500334923,1,2
4.465029661779146,0.8720473790292391,1,2
3.9245284343116027,0.9627746232001045,1,2
4.340900903842158,0.8647710523126371,1,2
3.320218817009601,0.6581196686990107,1,2
3.111142332171331,0.5160844279669388,1,2
3.060296906872667,0.09269477750950172,1,2
3.49164298237397,0.8399209148346867,1,2
3.6229612369946675,0.950890691176492,1,2
4.669647172950927,0.7672789717451685,1,2
4.811129470552683,0.5693084514974619,1,2
3.346412933014217,0.6406910264205575,1,2
4.8209713929783415,0.5507458266987093,1,2
3.0639709386023264,0.22562358315680073,1,2
3.5159050578635958,0.8393728919656983,1,2
4.265416645138392,0.9973794456364957,1,2
2.9550444712190496,0.276910915007692,1,2
4.828832521292458,0.573684335533575,1,2
5.030250494017059,0.06072464380436819,1,2
4.9673369315160585,0.5432224447970733,1,2
4.836200021680254,0.5730642907156376,1,2
3.8926531480469837,0.952210602813155,1,2
3.0945863847045465,0.32789359847521676,1,2
4.832339173581851,0.6077717126326211,1,2
